[{"id":33572,"message":"Qualitative Alert for Product Family :PENICILLIN G Assigned for Review","type":"Assigned To Change","user":{"id":8877,"username":"bhagya","fullName":"bhagya"},"createdOn":"2019-11-16T15:43:55Z","level":null,"executedConfigId":null,"detailUrl":null},{"id":33526,"message":"New Action Item Created for VOLTAREN","type":"Action Creation","user":{"id":8877,"username":"bhagya","fullName":"bhagya"},"createdOn":"2019-11-15T09:11:56Z","level":null,"executedConfigId":null,"detailUrl":null},{"id":33504,"message":"\"PERF_QUANTI_31\" completed.","type":"Quantitative Alert Execution","user":{"id":8877,"username":"bhagya","fullName":"bhagya"},"createdOn":"2019-11-14T16:57:43Z","level":"Information","executedConfigId":85,"detailUrl":"aga_reportRedirectURL"},{"id":33502,"message":"\"PERF_QUAL_41\" completed.","type":"Qualitative Alert Execution","user":{"id":8877,"username":"bhagya","fullName":"bhagya"},"createdOn":"2019-11-14T16:48:38Z","level":"Information","executedConfigId":84,"detailUrl":"sca_reportRedirectURL"},{"id":33145,"message":"Qualitative Alert for Product Family :PENICILLIN G Assigned for Review","type":"Assigned To Change","user":{"id":8877,"username":"bhagya","fullName":"bhagya"},"createdOn":"2019-11-14T10:14:36Z","level":null,"executedConfigId":null,"detailUrl":null},{"id":33140,"message":"Qualitative Alert for Product Family :PENICILLIN G Assigned for Review","type":"Assigned To Change","user":{"id":8877,"username":"bhagya","fullName":"bhagya"},"createdOn":"2019-11-14T10:14:36Z","level":null,"executedConfigId":null,"detailUrl":null},{"id":33135,"message":"Qualitative Alert for Product Family :PENICILLIN G Assigned for Review","type":"Assigned To Change","user":{"id":8877,"username":"bhagya","fullName":"bhagya"},"createdOn":"2019-11-14T10:14:35Z","level":null,"executedConfigId":null,"detailUrl":null},{"id":33130,"message":"Qualitative Alert for Product Family :PENICILLIN G Assigned for Review","type":"Assigned To Change","user":{"id":8877,"username":"bhagya","fullName":"bhagya"},"createdOn":"2019-11-14T10:14:35Z","level":null,"executedConfigId":null,"detailUrl":null},{"id":33125,"message":"Qualitative Alert for Product Family :PENICILLIN G Assigned for Review","type":"Assigned To Change","user":{"id":8877,"username":"bhagya","fullName":"bhagya"},"createdOn":"2019-11-14T10:14:35Z","level":null,"executedConfigId":null,"detailUrl":null},{"id":33120,"message":"Qualitative Alert for Product Family :PENICILLIN G Assigned for Review","type":"Assigned To Change","user":{"id":8877,"username":"bhagya","fullName":"bhagya"},"createdOn":"2019-11-14T10:14:35Z","level":null,"executedConfigId":null,"detailUrl":null},{"id":33115,"message":"Qualitative Alert for Product Family :PENICILLIN G Assigned for Review","type":"Assigned To Change","user":{"id":8877,"username":"bhagya","fullName":"bhagya"},"createdOn":"2019-11-14T10:14:34Z","level":null,"executedConfigId":null,"detailUrl":null},{"id":33110,"message":"Qualitative Alert for Product Family :PENICILLIN G Assigned for Review","type":"Assigned To Change","user":{"id":8877,"username":"bhagya","fullName":"bhagya"},"createdOn":"2019-11-14T10:14:34Z","level":null,"executedConfigId":null,"detailUrl":null},{"id":33105,"message":"Qualitative Alert for Product Family :PENICILLIN G Assigned for Review","type":"Assigned To Change","user":{"id":8877,"username":"bhagya","fullName":"bhagya"},"createdOn":"2019-11-14T10:14:34Z","level":null,"executedConfigId":null,"detailUrl":null},{"id":33100,"message":"Qualitative Alert for Product Family :PENICILLIN G Assigned for Review","type":"Assigned To Change","user":{"id":8877,"username":"bhagya","fullName":"bhagya"},"createdOn":"2019-11-14T10:14:33Z","level":null,"executedConfigId":null,"detailUrl":null},{"id":33095,"message":"Qualitative Alert for Product Family :PENICILLIN G Assigned for Review","type":"Assigned To Change","user":{"id":8877,"username":"bhagya","fullName":"bhagya"},"createdOn":"2019-11-14T10:14:33Z","level":null,"executedConfigId":null,"detailUrl":null},{"id":33090,"message":"Qualitative Alert for Product Family :PENICILLIN G Assigned for Review","type":"Assigned To Change","user":{"id":8877,"username":"bhagya","fullName":"bhagya"},"createdOn":"2019-11-14T10:14:33Z","level":null,"executedConfigId":null,"detailUrl":null},{"id":33085,"message":"Qualitative Alert for Product Family :PENICILLIN G Assigned for Review","type":"Assigned To Change","user":{"id":8877,"username":"bhagya","fullName":"bhagya"},"createdOn":"2019-11-14T10:14:33Z","level":null,"executedConfigId":null,"detailUrl":null},{"id":33080,"message":"Qualitative Alert for Product Family :PENICILLIN G Assigned for Review","type":"Assigned To Change","user":{"id":8877,"username":"bhagya","fullName":"bhagya"},"createdOn":"2019-11-14T10:14:32Z","level":null,"executedConfigId":null,"detailUrl":null},{"id":33075,"message":"Qualitative Alert for Product Family :PENICILLIN G Assigned for Review","type":"Assigned To Change","user":{"id":8877,"username":"bhagya","fullName":"bhagya"},"createdOn":"2019-11-14T10:14:32Z","level":null,"executedConfigId":null,"detailUrl":null},{"id":33070,"message":"Qualitative Alert for Product Family :PENICILLIN G Assigned for Review","type":"Assigned To Change","user":{"id":8877,"username":"bhagya","fullName":"bhagya"},"createdOn":"2019-11-14T10:14:32Z","level":null,"executedConfigId":null,"detailUrl":null},{"id":33065,"message":"Qualitative Alert for Product Family :PENICILLIN G Assigned for Review","type":"Assigned To Change","user":{"id":8877,"username":"bhagya","fullName":"bhagya"},"createdOn":"2019-11-14T10:14:32Z","level":null,"executedConfigId":null,"detailUrl":null},{"id":33060,"message":"Qualitative Alert for Product Family :PENICILLIN G Assigned for Review","type":"Assigned To Change","user":{"id":8877,"username":"bhagya","fullName":"bhagya"},"createdOn":"2019-11-14T10:14:31Z","level":null,"executedConfigId":null,"detailUrl":null},{"id":33055,"message":"Qualitative Alert for Product Family :PENICILLIN G Assigned for Review","type":"Assigned To Change","user":{"id":8877,"username":"bhagya","fullName":"bhagya"},"createdOn":"2019-11-14T10:14:31Z","level":null,"executedConfigId":null,"detailUrl":null},{"id":33050,"message":"Qualitative Alert for Product Family :PENICILLIN G Assigned for Review","type":"Assigned To Change","user":{"id":8877,"username":"bhagya","fullName":"bhagya"},"createdOn":"2019-11-14T10:14:31Z","level":null,"executedConfigId":null,"detailUrl":null},{"id":33045,"message":"Qualitative Alert for Product Family :PENICILLIN G Assigned for Review","type":"Assigned To Change","user":{"id":8877,"username":"bhagya","fullName":"bhagya"},"createdOn":"2019-11-14T10:14:31Z","level":null,"executedConfigId":null,"detailUrl":null},{"id":33040,"message":"Qualitative Alert for Product Family :PENICILLIN G Assigned for Review","type":"Assigned To Change","user":{"id":8877,"username":"bhagya","fullName":"bhagya"},"createdOn":"2019-11-14T10:14:30Z","level":null,"executedConfigId":null,"detailUrl":null},{"id":33035,"message":"Qualitative Alert for Product Family :PENICILLIN G Assigned for Review","type":"Assigned To Change","user":{"id":8877,"username":"bhagya","fullName":"bhagya"},"createdOn":"2019-11-14T10:14:30Z","level":null,"executedConfigId":null,"detailUrl":null},{"id":33030,"message":"Qualitative Alert for Product Family :PENICILLIN G Assigned for Review","type":"Assigned To Change","user":{"id":8877,"username":"bhagya","fullName":"bhagya"},"createdOn":"2019-11-14T10:14:30Z","level":null,"executedConfigId":null,"detailUrl":null},{"id":33025,"message":"Qualitative Alert for Product Family :PENICILLIN G Assigned for Review","type":"Assigned To Change","user":{"id":8877,"username":"bhagya","fullName":"bhagya"},"createdOn":"2019-11-14T10:14:30Z","level":null,"executedConfigId":null,"detailUrl":null},{"id":33020,"message":"Qualitative Alert for Product Family :PENICILLIN G Assigned for Review","type":"Assigned To Change","user":{"id":8877,"username":"bhagya","fullName":"bhagya"},"createdOn":"2019-11-14T10:14:29Z","level":null,"executedConfigId":null,"detailUrl":null},{"id":33015,"message":"Qualitative Alert for Product Family :PENICILLIN G Assigned for Review","type":"Assigned To Change","user":{"id":8877,"username":"bhagya","fullName":"bhagya"},"createdOn":"2019-11-14T10:14:29Z","level":null,"executedConfigId":null,"detailUrl":null},{"id":33010,"message":"Qualitative Alert for Product Family :PENICILLIN G Assigned for Review","type":"Assigned To Change","user":{"id":8877,"username":"bhagya","fullName":"bhagya"},"createdOn":"2019-11-14T10:14:29Z","level":null,"executedConfigId":null,"detailUrl":null},{"id":33005,"message":"Qualitative Alert for Product Family :PENICILLIN G Assigned for Review","type":"Assigned To Change","user":{"id":8877,"username":"bhagya","fullName":"bhagya"},"createdOn":"2019-11-14T10:14:29Z","level":null,"executedConfigId":null,"detailUrl":null},{"id":33000,"message":"Qualitative Alert for Product Family :PENICILLIN G Assigned for Review","type":"Assigned To Change","user":{"id":8877,"username":"bhagya","fullName":"bhagya"},"createdOn":"2019-11-14T10:14:28Z","level":null,"executedConfigId":null,"detailUrl":null},{"id":32995,"message":"Qualitative Alert for Product Family :PENICILLIN G Assigned for Review","type":"Assigned To Change","user":{"id":8877,"username":"bhagya","fullName":"bhagya"},"createdOn":"2019-11-14T10:14:28Z","level":null,"executedConfigId":null,"detailUrl":null},{"id":32990,"message":"Qualitative Alert for Product Family :PENICILLIN G Assigned for Review","type":"Assigned To Change","user":{"id":8877,"username":"bhagya","fullName":"bhagya"},"createdOn":"2019-11-14T10:14:28Z","level":null,"executedConfigId":null,"detailUrl":null},{"id":32985,"message":"Qualitative Alert for Product Family :PENICILLIN G Assigned for Review","type":"Assigned To Change","user":{"id":8877,"username":"bhagya","fullName":"bhagya"},"createdOn":"2019-11-14T10:14:28Z","level":null,"executedConfigId":null,"detailUrl":null},{"id":32980,"message":"Qualitative Alert for Product Family :PENICILLIN G Assigned for Review","type":"Assigned To Change","user":{"id":8877,"username":"bhagya","fullName":"bhagya"},"createdOn":"2019-11-14T10:14:27Z","level":null,"executedConfigId":null,"detailUrl":null},{"id":32975,"message":"Qualitative Alert for Product Family :PENICILLIN G Assigned for Review","type":"Assigned To Change","user":{"id":8877,"username":"bhagya","fullName":"bhagya"},"createdOn":"2019-11-14T10:14:27Z","level":null,"executedConfigId":null,"detailUrl":null},{"id":32970,"message":"Qualitative Alert for Product Family :PENICILLIN G Assigned for Review","type":"Assigned To Change","user":{"id":8877,"username":"bhagya","fullName":"bhagya"},"createdOn":"2019-11-14T10:14:27Z","level":null,"executedConfigId":null,"detailUrl":null},{"id":32965,"message":"Qualitative Alert for Product Family :PENICILLIN G Assigned for Review","type":"Assigned To Change","user":{"id":8877,"username":"bhagya","fullName":"bhagya"},"createdOn":"2019-11-14T10:14:27Z","level":null,"executedConfigId":null,"detailUrl":null},{"id":32960,"message":"Qualitative Alert for Product Family :PENICILLIN G Assigned for Review","type":"Assigned To Change","user":{"id":8877,"username":"bhagya","fullName":"bhagya"},"createdOn":"2019-11-14T10:14:26Z","level":null,"executedConfigId":null,"detailUrl":null},{"id":32955,"message":"Qualitative Alert for Product Family :PENICILLIN G Assigned for Review","type":"Assigned To Change","user":{"id":8877,"username":"bhagya","fullName":"bhagya"},"createdOn":"2019-11-14T10:14:26Z","level":null,"executedConfigId":null,"detailUrl":null},{"id":32950,"message":"Qualitative Alert for Product Family :PENICILLIN G Assigned for Review","type":"Assigned To Change","user":{"id":8877,"username":"bhagya","fullName":"bhagya"},"createdOn":"2019-11-14T10:14:26Z","level":null,"executedConfigId":null,"detailUrl":null},{"id":32945,"message":"Qualitative Alert for Product Family :PENICILLIN G Assigned for Review","type":"Assigned To Change","user":{"id":8877,"username":"bhagya","fullName":"bhagya"},"createdOn":"2019-11-14T10:14:26Z","level":null,"executedConfigId":null,"detailUrl":null},{"id":32940,"message":"Qualitative Alert for Product Family :PENICILLIN G Assigned for Review","type":"Assigned To Change","user":{"id":8877,"username":"bhagya","fullName":"bhagya"},"createdOn":"2019-11-14T10:14:26Z","level":null,"executedConfigId":null,"detailUrl":null},{"id":32935,"message":"Qualitative Alert for Product Family :PENICILLIN G Assigned for Review","type":"Assigned To Change","user":{"id":8877,"username":"bhagya","fullName":"bhagya"},"createdOn":"2019-11-14T10:14:25Z","level":null,"executedConfigId":null,"detailUrl":null},{"id":32930,"message":"Qualitative Alert for Product Family :PENICILLIN G Assigned for Review","type":"Assigned To Change","user":{"id":8877,"username":"bhagya","fullName":"bhagya"},"createdOn":"2019-11-14T10:14:25Z","level":null,"executedConfigId":null,"detailUrl":null},{"id":32925,"message":"Qualitative Alert for Product Family :PENICILLIN G Assigned for Review","type":"Assigned To Change","user":{"id":8877,"username":"bhagya","fullName":"bhagya"},"createdOn":"2019-11-14T10:14:25Z","level":null,"executedConfigId":null,"detailUrl":null},{"id":32920,"message":"Qualitative Alert for Product Family :PENICILLIN G Assigned for Review","type":"Assigned To Change","user":{"id":8877,"username":"bhagya","fullName":"bhagya"},"createdOn":"2019-11-14T10:14:25Z","level":null,"executedConfigId":null,"detailUrl":null},{"id":32915,"message":"Qualitative Alert for Product Family :PENICILLIN G Assigned for Review","type":"Assigned To Change","user":{"id":8877,"username":"bhagya","fullName":"bhagya"},"createdOn":"2019-11-14T10:14:24Z","level":null,"executedConfigId":null,"detailUrl":null},{"id":32910,"message":"Qualitative Alert for Product Family :PENICILLIN G Assigned for Review","type":"Assigned To Change","user":{"id":8877,"username":"bhagya","fullName":"bhagya"},"createdOn":"2019-11-14T10:14:24Z","level":null,"executedConfigId":null,"detailUrl":null},{"id":32905,"message":"Qualitative Alert for Product Family :PENICILLIN G Assigned for Review","type":"Assigned To Change","user":{"id":8877,"username":"bhagya","fullName":"bhagya"},"createdOn":"2019-11-14T10:14:24Z","level":null,"executedConfigId":null,"detailUrl":null},{"id":32900,"message":"Qualitative Alert for Product Family :PENICILLIN G Assigned for Review","type":"Assigned To Change","user":{"id":8877,"username":"bhagya","fullName":"bhagya"},"createdOn":"2019-11-14T10:14:24Z","level":null,"executedConfigId":null,"detailUrl":null},{"id":32893,"message":"Qualitative Alert for Product Family :PENICILLIN G Assigned for Review","type":"Assigned To Change","user":{"id":8877,"username":"bhagya","fullName":"bhagya"},"createdOn":"2019-11-14T10:12:08Z","level":null,"executedConfigId":null,"detailUrl":null},{"id":32888,"message":"Qualitative Alert for Product Family :PENICILLIN G Assigned for Review","type":"Assigned To Change","user":{"id":8877,"username":"bhagya","fullName":"bhagya"},"createdOn":"2019-11-14T10:12:08Z","level":null,"executedConfigId":null,"detailUrl":null},{"id":32883,"message":"Qualitative Alert for Product Family :PENICILLIN G Assigned for Review","type":"Assigned To Change","user":{"id":8877,"username":"bhagya","fullName":"bhagya"},"createdOn":"2019-11-14T10:12:07Z","level":null,"executedConfigId":null,"detailUrl":null},{"id":32878,"message":"Qualitative Alert for Product Family :PENICILLIN G Assigned for Review","type":"Assigned To Change","user":{"id":8877,"username":"bhagya","fullName":"bhagya"},"createdOn":"2019-11-14T10:12:07Z","level":null,"executedConfigId":null,"detailUrl":null},{"id":32873,"message":"Qualitative Alert for Product Family :PENICILLIN G Assigned for Review","type":"Assigned To Change","user":{"id":8877,"username":"bhagya","fullName":"bhagya"},"createdOn":"2019-11-14T10:12:07Z","level":null,"executedConfigId":null,"detailUrl":null},{"id":32868,"message":"Qualitative Alert for Product Family :PENICILLIN G Assigned for Review","type":"Assigned To Change","user":{"id":8877,"username":"bhagya","fullName":"bhagya"},"createdOn":"2019-11-14T10:12:07Z","level":null,"executedConfigId":null,"detailUrl":null},{"id":32863,"message":"Qualitative Alert for Product Family :PENICILLIN G Assigned for Review","type":"Assigned To Change","user":{"id":8877,"username":"bhagya","fullName":"bhagya"},"createdOn":"2019-11-14T10:12:06Z","level":null,"executedConfigId":null,"detailUrl":null},{"id":32858,"message":"Qualitative Alert for Product Family :PENICILLIN G Assigned for Review","type":"Assigned To Change","user":{"id":8877,"username":"bhagya","fullName":"bhagya"},"createdOn":"2019-11-14T10:12:06Z","level":null,"executedConfigId":null,"detailUrl":null},{"id":32853,"message":"Qualitative Alert for Product Family :PENICILLIN G Assigned for Review","type":"Assigned To Change","user":{"id":8877,"username":"bhagya","fullName":"bhagya"},"createdOn":"2019-11-14T10:12:06Z","level":null,"executedConfigId":null,"detailUrl":null},{"id":32848,"message":"Qualitative Alert for Product Family :PENICILLIN G Assigned for Review","type":"Assigned To Change","user":{"id":8877,"username":"bhagya","fullName":"bhagya"},"createdOn":"2019-11-14T10:12:06Z","level":null,"executedConfigId":null,"detailUrl":null},{"id":32843,"message":"Qualitative Alert for Product Family :PENICILLIN G Assigned for Review","type":"Assigned To Change","user":{"id":8877,"username":"bhagya","fullName":"bhagya"},"createdOn":"2019-11-14T10:12:05Z","level":null,"executedConfigId":null,"detailUrl":null},{"id":32838,"message":"Qualitative Alert for Product Family :PENICILLIN G Assigned for Review","type":"Assigned To Change","user":{"id":8877,"username":"bhagya","fullName":"bhagya"},"createdOn":"2019-11-14T10:12:05Z","level":null,"executedConfigId":null,"detailUrl":null},{"id":32833,"message":"Qualitative Alert for Product Family :PENICILLIN G Assigned for Review","type":"Assigned To Change","user":{"id":8877,"username":"bhagya","fullName":"bhagya"},"createdOn":"2019-11-14T10:12:05Z","level":null,"executedConfigId":null,"detailUrl":null},{"id":32828,"message":"Qualitative Alert for Product Family :PENICILLIN G Assigned for Review","type":"Assigned To Change","user":{"id":8877,"username":"bhagya","fullName":"bhagya"},"createdOn":"2019-11-14T10:12:05Z","level":null,"executedConfigId":null,"detailUrl":null},{"id":32823,"message":"Qualitative Alert for Product Family :PENICILLIN G Assigned for Review","type":"Assigned To Change","user":{"id":8877,"username":"bhagya","fullName":"bhagya"},"createdOn":"2019-11-14T10:12:04Z","level":null,"executedConfigId":null,"detailUrl":null},{"id":32818,"message":"Qualitative Alert for Product Family :PENICILLIN G Assigned for Review","type":"Assigned To Change","user":{"id":8877,"username":"bhagya","fullName":"bhagya"},"createdOn":"2019-11-14T10:12:04Z","level":null,"executedConfigId":null,"detailUrl":null},{"id":32813,"message":"Qualitative Alert for Product Family :PENICILLIN G Assigned for Review","type":"Assigned To Change","user":{"id":8877,"username":"bhagya","fullName":"bhagya"},"createdOn":"2019-11-14T10:12:04Z","level":null,"executedConfigId":null,"detailUrl":null},{"id":32808,"message":"Qualitative Alert for Product Family :PENICILLIN G Assigned for Review","type":"Assigned To Change","user":{"id":8877,"username":"bhagya","fullName":"bhagya"},"createdOn":"2019-11-14T10:12:04Z","level":null,"executedConfigId":null,"detailUrl":null},{"id":32803,"message":"Qualitative Alert for Product Family :PENICILLIN G Assigned for Review","type":"Assigned To Change","user":{"id":8877,"username":"bhagya","fullName":"bhagya"},"createdOn":"2019-11-14T10:12:03Z","level":null,"executedConfigId":null,"detailUrl":null},{"id":32798,"message":"Qualitative Alert for Product Family :PENICILLIN G Assigned for Review","type":"Assigned To Change","user":{"id":8877,"username":"bhagya","fullName":"bhagya"},"createdOn":"2019-11-14T10:12:03Z","level":null,"executedConfigId":null,"detailUrl":null},{"id":32793,"message":"Qualitative Alert for Product Family :PENICILLIN G Assigned for Review","type":"Assigned To Change","user":{"id":8877,"username":"bhagya","fullName":"bhagya"},"createdOn":"2019-11-14T10:12:03Z","level":null,"executedConfigId":null,"detailUrl":null},{"id":32788,"message":"Qualitative Alert for Product Family :PENICILLIN G Assigned for Review","type":"Assigned To Change","user":{"id":8877,"username":"bhagya","fullName":"bhagya"},"createdOn":"2019-11-14T10:12:03Z","level":null,"executedConfigId":null,"detailUrl":null},{"id":32783,"message":"Qualitative Alert for Product Family :PENICILLIN G Assigned for Review","type":"Assigned To Change","user":{"id":8877,"username":"bhagya","fullName":"bhagya"},"createdOn":"2019-11-14T10:12:03Z","level":null,"executedConfigId":null,"detailUrl":null},{"id":32778,"message":"Qualitative Alert for Product Family :PENICILLIN G Assigned for Review","type":"Assigned To Change","user":{"id":8877,"username":"bhagya","fullName":"bhagya"},"createdOn":"2019-11-14T10:12:02Z","level":null,"executedConfigId":null,"detailUrl":null},{"id":32773,"message":"Qualitative Alert for Product Family :PENICILLIN G Assigned for Review","type":"Assigned To Change","user":{"id":8877,"username":"bhagya","fullName":"bhagya"},"createdOn":"2019-11-14T10:12:02Z","level":null,"executedConfigId":null,"detailUrl":null},{"id":32768,"message":"Qualitative Alert for Product Family :PENICILLIN G Assigned for Review","type":"Assigned To Change","user":{"id":8877,"username":"bhagya","fullName":"bhagya"},"createdOn":"2019-11-14T10:12:02Z","level":null,"executedConfigId":null,"detailUrl":null},{"id":32763,"message":"Qualitative Alert for Product Family :PENICILLIN G Assigned for Review","type":"Assigned To Change","user":{"id":8877,"username":"bhagya","fullName":"bhagya"},"createdOn":"2019-11-14T10:12:02Z","level":null,"executedConfigId":null,"detailUrl":null},{"id":32758,"message":"Qualitative Alert for Product Family :PENICILLIN G Assigned for Review","type":"Assigned To Change","user":{"id":8877,"username":"bhagya","fullName":"bhagya"},"createdOn":"2019-11-14T10:12:01Z","level":null,"executedConfigId":null,"detailUrl":null},{"id":32753,"message":"Qualitative Alert for Product Family :PENICILLIN G Assigned for Review","type":"Assigned To Change","user":{"id":8877,"username":"bhagya","fullName":"bhagya"},"createdOn":"2019-11-14T10:12:01Z","level":null,"executedConfigId":null,"detailUrl":null},{"id":32748,"message":"Qualitative Alert for Product Family :PENICILLIN G Assigned for Review","type":"Assigned To Change","user":{"id":8877,"username":"bhagya","fullName":"bhagya"},"createdOn":"2019-11-14T10:12:01Z","level":null,"executedConfigId":null,"detailUrl":null},{"id":32743,"message":"Qualitative Alert for Product Family :PENICILLIN G Assigned for Review","type":"Assigned To Change","user":{"id":8877,"username":"bhagya","fullName":"bhagya"},"createdOn":"2019-11-14T10:12:01Z","level":null,"executedConfigId":null,"detailUrl":null},{"id":32738,"message":"Qualitative Alert for Product Family :PENICILLIN G Assigned for Review","type":"Assigned To Change","user":{"id":8877,"username":"bhagya","fullName":"bhagya"},"createdOn":"2019-11-14T10:12:01Z","level":null,"executedConfigId":null,"detailUrl":null},{"id":32733,"message":"Qualitative Alert for Product Family :PENICILLIN G Assigned for Review","type":"Assigned To Change","user":{"id":8877,"username":"bhagya","fullName":"bhagya"},"createdOn":"2019-11-14T10:12:00Z","level":null,"executedConfigId":null,"detailUrl":null},{"id":32728,"message":"Qualitative Alert for Product Family :PENICILLIN G Assigned for Review","type":"Assigned To Change","user":{"id":8877,"username":"bhagya","fullName":"bhagya"},"createdOn":"2019-11-14T10:12:00Z","level":null,"executedConfigId":null,"detailUrl":null},{"id":32723,"message":"Qualitative Alert for Product Family :PENICILLIN G Assigned for Review","type":"Assigned To Change","user":{"id":8877,"username":"bhagya","fullName":"bhagya"},"createdOn":"2019-11-14T10:12:00Z","level":null,"executedConfigId":null,"detailUrl":null},{"id":32718,"message":"Qualitative Alert for Product Family :PENICILLIN G Assigned for Review","type":"Assigned To Change","user":{"id":8877,"username":"bhagya","fullName":"bhagya"},"createdOn":"2019-11-14T10:12:00Z","level":null,"executedConfigId":null,"detailUrl":null},{"id":32713,"message":"Qualitative Alert for Product Family :PENICILLIN G Assigned for Review","type":"Assigned To Change","user":{"id":8877,"username":"bhagya","fullName":"bhagya"},"createdOn":"2019-11-14T10:12:00Z","level":null,"executedConfigId":null,"detailUrl":null},{"id":32708,"message":"Qualitative Alert for Product Family :PENICILLIN G Assigned for Review","type":"Assigned To Change","user":{"id":8877,"username":"bhagya","fullName":"bhagya"},"createdOn":"2019-11-14T10:11:59Z","level":null,"executedConfigId":null,"detailUrl":null},{"id":32703,"message":"Qualitative Alert for Product Family :PENICILLIN G Assigned for Review","type":"Assigned To Change","user":{"id":8877,"username":"bhagya","fullName":"bhagya"},"createdOn":"2019-11-14T10:11:59Z","level":null,"executedConfigId":null,"detailUrl":null},{"id":32698,"message":"Qualitative Alert for Product Family :PENICILLIN G Assigned for Review","type":"Assigned To Change","user":{"id":8877,"username":"bhagya","fullName":"bhagya"},"createdOn":"2019-11-14T10:11:59Z","level":null,"executedConfigId":null,"detailUrl":null},{"id":32693,"message":"Qualitative Alert for Product Family :PENICILLIN G Assigned for Review","type":"Assigned To Change","user":{"id":8877,"username":"bhagya","fullName":"bhagya"},"createdOn":"2019-11-14T10:11:59Z","level":null,"executedConfigId":null,"detailUrl":null},{"id":32688,"message":"Qualitative Alert for Product Family :PENICILLIN G Assigned for Review","type":"Assigned To Change","user":{"id":8877,"username":"bhagya","fullName":"bhagya"},"createdOn":"2019-11-14T10:11:59Z","level":null,"executedConfigId":null,"detailUrl":null},{"id":32683,"message":"Qualitative Alert for Product Family :PENICILLIN G Assigned for Review","type":"Assigned To Change","user":{"id":8877,"username":"bhagya","fullName":"bhagya"},"createdOn":"2019-11-14T10:11:58Z","level":null,"executedConfigId":null,"detailUrl":null},{"id":32678,"message":"Qualitative Alert for Product Family :PENICILLIN G Assigned for Review","type":"Assigned To Change","user":{"id":8877,"username":"bhagya","fullName":"bhagya"},"createdOn":"2019-11-14T10:11:58Z","level":null,"executedConfigId":null,"detailUrl":null},{"id":32673,"message":"Qualitative Alert for Product Family :PENICILLIN G Assigned for Review","type":"Assigned To Change","user":{"id":8877,"username":"bhagya","fullName":"bhagya"},"createdOn":"2019-11-14T10:11:58Z","level":null,"executedConfigId":null,"detailUrl":null},{"id":32668,"message":"Qualitative Alert for Product Family :PENICILLIN G Assigned for Review","type":"Assigned To Change","user":{"id":8877,"username":"bhagya","fullName":"bhagya"},"createdOn":"2019-11-14T10:11:58Z","level":null,"executedConfigId":null,"detailUrl":null}]