[{"id":10341,"message":"New Action Item Created for AMIODARONE","type":"Action Creation","user":{"id":8877,"username":"bhagya","fullName":"bhagya"},"createdOn":"2019-11-07T08:03:45Z","level":null,"executedConfigId":null,"detailUrl":null},{"id":10230,"message":"New Signal Created","type":"Signal Creation","user":{"id":8877,"username":"bhagya","fullName":"bhagya"},"createdOn":"2019-11-07T07:50:40Z","level":null,"executedConfigId":null,"detailUrl":null},{"id":10084,"message":"New Signal Created","type":"Signal Creation","user":{"id":8877,"username":"bhagya","fullName":"bhagya"},"createdOn":"2019-11-07T07:26:41Z","level":null,"executedConfigId":null,"detailUrl":null},{"id":10022,"message":"New Signal Created","type":"Signal Creation","user":{"id":8877,"username":"bhagya","fullName":"bhagya"},"createdOn":"2019-11-07T07:21:41Z","level":null,"executedConfigId":null,"detailUrl":null},{"id":9954,"message":"New Signal Created","type":"Signal Creation","user":{"id":8877,"username":"bhagya","fullName":"bhagya"},"createdOn":"2019-11-07T06:54:53Z","level":null,"executedConfigId":null,"detailUrl":null},{"id":9822,"message":"\"PERF_QUANTI_24\" completed.","type":"Quantitative Alert Execution","user":{"id":8877,"username":"bhagya","fullName":"bhagya"},"createdOn":"2019-11-07T06:48:37Z","level":"Information","executedConfigId":28,"detailUrl":"aga_reportRedirectURL"},{"id":9670,"message":"\"PERF_quant_13\" completed.","type":"Quantitative Alert Execution","user":{"id":8877,"username":"bhagya","fullName":"bhagya"},"createdOn":"2019-11-07T06:26:06Z","level":"Information","executedConfigId":27,"detailUrl":"aga_reportRedirectURL"},{"id":9452,"message":"\"PERF_QUAL_24\" completed.","type":"Qualitative Alert Execution","user":{"id":8877,"username":"bhagya","fullName":"bhagya"},"createdOn":"2019-11-07T05:50:00Z","level":"Information","executedConfigId":26,"detailUrl":"sca_reportRedirectURL"},{"id":9448,"message":"\"PERF_QUAL_23\" completed.","type":"Qualitative Alert Execution","user":{"id":8877,"username":"bhagya","fullName":"bhagya"},"createdOn":"2019-11-07T05:45:29Z","level":"Information","executedConfigId":25,"detailUrl":"sca_reportRedirectURL"},{"id":9207,"message":"\"PERF_QUAL_21\" completed.","type":"Qualitative Alert Execution","user":{"id":8877,"username":"bhagya","fullName":"bhagya"},"createdOn":"2019-11-07T05:22:19Z","level":"Information","executedConfigId":24,"detailUrl":"sca_reportRedirectURL"}]