[{"signalId":10171,"signalName":"Signal_Perf_Performance","productName":"AMIODARONE","eventName":"Electrocardiogram abnormal (PT)","noOfCases":0,"noOfPec":0,"priority":"Urgent","assignedTo":"bhagya","actions":1,"strategy":"-","topicCategory":"-","monitoringStatus":"Validated Observation","initialDataSource":"Event under Special Monitoring   FDA TEST","lastSubmitted":"-","disposition":"Validated Observation"},{"signalId":7895,"signalName":"PERF","productName":"ASPIRIN","eventName":"Renal failure (PT), Sinus headache (PT)","noOfCases":0,"noOfPec":0,"priority":"Urgent","assignedTo":"Signal Dev","actions":0,"strategy":"-","topicCategory":"-","monitoringStatus":"Validated Observation","initialDataSource":"Data mining - FAERS database","lastSubmitted":"-","disposition":"Validated Observation"},{"signalId":10025,"signalName":"test_signal","productName":"AMIODARONE","eventName":"Neurological symptom (PT)","noOfCases":0,"noOfPec":0,"priority":"Urgent","assignedTo":"bhagya","actions":0,"strategy":"-","topicCategory":"-","monitoringStatus":"Validated Observation","initialDataSource":"Data mining - FAERS database","lastSubmitted":"-","disposition":"Validated Observation"},{"signalId":9963,"signalName":"testd","productName":"PENICILLIN G","eventName":"Nephrotic syndrome (PT)","noOfCases":0,"noOfPec":0,"priority":"Urgent","assignedTo":"bhagya","actions":0,"strategy":"-","topicCategory":"-","monitoringStatus":"Validated Observation","initialDataSource":"Health Authority assessment report","lastSubmitted":"-","disposition":"Validated Observation"},{"signalId":9895,"signalName":"PERF_SIG_!","productName":"MINIRIN","eventName":"Administration site rash (PT), Application site rash (PT), Butterfly rash (PT), Candida nappy rash (PT), Catheter site rash (PT), Denys-Drash syndrome (PT), Exfoliative rash (PT), Eyelid rash (PT), Genital rash (PT), Heliotrope rash (PT), Implant site rash (PT), Incision site rash (PT), Infusion site rash (PT), Injection site rash (PT), Instillation site rash (PT), Medical device site rash (PT), Mucocutaneous rash (PT), Nodular rash (PT), Paraneoplastic rash (PT), Perineal rash (PT), Rash (PT), Rash erythematous (PT), Rash follicular (PT), Rash generalised (PT), Rash macular (PT), Rash maculo-papular (PT), Rash maculovesicular (PT), Rash morbilliform (PT), Rash neonatal (PT), Rash papular (PT), Rash papulosquamous (PT), Rash pruritic (PT), Rash pustular (PT), Rash rubelliform (PT), Rash scarlatiniform (PT), Rash vesicular (PT), Septic rash (PT), Southern tick-associated rash illness (PT), Stoma site rash (PT), Systemic lupus erythematosus rash (PT), Vaccination site rash (PT), Vascular access site rash (PT), Vasculitic rash (PT), Vessel puncture site rash (PT), Viral rash (PT), Vulvovaginal rash (PT)","noOfCases":0,"noOfPec":0,"priority":"Urgent","assignedTo":"bhagya","actions":0,"strategy":"-","topicCategory":"-","monitoringStatus":"Validated Observation","initialDataSource":"Health Authority assessment report","lastSubmitted":"-","disposition":"Validated Observation"}]