[{"alertName":null,"alertId":null,"activity_id":10331,"type":"AttachmentAdded","details":"Attachment '[cioms_scanned.pdf]' is added","performedBy":"bhagya","timestamp":"07-Nov-2019 08:03:05","justification":null,"caseNumber":null,"suspect":null,"eventName":null,"currentAssignment":"bhagya","currentAssignmentDept":[],"performedByDept":[]},{"alertName":null,"alertId":null,"activity_id":10337,"type":"ActionCreated","details":"Action 'Additional investigations' created","performedBy":"bhagya","timestamp":"07-Nov-2019 08:03:44","justification":null,"caseNumber":null,"suspect":null,"eventName":null,"currentAssignment":"bhagya","currentAssignmentDept":[],"performedByDept":[]},{"alertName":null,"alertId":null,"activity_id":10314,"type":"SignalUpdated","details":"Comments on HA Signal Status changed from ' ' to 'comments' for signal 'Signal_Perf_Performance'<br>","performedBy":"bhagya","timestamp":"07-Nov-2019 07:58:40","justification":null,"caseNumber":null,"suspect":null,"eventName":null,"currentAssignment":"bhagya","currentAssignmentDept":[],"performedByDept":[]}]