[{"id":19751,"message":"Literature Alert for Alert Name: Alert-Literature-Calpol Assigned for Review","type":"Assigned To Change","user":{"id":8877,"username":"bhagya","fullName":"bhagya"},"createdOn":"2019-11-12T13:43:43Z","level":null,"executedConfigId":null,"detailUrl":null},{"id":17082,"message":"Qualitative Alert for Product Family :PENICILLIN G Assigned for Review","type":"Assigned To Change","user":{"id":8877,"username":"bhagya","fullName":"bhagya"},"createdOn":"2019-11-08T10:32:32Z","level":null,"executedConfigId":null,"detailUrl":null},{"id":17077,"message":"Qualitative Alert for Product Family :PENICILLIN G Assigned for Review","type":"Assigned To Change","user":{"id":8877,"username":"bhagya","fullName":"bhagya"},"createdOn":"2019-11-08T10:32:31Z","level":null,"executedConfigId":null,"detailUrl":null},{"id":17072,"message":"Qualitative Alert for Product Family :PENICILLIN G Assigned for Review","type":"Assigned To Change","user":{"id":8877,"username":"bhagya","fullName":"bhagya"},"createdOn":"2019-11-08T10:32:31Z","level":null,"executedConfigId":null,"detailUrl":null},{"id":17067,"message":"Qualitative Alert for Product Family :PENICILLIN G Assigned for Review","type":"Assigned To Change","user":{"id":8877,"username":"bhagya","fullName":"bhagya"},"createdOn":"2019-11-08T10:32:30Z","level":null,"executedConfigId":null,"detailUrl":null},{"id":17062,"message":"Qualitative Alert for Product Family :PENICILLIN G Assigned for Review","type":"Assigned To Change","user":{"id":8877,"username":"bhagya","fullName":"bhagya"},"createdOn":"2019-11-08T10:32:30Z","level":null,"executedConfigId":null,"detailUrl":null},{"id":17057,"message":"Qualitative Alert for Product Family :PENICILLIN G Assigned for Review","type":"Assigned To Change","user":{"id":8877,"username":"bhagya","fullName":"bhagya"},"createdOn":"2019-11-08T10:32:29Z","level":null,"executedConfigId":null,"detailUrl":null},{"id":17052,"message":"Qualitative Alert for Product Family :PENICILLIN G Assigned for Review","type":"Assigned To Change","user":{"id":8877,"username":"bhagya","fullName":"bhagya"},"createdOn":"2019-11-08T10:32:28Z","level":null,"executedConfigId":null,"detailUrl":null},{"id":17047,"message":"Qualitative Alert for Product Family :PENICILLIN G Assigned for Review","type":"Assigned To Change","user":{"id":8877,"username":"bhagya","fullName":"bhagya"},"createdOn":"2019-11-08T10:32:28Z","level":null,"executedConfigId":null,"detailUrl":null},{"id":17042,"message":"Qualitative Alert for Product Family :PENICILLIN G Assigned for Review","type":"Assigned To Change","user":{"id":8877,"username":"bhagya","fullName":"bhagya"},"createdOn":"2019-11-08T10:32:27Z","level":null,"executedConfigId":null,"detailUrl":null},{"id":17037,"message":"Qualitative Alert for Product Family :PENICILLIN G Assigned for Review","type":"Assigned To Change","user":{"id":8877,"username":"bhagya","fullName":"bhagya"},"createdOn":"2019-11-08T10:32:27Z","level":null,"executedConfigId":null,"detailUrl":null},{"id":17032,"message":"Qualitative Alert for Product Family :PENICILLIN G Assigned for Review","type":"Assigned To Change","user":{"id":8877,"username":"bhagya","fullName":"bhagya"},"createdOn":"2019-11-08T10:32:26Z","level":null,"executedConfigId":null,"detailUrl":null},{"id":17027,"message":"Qualitative Alert for Product Family :PENICILLIN G Assigned for Review","type":"Assigned To Change","user":{"id":8877,"username":"bhagya","fullName":"bhagya"},"createdOn":"2019-11-08T10:32:26Z","level":null,"executedConfigId":null,"detailUrl":null},{"id":17022,"message":"Qualitative Alert for Product Family :PENICILLIN G Assigned for Review","type":"Assigned To Change","user":{"id":8877,"username":"bhagya","fullName":"bhagya"},"createdOn":"2019-11-08T10:32:25Z","level":null,"executedConfigId":null,"detailUrl":null},{"id":17017,"message":"Qualitative Alert for Product Family :PENICILLIN G Assigned for Review","type":"Assigned To Change","user":{"id":8877,"username":"bhagya","fullName":"bhagya"},"createdOn":"2019-11-08T10:32:25Z","level":null,"executedConfigId":null,"detailUrl":null},{"id":17012,"message":"Qualitative Alert for Product Family :PENICILLIN G Assigned for Review","type":"Assigned To Change","user":{"id":8877,"username":"bhagya","fullName":"bhagya"},"createdOn":"2019-11-08T10:32:24Z","level":null,"executedConfigId":null,"detailUrl":null},{"id":17007,"message":"Qualitative Alert for Product Family :PENICILLIN G Assigned for Review","type":"Assigned To Change","user":{"id":8877,"username":"bhagya","fullName":"bhagya"},"createdOn":"2019-11-08T10:32:24Z","level":null,"executedConfigId":null,"detailUrl":null},{"id":17002,"message":"Qualitative Alert for Product Family :PENICILLIN G Assigned for Review","type":"Assigned To Change","user":{"id":8877,"username":"bhagya","fullName":"bhagya"},"createdOn":"2019-11-08T10:32:23Z","level":null,"executedConfigId":null,"detailUrl":null},{"id":16997,"message":"Qualitative Alert for Product Family :PENICILLIN G Assigned for Review","type":"Assigned To Change","user":{"id":8877,"username":"bhagya","fullName":"bhagya"},"createdOn":"2019-11-08T10:32:22Z","level":null,"executedConfigId":null,"detailUrl":null},{"id":16992,"message":"Qualitative Alert for Product Family :PENICILLIN G Assigned for Review","type":"Assigned To Change","user":{"id":8877,"username":"bhagya","fullName":"bhagya"},"createdOn":"2019-11-08T10:32:22Z","level":null,"executedConfigId":null,"detailUrl":null},{"id":16987,"message":"Qualitative Alert for Product Family :PENICILLIN G Assigned for Review","type":"Assigned To Change","user":{"id":8877,"username":"bhagya","fullName":"bhagya"},"createdOn":"2019-11-08T10:32:21Z","level":null,"executedConfigId":null,"detailUrl":null},{"id":16982,"message":"Qualitative Alert for Product Family :PENICILLIN G Assigned for Review","type":"Assigned To Change","user":{"id":8877,"username":"bhagya","fullName":"bhagya"},"createdOn":"2019-11-08T10:32:21Z","level":null,"executedConfigId":null,"detailUrl":null},{"id":16977,"message":"Qualitative Alert for Product Family :PENICILLIN G Assigned for Review","type":"Assigned To Change","user":{"id":8877,"username":"bhagya","fullName":"bhagya"},"createdOn":"2019-11-08T10:32:20Z","level":null,"executedConfigId":null,"detailUrl":null},{"id":16972,"message":"Qualitative Alert for Product Family :PENICILLIN G Assigned for Review","type":"Assigned To Change","user":{"id":8877,"username":"bhagya","fullName":"bhagya"},"createdOn":"2019-11-08T10:32:20Z","level":null,"executedConfigId":null,"detailUrl":null},{"id":16967,"message":"Qualitative Alert for Product Family :PENICILLIN G Assigned for Review","type":"Assigned To Change","user":{"id":8877,"username":"bhagya","fullName":"bhagya"},"createdOn":"2019-11-08T10:32:19Z","level":null,"executedConfigId":null,"detailUrl":null},{"id":16962,"message":"Qualitative Alert for Product Family :PENICILLIN G Assigned for Review","type":"Assigned To Change","user":{"id":8877,"username":"bhagya","fullName":"bhagya"},"createdOn":"2019-11-08T10:32:19Z","level":null,"executedConfigId":null,"detailUrl":null},{"id":16957,"message":"Qualitative Alert for Product Family :PENICILLIN G Assigned for Review","type":"Assigned To Change","user":{"id":8877,"username":"bhagya","fullName":"bhagya"},"createdOn":"2019-11-08T10:32:18Z","level":null,"executedConfigId":null,"detailUrl":null},{"id":16952,"message":"Qualitative Alert for Product Family :PENICILLIN G Assigned for Review","type":"Assigned To Change","user":{"id":8877,"username":"bhagya","fullName":"bhagya"},"createdOn":"2019-11-08T10:32:18Z","level":null,"executedConfigId":null,"detailUrl":null},{"id":16947,"message":"Qualitative Alert for Product Family :PENICILLIN G Assigned for Review","type":"Assigned To Change","user":{"id":8877,"username":"bhagya","fullName":"bhagya"},"createdOn":"2019-11-08T10:32:17Z","level":null,"executedConfigId":null,"detailUrl":null},{"id":16942,"message":"Qualitative Alert for Product Family :PENICILLIN G Assigned for Review","type":"Assigned To Change","user":{"id":8877,"username":"bhagya","fullName":"bhagya"},"createdOn":"2019-11-08T10:32:17Z","level":null,"executedConfigId":null,"detailUrl":null},{"id":16937,"message":"Qualitative Alert for Product Family :PENICILLIN G Assigned for Review","type":"Assigned To Change","user":{"id":8877,"username":"bhagya","fullName":"bhagya"},"createdOn":"2019-11-08T10:32:16Z","level":null,"executedConfigId":null,"detailUrl":null},{"id":16932,"message":"Qualitative Alert for Product Family :PENICILLIN G Assigned for Review","type":"Assigned To Change","user":{"id":8877,"username":"bhagya","fullName":"bhagya"},"createdOn":"2019-11-08T10:32:16Z","level":null,"executedConfigId":null,"detailUrl":null},{"id":16927,"message":"Qualitative Alert for Product Family :PENICILLIN G Assigned for Review","type":"Assigned To Change","user":{"id":8877,"username":"bhagya","fullName":"bhagya"},"createdOn":"2019-11-08T10:32:15Z","level":null,"executedConfigId":null,"detailUrl":null},{"id":16922,"message":"Qualitative Alert for Product Family :PENICILLIN G Assigned for Review","type":"Assigned To Change","user":{"id":8877,"username":"bhagya","fullName":"bhagya"},"createdOn":"2019-11-08T10:32:14Z","level":null,"executedConfigId":null,"detailUrl":null},{"id":16917,"message":"Qualitative Alert for Product Family :PENICILLIN G Assigned for Review","type":"Assigned To Change","user":{"id":8877,"username":"bhagya","fullName":"bhagya"},"createdOn":"2019-11-08T10:32:14Z","level":null,"executedConfigId":null,"detailUrl":null},{"id":16912,"message":"Qualitative Alert for Product Family :PENICILLIN G Assigned for Review","type":"Assigned To Change","user":{"id":8877,"username":"bhagya","fullName":"bhagya"},"createdOn":"2019-11-08T10:32:13Z","level":null,"executedConfigId":null,"detailUrl":null},{"id":16907,"message":"Qualitative Alert for Product Family :PENICILLIN G Assigned for Review","type":"Assigned To Change","user":{"id":8877,"username":"bhagya","fullName":"bhagya"},"createdOn":"2019-11-08T10:32:13Z","level":null,"executedConfigId":null,"detailUrl":null},{"id":16902,"message":"Qualitative Alert for Product Family :PENICILLIN G Assigned for Review","type":"Assigned To Change","user":{"id":8877,"username":"bhagya","fullName":"bhagya"},"createdOn":"2019-11-08T10:32:12Z","level":null,"executedConfigId":null,"detailUrl":null},{"id":16897,"message":"Qualitative Alert for Product Family :PENICILLIN G Assigned for Review","type":"Assigned To Change","user":{"id":8877,"username":"bhagya","fullName":"bhagya"},"createdOn":"2019-11-08T10:32:12Z","level":null,"executedConfigId":null,"detailUrl":null},{"id":16892,"message":"Qualitative Alert for Product Family :PENICILLIN G Assigned for Review","type":"Assigned To Change","user":{"id":8877,"username":"bhagya","fullName":"bhagya"},"createdOn":"2019-11-08T10:32:11Z","level":null,"executedConfigId":null,"detailUrl":null},{"id":16887,"message":"Qualitative Alert for Product Family :PENICILLIN G Assigned for Review","type":"Assigned To Change","user":{"id":8877,"username":"bhagya","fullName":"bhagya"},"createdOn":"2019-11-08T10:32:11Z","level":null,"executedConfigId":null,"detailUrl":null},{"id":16882,"message":"Qualitative Alert for Product Family :PENICILLIN G Assigned for Review","type":"Assigned To Change","user":{"id":8877,"username":"bhagya","fullName":"bhagya"},"createdOn":"2019-11-08T10:32:10Z","level":null,"executedConfigId":null,"detailUrl":null},{"id":16877,"message":"Qualitative Alert for Product Family :PENICILLIN G Assigned for Review","type":"Assigned To Change","user":{"id":8877,"username":"bhagya","fullName":"bhagya"},"createdOn":"2019-11-08T10:32:10Z","level":null,"executedConfigId":null,"detailUrl":null},{"id":16872,"message":"Qualitative Alert for Product Family :PENICILLIN G Assigned for Review","type":"Assigned To Change","user":{"id":8877,"username":"bhagya","fullName":"bhagya"},"createdOn":"2019-11-08T10:32:09Z","level":null,"executedConfigId":null,"detailUrl":null},{"id":16867,"message":"Qualitative Alert for Product Family :PENICILLIN G Assigned for Review","type":"Assigned To Change","user":{"id":8877,"username":"bhagya","fullName":"bhagya"},"createdOn":"2019-11-08T10:32:09Z","level":null,"executedConfigId":null,"detailUrl":null},{"id":16862,"message":"Qualitative Alert for Product Family :PENICILLIN G Assigned for Review","type":"Assigned To Change","user":{"id":8877,"username":"bhagya","fullName":"bhagya"},"createdOn":"2019-11-08T10:32:08Z","level":null,"executedConfigId":null,"detailUrl":null},{"id":16857,"message":"Qualitative Alert for Product Family :PENICILLIN G Assigned for Review","type":"Assigned To Change","user":{"id":8877,"username":"bhagya","fullName":"bhagya"},"createdOn":"2019-11-08T10:32:08Z","level":null,"executedConfigId":null,"detailUrl":null},{"id":16852,"message":"Qualitative Alert for Product Family :PENICILLIN G Assigned for Review","type":"Assigned To Change","user":{"id":8877,"username":"bhagya","fullName":"bhagya"},"createdOn":"2019-11-08T10:32:07Z","level":null,"executedConfigId":null,"detailUrl":null},{"id":16847,"message":"Qualitative Alert for Product Family :PENICILLIN G Assigned for Review","type":"Assigned To Change","user":{"id":8877,"username":"bhagya","fullName":"bhagya"},"createdOn":"2019-11-08T10:32:07Z","level":null,"executedConfigId":null,"detailUrl":null},{"id":16842,"message":"Qualitative Alert for Product Family :PENICILLIN G Assigned for Review","type":"Assigned To Change","user":{"id":8877,"username":"bhagya","fullName":"bhagya"},"createdOn":"2019-11-08T10:32:06Z","level":null,"executedConfigId":null,"detailUrl":null},{"id":16837,"message":"Qualitative Alert for Product Family :PENICILLIN G Assigned for Review","type":"Assigned To Change","user":{"id":8877,"username":"bhagya","fullName":"bhagya"},"createdOn":"2019-11-08T10:32:06Z","level":null,"executedConfigId":null,"detailUrl":null},{"id":16834,"message":"Qualitative Alert for Product Family :PENICILLIN G Assigned for Review","type":"Assigned To Change","user":{"id":8877,"username":"bhagya","fullName":"bhagya"},"createdOn":"2019-11-08T10:31:49Z","level":null,"executedConfigId":null,"detailUrl":null},{"id":16829,"message":"Qualitative Alert for Product Family :PENICILLIN G Assigned for Review","type":"Assigned To Change","user":{"id":8877,"username":"bhagya","fullName":"bhagya"},"createdOn":"2019-11-08T10:31:48Z","level":null,"executedConfigId":null,"detailUrl":null},{"id":16824,"message":"Qualitative Alert for Product Family :PENICILLIN G Assigned for Review","type":"Assigned To Change","user":{"id":8877,"username":"bhagya","fullName":"bhagya"},"createdOn":"2019-11-08T10:31:47Z","level":null,"executedConfigId":null,"detailUrl":null},{"id":16819,"message":"Qualitative Alert for Product Family :PENICILLIN G Assigned for Review","type":"Assigned To Change","user":{"id":8877,"username":"bhagya","fullName":"bhagya"},"createdOn":"2019-11-08T10:31:47Z","level":null,"executedConfigId":null,"detailUrl":null},{"id":16814,"message":"Qualitative Alert for Product Family :PENICILLIN G Assigned for Review","type":"Assigned To Change","user":{"id":8877,"username":"bhagya","fullName":"bhagya"},"createdOn":"2019-11-08T10:31:46Z","level":null,"executedConfigId":null,"detailUrl":null},{"id":16809,"message":"Qualitative Alert for Product Family :PENICILLIN G Assigned for Review","type":"Assigned To Change","user":{"id":8877,"username":"bhagya","fullName":"bhagya"},"createdOn":"2019-11-08T10:31:46Z","level":null,"executedConfigId":null,"detailUrl":null},{"id":16804,"message":"Qualitative Alert for Product Family :PENICILLIN G Assigned for Review","type":"Assigned To Change","user":{"id":8877,"username":"bhagya","fullName":"bhagya"},"createdOn":"2019-11-08T10:31:45Z","level":null,"executedConfigId":null,"detailUrl":null},{"id":16799,"message":"Qualitative Alert for Product Family :PENICILLIN G Assigned for Review","type":"Assigned To Change","user":{"id":8877,"username":"bhagya","fullName":"bhagya"},"createdOn":"2019-11-08T10:31:45Z","level":null,"executedConfigId":null,"detailUrl":null},{"id":16794,"message":"Qualitative Alert for Product Family :PENICILLIN G Assigned for Review","type":"Assigned To Change","user":{"id":8877,"username":"bhagya","fullName":"bhagya"},"createdOn":"2019-11-08T10:31:44Z","level":null,"executedConfigId":null,"detailUrl":null},{"id":16789,"message":"Qualitative Alert for Product Family :PENICILLIN G Assigned for Review","type":"Assigned To Change","user":{"id":8877,"username":"bhagya","fullName":"bhagya"},"createdOn":"2019-11-08T10:31:43Z","level":null,"executedConfigId":null,"detailUrl":null},{"id":16784,"message":"Qualitative Alert for Product Family :PENICILLIN G Assigned for Review","type":"Assigned To Change","user":{"id":8877,"username":"bhagya","fullName":"bhagya"},"createdOn":"2019-11-08T10:31:43Z","level":null,"executedConfigId":null,"detailUrl":null},{"id":16779,"message":"Qualitative Alert for Product Family :PENICILLIN G Assigned for Review","type":"Assigned To Change","user":{"id":8877,"username":"bhagya","fullName":"bhagya"},"createdOn":"2019-11-08T10:31:42Z","level":null,"executedConfigId":null,"detailUrl":null},{"id":16774,"message":"Qualitative Alert for Product Family :PENICILLIN G Assigned for Review","type":"Assigned To Change","user":{"id":8877,"username":"bhagya","fullName":"bhagya"},"createdOn":"2019-11-08T10:31:42Z","level":null,"executedConfigId":null,"detailUrl":null},{"id":16769,"message":"Qualitative Alert for Product Family :PENICILLIN G Assigned for Review","type":"Assigned To Change","user":{"id":8877,"username":"bhagya","fullName":"bhagya"},"createdOn":"2019-11-08T10:31:41Z","level":null,"executedConfigId":null,"detailUrl":null},{"id":16764,"message":"Qualitative Alert for Product Family :PENICILLIN G Assigned for Review","type":"Assigned To Change","user":{"id":8877,"username":"bhagya","fullName":"bhagya"},"createdOn":"2019-11-08T10:31:41Z","level":null,"executedConfigId":null,"detailUrl":null},{"id":16759,"message":"Qualitative Alert for Product Family :PENICILLIN G Assigned for Review","type":"Assigned To Change","user":{"id":8877,"username":"bhagya","fullName":"bhagya"},"createdOn":"2019-11-08T10:31:40Z","level":null,"executedConfigId":null,"detailUrl":null},{"id":16754,"message":"Qualitative Alert for Product Family :PENICILLIN G Assigned for Review","type":"Assigned To Change","user":{"id":8877,"username":"bhagya","fullName":"bhagya"},"createdOn":"2019-11-08T10:31:40Z","level":null,"executedConfigId":null,"detailUrl":null},{"id":16749,"message":"Qualitative Alert for Product Family :PENICILLIN G Assigned for Review","type":"Assigned To Change","user":{"id":8877,"username":"bhagya","fullName":"bhagya"},"createdOn":"2019-11-08T10:31:39Z","level":null,"executedConfigId":null,"detailUrl":null},{"id":16744,"message":"Qualitative Alert for Product Family :PENICILLIN G Assigned for Review","type":"Assigned To Change","user":{"id":8877,"username":"bhagya","fullName":"bhagya"},"createdOn":"2019-11-08T10:31:39Z","level":null,"executedConfigId":null,"detailUrl":null},{"id":16739,"message":"Qualitative Alert for Product Family :PENICILLIN G Assigned for Review","type":"Assigned To Change","user":{"id":8877,"username":"bhagya","fullName":"bhagya"},"createdOn":"2019-11-08T10:31:38Z","level":null,"executedConfigId":null,"detailUrl":null},{"id":16734,"message":"Qualitative Alert for Product Family :PENICILLIN G Assigned for Review","type":"Assigned To Change","user":{"id":8877,"username":"bhagya","fullName":"bhagya"},"createdOn":"2019-11-08T10:31:37Z","level":null,"executedConfigId":null,"detailUrl":null},{"id":16729,"message":"Qualitative Alert for Product Family :PENICILLIN G Assigned for Review","type":"Assigned To Change","user":{"id":8877,"username":"bhagya","fullName":"bhagya"},"createdOn":"2019-11-08T10:31:37Z","level":null,"executedConfigId":null,"detailUrl":null},{"id":16724,"message":"Qualitative Alert for Product Family :PENICILLIN G Assigned for Review","type":"Assigned To Change","user":{"id":8877,"username":"bhagya","fullName":"bhagya"},"createdOn":"2019-11-08T10:31:36Z","level":null,"executedConfigId":null,"detailUrl":null},{"id":16719,"message":"Qualitative Alert for Product Family :PENICILLIN G Assigned for Review","type":"Assigned To Change","user":{"id":8877,"username":"bhagya","fullName":"bhagya"},"createdOn":"2019-11-08T10:31:36Z","level":null,"executedConfigId":null,"detailUrl":null},{"id":16714,"message":"Qualitative Alert for Product Family :PENICILLIN G Assigned for Review","type":"Assigned To Change","user":{"id":8877,"username":"bhagya","fullName":"bhagya"},"createdOn":"2019-11-08T10:31:35Z","level":null,"executedConfigId":null,"detailUrl":null},{"id":16709,"message":"Qualitative Alert for Product Family :PENICILLIN G Assigned for Review","type":"Assigned To Change","user":{"id":8877,"username":"bhagya","fullName":"bhagya"},"createdOn":"2019-11-08T10:31:35Z","level":null,"executedConfigId":null,"detailUrl":null},{"id":16704,"message":"Qualitative Alert for Product Family :PENICILLIN G Assigned for Review","type":"Assigned To Change","user":{"id":8877,"username":"bhagya","fullName":"bhagya"},"createdOn":"2019-11-08T10:31:34Z","level":null,"executedConfigId":null,"detailUrl":null},{"id":16699,"message":"Qualitative Alert for Product Family :PENICILLIN G Assigned for Review","type":"Assigned To Change","user":{"id":8877,"username":"bhagya","fullName":"bhagya"},"createdOn":"2019-11-08T10:31:34Z","level":null,"executedConfigId":null,"detailUrl":null},{"id":16694,"message":"Qualitative Alert for Product Family :PENICILLIN G Assigned for Review","type":"Assigned To Change","user":{"id":8877,"username":"bhagya","fullName":"bhagya"},"createdOn":"2019-11-08T10:31:33Z","level":null,"executedConfigId":null,"detailUrl":null},{"id":16689,"message":"Qualitative Alert for Product Family :PENICILLIN G Assigned for Review","type":"Assigned To Change","user":{"id":8877,"username":"bhagya","fullName":"bhagya"},"createdOn":"2019-11-08T10:31:33Z","level":null,"executedConfigId":null,"detailUrl":null},{"id":16684,"message":"Qualitative Alert for Product Family :PENICILLIN G Assigned for Review","type":"Assigned To Change","user":{"id":8877,"username":"bhagya","fullName":"bhagya"},"createdOn":"2019-11-08T10:31:32Z","level":null,"executedConfigId":null,"detailUrl":null},{"id":16679,"message":"Qualitative Alert for Product Family :PENICILLIN G Assigned for Review","type":"Assigned To Change","user":{"id":8877,"username":"bhagya","fullName":"bhagya"},"createdOn":"2019-11-08T10:31:32Z","level":null,"executedConfigId":null,"detailUrl":null},{"id":16674,"message":"Qualitative Alert for Product Family :PENICILLIN G Assigned for Review","type":"Assigned To Change","user":{"id":8877,"username":"bhagya","fullName":"bhagya"},"createdOn":"2019-11-08T10:31:31Z","level":null,"executedConfigId":null,"detailUrl":null},{"id":16669,"message":"Qualitative Alert for Product Family :PENICILLIN G Assigned for Review","type":"Assigned To Change","user":{"id":8877,"username":"bhagya","fullName":"bhagya"},"createdOn":"2019-11-08T10:31:31Z","level":null,"executedConfigId":null,"detailUrl":null},{"id":16664,"message":"Qualitative Alert for Product Family :PENICILLIN G Assigned for Review","type":"Assigned To Change","user":{"id":8877,"username":"bhagya","fullName":"bhagya"},"createdOn":"2019-11-08T10:31:30Z","level":null,"executedConfigId":null,"detailUrl":null},{"id":16659,"message":"Qualitative Alert for Product Family :PENICILLIN G Assigned for Review","type":"Assigned To Change","user":{"id":8877,"username":"bhagya","fullName":"bhagya"},"createdOn":"2019-11-08T10:31:30Z","level":null,"executedConfigId":null,"detailUrl":null},{"id":16654,"message":"Qualitative Alert for Product Family :PENICILLIN G Assigned for Review","type":"Assigned To Change","user":{"id":8877,"username":"bhagya","fullName":"bhagya"},"createdOn":"2019-11-08T10:31:29Z","level":null,"executedConfigId":null,"detailUrl":null},{"id":16649,"message":"Qualitative Alert for Product Family :PENICILLIN G Assigned for Review","type":"Assigned To Change","user":{"id":8877,"username":"bhagya","fullName":"bhagya"},"createdOn":"2019-11-08T10:31:29Z","level":null,"executedConfigId":null,"detailUrl":null},{"id":16644,"message":"Qualitative Alert for Product Family :PENICILLIN G Assigned for Review","type":"Assigned To Change","user":{"id":8877,"username":"bhagya","fullName":"bhagya"},"createdOn":"2019-11-08T10:31:28Z","level":null,"executedConfigId":null,"detailUrl":null},{"id":16639,"message":"Qualitative Alert for Product Family :PENICILLIN G Assigned for Review","type":"Assigned To Change","user":{"id":8877,"username":"bhagya","fullName":"bhagya"},"createdOn":"2019-11-08T10:31:28Z","level":null,"executedConfigId":null,"detailUrl":null},{"id":16634,"message":"Qualitative Alert for Product Family :PENICILLIN G Assigned for Review","type":"Assigned To Change","user":{"id":8877,"username":"bhagya","fullName":"bhagya"},"createdOn":"2019-11-08T10:31:27Z","level":null,"executedConfigId":null,"detailUrl":null},{"id":16629,"message":"Qualitative Alert for Product Family :PENICILLIN G Assigned for Review","type":"Assigned To Change","user":{"id":8877,"username":"bhagya","fullName":"bhagya"},"createdOn":"2019-11-08T10:31:27Z","level":null,"executedConfigId":null,"detailUrl":null},{"id":16624,"message":"Qualitative Alert for Product Family :PENICILLIN G Assigned for Review","type":"Assigned To Change","user":{"id":8877,"username":"bhagya","fullName":"bhagya"},"createdOn":"2019-11-08T10:31:26Z","level":null,"executedConfigId":null,"detailUrl":null},{"id":16619,"message":"Qualitative Alert for Product Family :PENICILLIN G Assigned for Review","type":"Assigned To Change","user":{"id":8877,"username":"bhagya","fullName":"bhagya"},"createdOn":"2019-11-08T10:31:26Z","level":null,"executedConfigId":null,"detailUrl":null},{"id":16614,"message":"Qualitative Alert for Product Family :PENICILLIN G Assigned for Review","type":"Assigned To Change","user":{"id":8877,"username":"bhagya","fullName":"bhagya"},"createdOn":"2019-11-08T10:31:25Z","level":null,"executedConfigId":null,"detailUrl":null},{"id":16609,"message":"Qualitative Alert for Product Family :PENICILLIN G Assigned for Review","type":"Assigned To Change","user":{"id":8877,"username":"bhagya","fullName":"bhagya"},"createdOn":"2019-11-08T10:31:25Z","level":null,"executedConfigId":null,"detailUrl":null},{"id":16604,"message":"Qualitative Alert for Product Family :PENICILLIN G Assigned for Review","type":"Assigned To Change","user":{"id":8877,"username":"bhagya","fullName":"bhagya"},"createdOn":"2019-11-08T10:31:24Z","level":null,"executedConfigId":null,"detailUrl":null},{"id":16599,"message":"Qualitative Alert for Product Family :PENICILLIN G Assigned for Review","type":"Assigned To Change","user":{"id":8877,"username":"bhagya","fullName":"bhagya"},"createdOn":"2019-11-08T10:31:24Z","level":null,"executedConfigId":null,"detailUrl":null},{"id":16594,"message":"Qualitative Alert for Product Family :PENICILLIN G Assigned for Review","type":"Assigned To Change","user":{"id":8877,"username":"bhagya","fullName":"bhagya"},"createdOn":"2019-11-08T10:31:23Z","level":null,"executedConfigId":null,"detailUrl":null}]