[{"signalId":9963,"signalName":"testd","productName":["PENICILLIN G"],"noOfCases":0,"noOfPec":0,"priority":"Urgent","assignedTo":"bhagya","actions":0,"strategy":"-","newFollowUp":"New","dueDate":"-","monitoringStatus":"-","initialDataSource":"Health Authority assessment report","lastSubmitted":"-","disposition":"Validated Observation"},{"signalId":10171,"signalName":"Signal_Perf_Performance","productName":["AMIODARONE"],"noOfCases":0,"noOfPec":0,"priority":"Urgent","assignedTo":"bhagya","actions":1,"strategy":"-","newFollowUp":"New","dueDate":"-","monitoringStatus":"-","initialDataSource":"Event under Special Monitoring   FDA TEST","lastSubmitted":"-","disposition":"Validated Observation"},{"signalId":9895,"signalName":"PERF_SIG_!","productName":["MINIRIN"],"noOfCases":1,"noOfPec":0,"priority":"Urgent","assignedTo":"bhagya","actions":0,"strategy":"-","newFollowUp":"New","dueDate":"-","monitoringStatus":"-","initialDataSource":"Health Authority assessment report","lastSubmitted":"-","disposition":"Validated Observation"},{"signalId":10025,"signalName":"test_signal","productName":["AMIODARONE"],"noOfCases":0,"noOfPec":0,"priority":"Urgent","assignedTo":"bhagya","actions":0,"strategy":"-","newFollowUp":"New","dueDate":"-","monitoringStatus":"-","initialDataSource":"Data mining - FAERS database","lastSubmitted":"-","disposition":"Validated Observation"}]