[{"name":"DILTIAZEM (Product Name) test","product":["DILTIAZEM"],"dueIn":8,"priority":"Urgent","id":21,"frequency":"","lastRunDate":"06-Nov-2019","nextRunDate":"06-Nov-2019","executed":true,"type":"Qualitative","total":6,"new":6,"requiresReview":6,"assignedToMe":0,"closed":0},{"name":"PERF_Qual_12","product":["LAMISIL"],"dueIn":8,"priority":"Urgent","id":20,"frequency":"","lastRunDate":"06-Nov-2019","nextRunDate":"06-Nov-2019","executed":true,"type":"Qualitative","total":1,"new":1,"requiresReview":1,"assignedToMe":0,"closed":0},{"name":"perf9ng","product":["ACER NEGUNDO POLLEN\\AMARANTHUS RETROFLEXUS POLLEN\\AMBROSIA ARTEMISIIFOLIA POLLEN\\AMBROSIA PSILOSTACHYA POLLEN\\AMBROSIA TRIFIDA POLLEN\\BETULA NIGRA POLLEN\\CARYA ILLINOINENSIS POLLEN\\CARYA TOMENTOSA POLLEN\\CHENOPODIUM ALBUM POLLEN\\CYNODON DACTYLON POLLEN\\FRAXINUS AMERICANA POLLEN\\IVA ANNUA POLLEN\\POA"],"dueIn":8,"priority":"Urgent","id":18,"frequency":"","lastRunDate":"06-Nov-2019","nextRunDate":"06-Nov-2019","executed":true,"type":"Quantitative","total":0,"new":0,"requiresReview":0,"assignedToMe":0,"closed":0},{"name":"perf11","product":["AVITENE MICROFIBRILLAR COLLAGEN HEMOSTAT"],"dueIn":8,"priority":"Urgent","id":16,"frequency":"","lastRunDate":"06-Nov-2019","nextRunDate":"06-Nov-2019","executed":true,"type":"Qualitative","total":0,"new":0,"requiresReview":0,"assignedToMe":0,"closed":0},{"name":"perf9","product":["ACER NEGUNDO POLLEN\\AMARANTHUS RETROFLEXUS POLLEN\\AMBROSIA ARTEMISIIFOLIA POLLEN\\AMBROSIA PSILOSTACHYA POLLEN\\AMBROSIA TRIFIDA POLLEN\\BETULA NIGRA POLLEN\\CARYA ILLINOINENSIS POLLEN\\CARYA TOMENTOSA POLLEN\\CHENOPODIUM ALBUM POLLEN\\CYNODON DACTYLON POLLEN\\FRAXINUS AMERICANA POLLEN\\IVA ANNUA POLLEN\\POA"],"dueIn":8,"priority":"Urgent","id":15,"frequency":"","lastRunDate":"06-Nov-2019","nextRunDate":"06-Nov-2019","executed":true,"type":"Quantitative","total":0,"new":0,"requiresReview":0,"assignedToMe":0,"closed":0},{"name":"ASPIRIN (Product Name) sca test","product":["ASPIRIN"],"dueIn":8,"priority":"Urgent","id":13,"frequency":"","lastRunDate":"06-Nov-2019","nextRunDate":"06-Nov-2019","executed":true,"type":"Qualitative","total":0,"new":0,"requiresReview":0,"assignedToMe":0,"closed":0},{"name":"5-ALPHA REDUCTASE INHIBITOR (Therapeutic drug class) ACA prf test","product":["5-ALPHA REDUCTASE INHIBITOR"],"dueIn":8,"priority":"Urgent","id":12,"frequency":"","lastRunDate":"06-Nov-2019","nextRunDate":"06-Nov-2019","executed":true,"type":"Quantitative","total":451,"new":451,"requiresReview":451,"assignedToMe":0,"closed":0},{"name":"PERF_QUANTI_209","product":["VOLTAREN"],"dueIn":9,"priority":"Urgent","id":58,"frequency":"","lastRunDate":"07-Nov-2019","nextRunDate":"07-Nov-2019","executed":true,"type":"Quantitative","total":13,"new":13,"requiresReview":13,"assignedToMe":13,"closed":0},{"name":"PERF_QUANTI_149","product":["VOLTAREN"],"dueIn":9,"priority":"Urgent","id":57,"frequency":"","lastRunDate":"07-Nov-2019","nextRunDate":"07-Nov-2019","executed":true,"type":"Quantitative","total":13,"new":13,"requiresReview":13,"assignedToMe":13,"closed":0},{"name":"PERF_QUANTI_89","product":["VOLTAREN"],"dueIn":9,"priority":"Urgent","id":56,"frequency":"","lastRunDate":"07-Nov-2019","nextRunDate":"07-Nov-2019","executed":true,"type":"Quantitative","total":13,"new":13,"requiresReview":13,"assignedToMe":13,"closed":0},{"name":"PERF_QUANTI_208","product":["VOLTAREN"],"dueIn":9,"priority":"Urgent","id":55,"frequency":"","lastRunDate":"07-Nov-2019","nextRunDate":"07-Nov-2019","executed":true,"type":"Quantitative","total":13,"new":13,"requiresReview":13,"assignedToMe":13,"closed":0},{"name":"PERF_QUANTI_148","product":["VOLTAREN"],"dueIn":9,"priority":"Urgent","id":54,"frequency":"","lastRunDate":"07-Nov-2019","nextRunDate":"07-Nov-2019","executed":true,"type":"Quantitative","total":13,"new":13,"requiresReview":13,"assignedToMe":13,"closed":0},{"name":"PERF_QUANTI_88","product":["VOLTAREN"],"dueIn":9,"priority":"Urgent","id":53,"frequency":"","lastRunDate":"07-Nov-2019","nextRunDate":"07-Nov-2019","executed":true,"type":"Quantitative","total":13,"new":13,"requiresReview":13,"assignedToMe":13,"closed":0},{"name":"PERF_QUANTI_207","product":["VOLTAREN"],"dueIn":9,"priority":"Urgent","id":52,"frequency":"","lastRunDate":"07-Nov-2019","nextRunDate":"07-Nov-2019","executed":true,"type":"Quantitative","total":13,"new":13,"requiresReview":13,"assignedToMe":13,"closed":0},{"name":"PERF_QUANTI_147","product":["VOLTAREN"],"dueIn":9,"priority":"Urgent","id":51,"frequency":"","lastRunDate":"07-Nov-2019","nextRunDate":"07-Nov-2019","executed":true,"type":"Quantitative","total":13,"new":13,"requiresReview":13,"assignedToMe":13,"closed":0},{"name":"PERF_QUANTI_87","product":["VOLTAREN"],"dueIn":9,"priority":"Urgent","id":50,"frequency":"","lastRunDate":"07-Nov-2019","nextRunDate":"07-Nov-2019","executed":true,"type":"Quantitative","total":13,"new":13,"requiresReview":13,"assignedToMe":13,"closed":0},{"name":"PERF_QUANTI_266","product":["VOLTAREN"],"dueIn":9,"priority":"Urgent","id":49,"frequency":"","lastRunDate":"07-Nov-2019","nextRunDate":"07-Nov-2019","executed":true,"type":"Quantitative","total":13,"new":13,"requiresReview":13,"assignedToMe":13,"closed":0},{"name":"PERF_QUANTI_206","product":["VOLTAREN"],"dueIn":9,"priority":"Urgent","id":48,"frequency":"","lastRunDate":"07-Nov-2019","nextRunDate":"07-Nov-2019","executed":true,"type":"Quantitative","total":13,"new":13,"requiresReview":13,"assignedToMe":13,"closed":0},{"name":"PERF_QUANTI_146","product":["VOLTAREN"],"dueIn":9,"priority":"Urgent","id":47,"frequency":"","lastRunDate":"07-Nov-2019","nextRunDate":"07-Nov-2019","executed":true,"type":"Quantitative","total":13,"new":13,"requiresReview":13,"assignedToMe":13,"closed":0},{"name":"PERF_QUAL_30","product":["PENICILLIN G"],"dueIn":9,"priority":"Urgent","id":46,"frequency":"","lastRunDate":"07-Nov-2019","nextRunDate":"07-Nov-2019","executed":true,"type":"Qualitative","total":10001,"new":10001,"requiresReview":10001,"assignedToMe":10001,"closed":0},{"name":"PERF_QUAL_91","product":["PENICILLIN G"],"dueIn":9,"priority":"Urgent","id":45,"frequency":"","lastRunDate":"07-Nov-2019","nextRunDate":"07-Nov-2019","executed":true,"type":"Qualitative","total":10001,"new":10001,"requiresReview":9999,"assignedToMe":9999,"closed":2},{"name":"PERF_QUAL_152","product":["PENICILLIN G"],"dueIn":9,"priority":"Urgent","id":44,"frequency":"","lastRunDate":"07-Nov-2019","nextRunDate":"07-Nov-2019","executed":true,"type":"Qualitative","total":10001,"new":10001,"requiresReview":10001,"assignedToMe":10001,"closed":0},{"name":"PERF_QUAL_29","product":["PENICILLIN G"],"dueIn":9,"priority":"Urgent","id":43,"frequency":"","lastRunDate":"07-Nov-2019","nextRunDate":"07-Nov-2019","executed":true,"type":"Qualitative","total":10001,"new":10001,"requiresReview":10001,"assignedToMe":10001,"closed":0},{"name":"PERF_QUAL_60","product":["PENICILLIN G"],"dueIn":9,"priority":"Urgent","id":42,"frequency":"","lastRunDate":"07-Nov-2019","nextRunDate":"07-Nov-2019","executed":true,"type":"Qualitative","total":10001,"new":10001,"requiresReview":10001,"assignedToMe":10001,"closed":0},{"name":"PERF_QUAL_121","product":["PENICILLIN G"],"dueIn":9,"priority":"Urgent","id":41,"frequency":"","lastRunDate":"07-Nov-2019","nextRunDate":"07-Nov-2019","executed":true,"type":"Qualitative","total":10001,"new":10001,"requiresReview":10001,"assignedToMe":10001,"closed":0},{"name":"PERF_QUAL_59","product":["PENICILLIN G"],"dueIn":9,"priority":"Urgent","id":40,"frequency":"","lastRunDate":"07-Nov-2019","nextRunDate":"07-Nov-2019","executed":true,"type":"Qualitative","total":10001,"new":10001,"requiresReview":9951,"assignedToMe":9951,"closed":50},{"name":"PERF_QUANTI_86","product":["VOLTAREN"],"dueIn":9,"priority":"Urgent","id":39,"frequency":"","lastRunDate":"07-Nov-2019","nextRunDate":"07-Nov-2019","executed":true,"type":"Quantitative","total":13,"new":13,"requiresReview":13,"assignedToMe":13,"closed":0},{"name":"PERF_QUAL_90","product":["PENICILLIN G"],"dueIn":9,"priority":"Urgent","id":38,"frequency":"","lastRunDate":"07-Nov-2019","nextRunDate":"07-Nov-2019","executed":true,"type":"Qualitative","total":10001,"new":10001,"requiresReview":9993,"assignedToMe":9993,"closed":8},{"name":"PERF_QUAL_28","product":["PENICILLIN G"],"dueIn":9,"priority":"Urgent","id":37,"frequency":"","lastRunDate":"07-Nov-2019","nextRunDate":"07-Nov-2019","executed":true,"type":"Qualitative","total":10001,"new":10001,"requiresReview":10001,"assignedToMe":10001,"closed":0},{"name":"PERF_QUANTI_26","product":["VOLTAREN"],"dueIn":9,"priority":"Urgent","id":35,"frequency":"","lastRunDate":"07-Nov-2019","nextRunDate":"07-Nov-2019","executed":true,"type":"Quantitative","total":13,"new":13,"requiresReview":13,"assignedToMe":13,"closed":0},{"name":"PERF_QUANTI_25","product":["VOLTAREN"],"dueIn":9,"priority":"Urgent","id":34,"frequency":"","lastRunDate":"07-Nov-2019","nextRunDate":"07-Nov-2019","executed":true,"type":"Quantitative","total":13,"new":13,"requiresReview":13,"assignedToMe":13,"closed":0},{"name":"PERF_QUAL_27","product":["PENICILLIN G"],"dueIn":9,"priority":"Urgent","id":33,"frequency":"","lastRunDate":"07-Nov-2019","nextRunDate":"07-Nov-2019","executed":true,"type":"Qualitative","total":10001,"new":10001,"requiresReview":10001,"assignedToMe":10001,"closed":0},{"name":"PERF_QUAL_26","product":["PENICILLIN G"],"dueIn":9,"priority":"Urgent","id":32,"frequency":"","lastRunDate":"07-Nov-2019","nextRunDate":"07-Nov-2019","executed":true,"type":"Qualitative","total":10001,"new":10001,"requiresReview":10001,"assignedToMe":10001,"closed":0},{"name":"PERF_QUAL_25","product":["PENICILLIN G"],"dueIn":9,"priority":"Urgent","id":31,"frequency":"","lastRunDate":"07-Nov-2019","nextRunDate":"07-Nov-2019","executed":true,"type":"Qualitative","total":10001,"new":10001,"requiresReview":10001,"assignedToMe":10001,"closed":0},{"name":"Singal_Alert_Perf","product":["AMIODARONE"],"dueIn":9,"priority":"Urgent","id":30,"frequency":"","lastRunDate":"07-Nov-2019","nextRunDate":"07-Nov-2019","executed":true,"type":"Qualitative","total":50005,"new":50005,"requiresReview":50005,"assignedToMe":50005,"closed":0},{"name":"Signal_ALert","product":["ASPIRIN"],"dueIn":9,"priority":"Urgent","id":29,"frequency":"","lastRunDate":"07-Nov-2019","nextRunDate":"07-Nov-2019","executed":true,"type":"Qualitative","total":280028,"new":280028,"requiresReview":280028,"assignedToMe":280028,"closed":0},{"name":"PERF_QUANTI_24","product":["VOLTAREN"],"dueIn":9,"priority":"Urgent","id":28,"frequency":"","lastRunDate":"07-Nov-2019","nextRunDate":"07-Nov-2019","executed":true,"type":"Quantitative","total":13,"new":13,"requiresReview":13,"assignedToMe":13,"closed":0},{"name":"PERF_quant_13","product":["VOLTAREN"],"dueIn":9,"priority":"Urgent","id":27,"frequency":"","lastRunDate":"07-Nov-2019","nextRunDate":"07-Nov-2019","executed":true,"type":"Quantitative","total":13,"new":13,"requiresReview":13,"assignedToMe":13,"closed":0},{"name":"PERF_QUAL_24","product":["PENICILLIN G"],"dueIn":9,"priority":"Urgent","id":26,"frequency":"","lastRunDate":"07-Nov-2019","nextRunDate":"07-Nov-2019","executed":true,"type":"Qualitative","total":10001,"new":10001,"requiresReview":10001,"assignedToMe":10001,"closed":0},{"name":"PERF_QUAL_23","product":["PENICILLIN G"],"dueIn":9,"priority":"Urgent","id":25,"frequency":"","lastRunDate":"07-Nov-2019","nextRunDate":"07-Nov-2019","executed":true,"type":"Qualitative","total":10001,"new":10001,"requiresReview":10001,"assignedToMe":10001,"closed":0},{"name":"PERF_QUAL_21","product":["PENICILLIN G"],"dueIn":9,"priority":"Urgent","id":24,"frequency":"","lastRunDate":"07-Nov-2019","nextRunDate":"07-Nov-2019","executed":true,"type":"Qualitative","total":10001,"new":10001,"requiresReview":10001,"assignedToMe":10001,"closed":0},{"name":"Perf_15","product":["ANACIN (ACETAMINOPHEN)","LIDOCAINE VISCOUS"],"dueIn":9,"priority":"Urgent","id":23,"frequency":"","lastRunDate":"07-Nov-2019","nextRunDate":"07-Nov-2019","executed":true,"type":"Qualitative","total":30003,"new":30003,"requiresReview":30003,"assignedToMe":0,"closed":0},{"name":"PERF_Quantitative_AlertExectiontime","product":["PROPOXYPHENE HYDROCHLORIDE"],"dueIn":10,"priority":"Urgent","id":60,"frequency":"","lastRunDate":"08-Nov-2019","nextRunDate":"08-Nov-2019","executed":true,"type":"Quantitative","total":5,"new":5,"requiresReview":5,"assignedToMe":5,"closed":0},{"name":"Perf1_AlertExecutionTime","product":["CYCLOBENZAPRINE"],"dueIn":10,"priority":"Urgent","id":59,"frequency":"","lastRunDate":"08-Nov-2019","nextRunDate":"08-Nov-2019","executed":true,"type":"Qualitative","total":80008,"new":80008,"requiresReview":80008,"assignedToMe":80008,"closed":0},{"name":"test_1234r5_AS","product":["PENICILLIN G"],"dueIn":14,"priority":"Urgent","id":67,"frequency":"","lastRunDate":"12-Nov-2019","nextRunDate":"12-Nov-2019","executed":true,"type":"Qualitative","total":0,"new":0,"requiresReview":0,"assignedToMe":0,"closed":0},{"name":"PERF_QUAL_13","product":["AMIODARONE"],"dueIn":23,"priority":"High","id":22,"frequency":"","lastRunDate":"06-Nov-2019","nextRunDate":"06-Nov-2019","executed":true,"type":"Qualitative","total":5,"new":5,"requiresReview":5,"assignedToMe":0,"closed":0},{"name":"test_doxo_123458","product":["Newusers2063541069"],"dueIn":29,"priority":"High","id":66,"frequency":"","lastRunDate":"12-Nov-2019","nextRunDate":"12-Nov-2019","executed":true,"type":"Qualitative","total":0,"new":0,"requiresReview":0,"assignedToMe":0,"closed":0},{"name":"doxo-12-11-19-1","product":["DOXORUBICIN"],"dueIn":29,"priority":"High","id":65,"frequency":"","lastRunDate":"12-Nov-2019","nextRunDate":"12-Nov-2019","executed":true,"type":"Quantitative","total":59,"new":59,"requiresReview":59,"assignedToMe":0,"closed":0},{"name":"TESTNGQUAL","product":["AMIODARONE"],"dueIn":83,"priority":"Medium","id":19,"frequency":"","lastRunDate":"06-Nov-2019","nextRunDate":"06-Nov-2019","executed":true,"type":"Qualitative","total":5,"new":5,"requiresReview":5,"assignedToMe":0,"closed":0},{"name":"TESTNGQUAL_1234567","product":["AMIODARONE"],"dueIn":89,"priority":"Medium","id":68,"frequency":"","lastRunDate":"12-Nov-2019","nextRunDate":"12-Nov-2019","executed":true,"type":"Qualitative","total":50005,"new":50005,"requiresReview":50005,"assignedToMe":0,"closed":0}]