[{"name":"ALKYLATING DRUG","id":"-2061928636","lang":"en","level":1},{"name":"ANTHRACYCLINE TOPOISOMERASE INHIBITOR","id":"1179218271","lang":"en","level":1},{"name":"BIGUANIDE","id":"427379944","lang":"en","level":1},{"name":"CORTICOSTEROID","id":"1219667509","lang":"en","level":1},{"name":"FOLATE ANALOG METABOLIC INHIBITOR","id":"1838903807","lang":"en","level":1},{"name":"NUCLEOSIDE METABOLIC INHIBITOR","id":"1999386671","lang":"en","level":1},{"name":"TOPOISOMERASE INHIBITOR","id":"-41270322","lang":"en","level":1},{"name":"UNASSIGNED","id":"1641439079","lang":"en","level":1}]