[{"reportName":"Perf1","productName":"METHOTREXATE SODIUM","summaryDateRange":"01-Jan-1900 to 18-Nov-2019","generatedBy":"bhagya","generatedOn":"18-Nov-2019 04:22:06","downloadId":33582,"reportType":"ICSRs by Case Characteristics","dataSource":"PVA","reportGenerated":true},{"reportName":"PBRERSigsumPerf1","productName":"METHOTREXATE SODIUM","summaryDateRange":"01-Jan-1900 to 18-Nov-2019","generatedBy":"bhagya","generatedOn":"18-Nov-2019 04:59:35","downloadId":33618,"reportType":"PBRER Signal Summary","dataSource":"PVA","reportGenerated":true},{"reportName":"ICSR report","productName":"ASPIRIN","summaryDateRange":"01-Jan-1900 to 06-Nov-2019","generatedBy":"Signal Dev","generatedOn":"06-Nov-2019 09:14:05","downloadId":8322,"reportType":"ICSRs by Case Characteristics","dataSource":"PVA","reportGenerated":true},{"reportName":"PerfRep1","productName":"METHOTREXATE SODIUM","summaryDateRange":"01-Jan-1900 to 18-Nov-2019","generatedBy":"bhagya","generatedOn":"18-Nov-2019 04:46:36","downloadId":33597,"reportType":"PBRER Signal Summary","dataSource":"PVA","reportGenerated":true},{"reportName":"PerfRep2","productName":"METHOTREXATE SODIUM","summaryDateRange":"01-Jan-1900 to 18-Nov-2019","generatedBy":"bhagya","generatedOn":"18-Nov-2019 04:47:04","downloadId":33607,"reportType":"Signal Summary Report","dataSource":"PVA","reportGenerated":true},{"reportName":"signalsummaryPerf1","productName":"METHOTREXATE SODIUM","summaryDateRange":"01-Jan-1900 to 18-Nov-2019","generatedBy":"bhagya","generatedOn":"18-Nov-2019 05:00:02","downloadId":33628,"reportType":"Signal Summary Report","dataSource":"PVA","reportGenerated":true}]