[{"containerView":1,"label":"Tags","name":"alertTags","listOrder":0,"seq":5},{"containerView":1,"label":"Receipt Date","name":"caseInitReceiptDate","listOrder":1,"seq":6},{"containerView":1,"label":"Product Name","name":"productName","listOrder":2,"seq":7},{"containerView":1,"label":"PT","name":"pt","listOrder":3,"seq":8},{"containerView":1,"label":"Listedness","name":"listedness","listOrder":4,"seq":9},{"containerView":1,"label":"Outcome","name":"outcome","listOrder":5,"seq":10},{"containerView":1,"label":"Signal / Topic","name":"signalsAndTopics","listOrder":6,"seq":11},{"containerView":1,"label":"Disposition","name":"currentDisposition","listOrder":7,"seq":12},{"containerView":3,"label":"Current Disposition","name":"disposition","listOrder":9999,"seq":13},{"containerView":1,"label":"Assigned To","name":"assignedToUser","listOrder":9,"seq":14},{"containerView":1,"label":"Due In","name":"dueDate","listOrder":10,"seq":15},{"containerView":3,"label":"Suspect Products","name":"suspProd","listOrder":9999,"seq":16},{"containerView":3,"label":"Con Med","name":"conComit","listOrder":9999,"seq":17},{"containerView":3,"label":"PT List","name":"masterPrefTermAll","listOrder":9999,"seq":18},{"containerView":1,"label":"Serious","name":"serious","listOrder":14,"seq":19},{"containerView":3,"label":"Report Type","name":"caseReportType","listOrder":9999,"seq":20},{"containerView":3,"label":"HCP","name":"reportersHcpFlag","listOrder":9999,"seq":21},{"containerView":3,"label":"Country","name":"country","listOrder":9999,"seq":22},{"containerView":3,"label":"Age Group","name":"age","listOrder":9999,"seq":23},{"containerView":3,"label":"Gender","name":"gender","listOrder":9999,"seq":24},{"containerView":3,"label":"Positive Rechallenge","name":"rechallenge","listOrder":9999,"seq":25},{"containerView":3,"label":"Locked Date","name":"lockedDate","listOrder":9999,"seq":26},{"containerView":3,"label":"Death","name":"death","listOrder":9999,"seq":27},{"containerView":3,"label":"Medication Error PTs","name":"medErrorsPt","listOrder":9999,"seq":28},{"containerView":3,"label":"Age","name":"patientAge","listOrder":9999,"seq":29},{"containerView":3,"label":"Case Type","name":"caseType","listOrder":9999,"seq":30},{"containerView":3,"label":"Completeness Score","name":"completenessScore","listOrder":9999,"seq":31},{"containerView":3,"label":"Primary IND#","name":"indNumber","listOrder":9999,"seq":32},{"containerView":3,"label":"Application#","name":"appTypeAndNum","listOrder":9999,"seq":33},{"containerView":3,"label":"Compounding Flag","name":"compoundingFlag","listOrder":9999,"seq":34}]