[{"id":13408,"message":"Qualitative Alert for Product Family :PENICILLIN G Assigned for Review","type":"Assigned To Change","user":{"id":8877,"username":"bhagya","fullName":"bhagya"},"createdOn":"2019-11-08T07:13:51Z","level":null,"executedConfigId":null,"detailUrl":null},{"id":13403,"message":"Qualitative Alert for Product Family :PENICILLIN G Assigned for Review","type":"Assigned To Change","user":{"id":8877,"username":"bhagya","fullName":"bhagya"},"createdOn":"2019-11-08T07:13:51Z","level":null,"executedConfigId":null,"detailUrl":null},{"id":13398,"message":"Qualitative Alert for Product Family :PENICILLIN G Assigned for Review","type":"Assigned To Change","user":{"id":8877,"username":"bhagya","fullName":"bhagya"},"createdOn":"2019-11-08T07:13:50Z","level":null,"executedConfigId":null,"detailUrl":null},{"id":13393,"message":"Qualitative Alert for Product Family :PENICILLIN G Assigned for Review","type":"Assigned To Change","user":{"id":8877,"username":"bhagya","fullName":"bhagya"},"createdOn":"2019-11-08T07:13:50Z","level":null,"executedConfigId":null,"detailUrl":null},{"id":13388,"message":"Qualitative Alert for Product Family :PENICILLIN G Assigned for Review","type":"Assigned To Change","user":{"id":8877,"username":"bhagya","fullName":"bhagya"},"createdOn":"2019-11-08T07:13:50Z","level":null,"executedConfigId":null,"detailUrl":null},{"id":13383,"message":"Qualitative Alert for Product Family :PENICILLIN G Assigned for Review","type":"Assigned To Change","user":{"id":8877,"username":"bhagya","fullName":"bhagya"},"createdOn":"2019-11-08T07:13:50Z","level":null,"executedConfigId":null,"detailUrl":null},{"id":13378,"message":"Qualitative Alert for Product Family :PENICILLIN G Assigned for Review","type":"Assigned To Change","user":{"id":8877,"username":"bhagya","fullName":"bhagya"},"createdOn":"2019-11-08T07:13:50Z","level":null,"executedConfigId":null,"detailUrl":null},{"id":13373,"message":"Qualitative Alert for Product Family :PENICILLIN G Assigned for Review","type":"Assigned To Change","user":{"id":8877,"username":"bhagya","fullName":"bhagya"},"createdOn":"2019-11-08T07:13:49Z","level":null,"executedConfigId":null,"detailUrl":null},{"id":13368,"message":"Qualitative Alert for Product Family :PENICILLIN G Assigned for Review","type":"Assigned To Change","user":{"id":8877,"username":"bhagya","fullName":"bhagya"},"createdOn":"2019-11-08T07:13:49Z","level":null,"executedConfigId":null,"detailUrl":null},{"id":13363,"message":"Qualitative Alert for Product Family :PENICILLIN G Assigned for Review","type":"Assigned To Change","user":{"id":8877,"username":"bhagya","fullName":"bhagya"},"createdOn":"2019-11-08T07:13:49Z","level":null,"executedConfigId":null,"detailUrl":null},{"id":13358,"message":"Qualitative Alert for Product Family :PENICILLIN G Assigned for Review","type":"Assigned To Change","user":{"id":8877,"username":"bhagya","fullName":"bhagya"},"createdOn":"2019-11-08T07:13:49Z","level":null,"executedConfigId":null,"detailUrl":null},{"id":13353,"message":"Qualitative Alert for Product Family :PENICILLIN G Assigned for Review","type":"Assigned To Change","user":{"id":8877,"username":"bhagya","fullName":"bhagya"},"createdOn":"2019-11-08T07:13:49Z","level":null,"executedConfigId":null,"detailUrl":null},{"id":13348,"message":"Qualitative Alert for Product Family :PENICILLIN G Assigned for Review","type":"Assigned To Change","user":{"id":8877,"username":"bhagya","fullName":"bhagya"},"createdOn":"2019-11-08T07:13:48Z","level":null,"executedConfigId":null,"detailUrl":null},{"id":13343,"message":"Qualitative Alert for Product Family :PENICILLIN G Assigned for Review","type":"Assigned To Change","user":{"id":8877,"username":"bhagya","fullName":"bhagya"},"createdOn":"2019-11-08T07:13:48Z","level":null,"executedConfigId":null,"detailUrl":null},{"id":13338,"message":"Qualitative Alert for Product Family :PENICILLIN G Assigned for Review","type":"Assigned To Change","user":{"id":8877,"username":"bhagya","fullName":"bhagya"},"createdOn":"2019-11-08T07:13:48Z","level":null,"executedConfigId":null,"detailUrl":null},{"id":13333,"message":"Qualitative Alert for Product Family :PENICILLIN G Assigned for Review","type":"Assigned To Change","user":{"id":8877,"username":"bhagya","fullName":"bhagya"},"createdOn":"2019-11-08T07:13:48Z","level":null,"executedConfigId":null,"detailUrl":null},{"id":13328,"message":"Qualitative Alert for Product Family :PENICILLIN G Assigned for Review","type":"Assigned To Change","user":{"id":8877,"username":"bhagya","fullName":"bhagya"},"createdOn":"2019-11-08T07:13:48Z","level":null,"executedConfigId":null,"detailUrl":null},{"id":13323,"message":"Qualitative Alert for Product Family :PENICILLIN G Assigned for Review","type":"Assigned To Change","user":{"id":8877,"username":"bhagya","fullName":"bhagya"},"createdOn":"2019-11-08T07:13:48Z","level":null,"executedConfigId":null,"detailUrl":null},{"id":13318,"message":"Qualitative Alert for Product Family :PENICILLIN G Assigned for Review","type":"Assigned To Change","user":{"id":8877,"username":"bhagya","fullName":"bhagya"},"createdOn":"2019-11-08T07:13:47Z","level":null,"executedConfigId":null,"detailUrl":null},{"id":13313,"message":"Qualitative Alert for Product Family :PENICILLIN G Assigned for Review","type":"Assigned To Change","user":{"id":8877,"username":"bhagya","fullName":"bhagya"},"createdOn":"2019-11-08T07:13:47Z","level":null,"executedConfigId":null,"detailUrl":null},{"id":13308,"message":"Qualitative Alert for Product Family :PENICILLIN G Assigned for Review","type":"Assigned To Change","user":{"id":8877,"username":"bhagya","fullName":"bhagya"},"createdOn":"2019-11-08T07:13:47Z","level":null,"executedConfigId":null,"detailUrl":null},{"id":13303,"message":"Qualitative Alert for Product Family :PENICILLIN G Assigned for Review","type":"Assigned To Change","user":{"id":8877,"username":"bhagya","fullName":"bhagya"},"createdOn":"2019-11-08T07:13:47Z","level":null,"executedConfigId":null,"detailUrl":null},{"id":13298,"message":"Qualitative Alert for Product Family :PENICILLIN G Assigned for Review","type":"Assigned To Change","user":{"id":8877,"username":"bhagya","fullName":"bhagya"},"createdOn":"2019-11-08T07:13:47Z","level":null,"executedConfigId":null,"detailUrl":null},{"id":13293,"message":"Qualitative Alert for Product Family :PENICILLIN G Assigned for Review","type":"Assigned To Change","user":{"id":8877,"username":"bhagya","fullName":"bhagya"},"createdOn":"2019-11-08T07:13:46Z","level":null,"executedConfigId":null,"detailUrl":null},{"id":13288,"message":"Qualitative Alert for Product Family :PENICILLIN G Assigned for Review","type":"Assigned To Change","user":{"id":8877,"username":"bhagya","fullName":"bhagya"},"createdOn":"2019-11-08T07:13:46Z","level":null,"executedConfigId":null,"detailUrl":null},{"id":13283,"message":"Qualitative Alert for Product Family :PENICILLIN G Assigned for Review","type":"Assigned To Change","user":{"id":8877,"username":"bhagya","fullName":"bhagya"},"createdOn":"2019-11-08T07:13:46Z","level":null,"executedConfigId":null,"detailUrl":null},{"id":13278,"message":"Qualitative Alert for Product Family :PENICILLIN G Assigned for Review","type":"Assigned To Change","user":{"id":8877,"username":"bhagya","fullName":"bhagya"},"createdOn":"2019-11-08T07:13:46Z","level":null,"executedConfigId":null,"detailUrl":null},{"id":13273,"message":"Qualitative Alert for Product Family :PENICILLIN G Assigned for Review","type":"Assigned To Change","user":{"id":8877,"username":"bhagya","fullName":"bhagya"},"createdOn":"2019-11-08T07:13:46Z","level":null,"executedConfigId":null,"detailUrl":null},{"id":13268,"message":"Qualitative Alert for Product Family :PENICILLIN G Assigned for Review","type":"Assigned To Change","user":{"id":8877,"username":"bhagya","fullName":"bhagya"},"createdOn":"2019-11-08T07:13:46Z","level":null,"executedConfigId":null,"detailUrl":null},{"id":13263,"message":"Qualitative Alert for Product Family :PENICILLIN G Assigned for Review","type":"Assigned To Change","user":{"id":8877,"username":"bhagya","fullName":"bhagya"},"createdOn":"2019-11-08T07:13:46Z","level":null,"executedConfigId":null,"detailUrl":null},{"id":13258,"message":"Qualitative Alert for Product Family :PENICILLIN G Assigned for Review","type":"Assigned To Change","user":{"id":8877,"username":"bhagya","fullName":"bhagya"},"createdOn":"2019-11-08T07:13:45Z","level":null,"executedConfigId":null,"detailUrl":null},{"id":13253,"message":"Qualitative Alert for Product Family :PENICILLIN G Assigned for Review","type":"Assigned To Change","user":{"id":8877,"username":"bhagya","fullName":"bhagya"},"createdOn":"2019-11-08T07:13:45Z","level":null,"executedConfigId":null,"detailUrl":null},{"id":13248,"message":"Qualitative Alert for Product Family :PENICILLIN G Assigned for Review","type":"Assigned To Change","user":{"id":8877,"username":"bhagya","fullName":"bhagya"},"createdOn":"2019-11-08T07:13:45Z","level":null,"executedConfigId":null,"detailUrl":null},{"id":13243,"message":"Qualitative Alert for Product Family :PENICILLIN G Assigned for Review","type":"Assigned To Change","user":{"id":8877,"username":"bhagya","fullName":"bhagya"},"createdOn":"2019-11-08T07:13:45Z","level":null,"executedConfigId":null,"detailUrl":null},{"id":13238,"message":"Qualitative Alert for Product Family :PENICILLIN G Assigned for Review","type":"Assigned To Change","user":{"id":8877,"username":"bhagya","fullName":"bhagya"},"createdOn":"2019-11-08T07:13:45Z","level":null,"executedConfigId":null,"detailUrl":null},{"id":13233,"message":"Qualitative Alert for Product Family :PENICILLIN G Assigned for Review","type":"Assigned To Change","user":{"id":8877,"username":"bhagya","fullName":"bhagya"},"createdOn":"2019-11-08T07:13:45Z","level":null,"executedConfigId":null,"detailUrl":null},{"id":13228,"message":"Qualitative Alert for Product Family :PENICILLIN G Assigned for Review","type":"Assigned To Change","user":{"id":8877,"username":"bhagya","fullName":"bhagya"},"createdOn":"2019-11-08T07:13:44Z","level":null,"executedConfigId":null,"detailUrl":null},{"id":13223,"message":"Qualitative Alert for Product Family :PENICILLIN G Assigned for Review","type":"Assigned To Change","user":{"id":8877,"username":"bhagya","fullName":"bhagya"},"createdOn":"2019-11-08T07:13:44Z","level":null,"executedConfigId":null,"detailUrl":null},{"id":13218,"message":"Qualitative Alert for Product Family :PENICILLIN G Assigned for Review","type":"Assigned To Change","user":{"id":8877,"username":"bhagya","fullName":"bhagya"},"createdOn":"2019-11-08T07:13:44Z","level":null,"executedConfigId":null,"detailUrl":null},{"id":13213,"message":"Qualitative Alert for Product Family :PENICILLIN G Assigned for Review","type":"Assigned To Change","user":{"id":8877,"username":"bhagya","fullName":"bhagya"},"createdOn":"2019-11-08T07:13:44Z","level":null,"executedConfigId":null,"detailUrl":null},{"id":13208,"message":"Qualitative Alert for Product Family :PENICILLIN G Assigned for Review","type":"Assigned To Change","user":{"id":8877,"username":"bhagya","fullName":"bhagya"},"createdOn":"2019-11-08T07:13:44Z","level":null,"executedConfigId":null,"detailUrl":null},{"id":13203,"message":"Qualitative Alert for Product Family :PENICILLIN G Assigned for Review","type":"Assigned To Change","user":{"id":8877,"username":"bhagya","fullName":"bhagya"},"createdOn":"2019-11-08T07:13:44Z","level":null,"executedConfigId":null,"detailUrl":null},{"id":13198,"message":"Qualitative Alert for Product Family :PENICILLIN G Assigned for Review","type":"Assigned To Change","user":{"id":8877,"username":"bhagya","fullName":"bhagya"},"createdOn":"2019-11-08T07:13:44Z","level":null,"executedConfigId":null,"detailUrl":null},{"id":13193,"message":"Qualitative Alert for Product Family :PENICILLIN G Assigned for Review","type":"Assigned To Change","user":{"id":8877,"username":"bhagya","fullName":"bhagya"},"createdOn":"2019-11-08T07:13:44Z","level":null,"executedConfigId":null,"detailUrl":null},{"id":13188,"message":"Qualitative Alert for Product Family :PENICILLIN G Assigned for Review","type":"Assigned To Change","user":{"id":8877,"username":"bhagya","fullName":"bhagya"},"createdOn":"2019-11-08T07:13:43Z","level":null,"executedConfigId":null,"detailUrl":null},{"id":13183,"message":"Qualitative Alert for Product Family :PENICILLIN G Assigned for Review","type":"Assigned To Change","user":{"id":8877,"username":"bhagya","fullName":"bhagya"},"createdOn":"2019-11-08T07:13:43Z","level":null,"executedConfigId":null,"detailUrl":null},{"id":13178,"message":"Qualitative Alert for Product Family :PENICILLIN G Assigned for Review","type":"Assigned To Change","user":{"id":8877,"username":"bhagya","fullName":"bhagya"},"createdOn":"2019-11-08T07:13:43Z","level":null,"executedConfigId":null,"detailUrl":null},{"id":13173,"message":"Qualitative Alert for Product Family :PENICILLIN G Assigned for Review","type":"Assigned To Change","user":{"id":8877,"username":"bhagya","fullName":"bhagya"},"createdOn":"2019-11-08T07:13:43Z","level":null,"executedConfigId":null,"detailUrl":null},{"id":13168,"message":"Qualitative Alert for Product Family :PENICILLIN G Assigned for Review","type":"Assigned To Change","user":{"id":8877,"username":"bhagya","fullName":"bhagya"},"createdOn":"2019-11-08T07:13:43Z","level":null,"executedConfigId":null,"detailUrl":null},{"id":13163,"message":"Qualitative Alert for Product Family :PENICILLIN G Assigned for Review","type":"Assigned To Change","user":{"id":8877,"username":"bhagya","fullName":"bhagya"},"createdOn":"2019-11-08T07:13:43Z","level":null,"executedConfigId":null,"detailUrl":null},{"id":13160,"message":"Qualitative Alert for Product Family :PENICILLIN G Assigned for Review","type":"Assigned To Change","user":{"id":8877,"username":"bhagya","fullName":"bhagya"},"createdOn":"2019-11-08T07:13:30Z","level":null,"executedConfigId":null,"detailUrl":null},{"id":13155,"message":"Qualitative Alert for Product Family :PENICILLIN G Assigned for Review","type":"Assigned To Change","user":{"id":8877,"username":"bhagya","fullName":"bhagya"},"createdOn":"2019-11-08T07:13:30Z","level":null,"executedConfigId":null,"detailUrl":null},{"id":13150,"message":"Qualitative Alert for Product Family :PENICILLIN G Assigned for Review","type":"Assigned To Change","user":{"id":8877,"username":"bhagya","fullName":"bhagya"},"createdOn":"2019-11-08T07:13:30Z","level":null,"executedConfigId":null,"detailUrl":null},{"id":13145,"message":"Qualitative Alert for Product Family :PENICILLIN G Assigned for Review","type":"Assigned To Change","user":{"id":8877,"username":"bhagya","fullName":"bhagya"},"createdOn":"2019-11-08T07:13:29Z","level":null,"executedConfigId":null,"detailUrl":null},{"id":13140,"message":"Qualitative Alert for Product Family :PENICILLIN G Assigned for Review","type":"Assigned To Change","user":{"id":8877,"username":"bhagya","fullName":"bhagya"},"createdOn":"2019-11-08T07:13:29Z","level":null,"executedConfigId":null,"detailUrl":null},{"id":13135,"message":"Qualitative Alert for Product Family :PENICILLIN G Assigned for Review","type":"Assigned To Change","user":{"id":8877,"username":"bhagya","fullName":"bhagya"},"createdOn":"2019-11-08T07:13:29Z","level":null,"executedConfigId":null,"detailUrl":null},{"id":13130,"message":"Qualitative Alert for Product Family :PENICILLIN G Assigned for Review","type":"Assigned To Change","user":{"id":8877,"username":"bhagya","fullName":"bhagya"},"createdOn":"2019-11-08T07:13:29Z","level":null,"executedConfigId":null,"detailUrl":null},{"id":13125,"message":"Qualitative Alert for Product Family :PENICILLIN G Assigned for Review","type":"Assigned To Change","user":{"id":8877,"username":"bhagya","fullName":"bhagya"},"createdOn":"2019-11-08T07:13:29Z","level":null,"executedConfigId":null,"detailUrl":null},{"id":13120,"message":"Qualitative Alert for Product Family :PENICILLIN G Assigned for Review","type":"Assigned To Change","user":{"id":8877,"username":"bhagya","fullName":"bhagya"},"createdOn":"2019-11-08T07:13:29Z","level":null,"executedConfigId":null,"detailUrl":null},{"id":13115,"message":"Qualitative Alert for Product Family :PENICILLIN G Assigned for Review","type":"Assigned To Change","user":{"id":8877,"username":"bhagya","fullName":"bhagya"},"createdOn":"2019-11-08T07:13:29Z","level":null,"executedConfigId":null,"detailUrl":null},{"id":13110,"message":"Qualitative Alert for Product Family :PENICILLIN G Assigned for Review","type":"Assigned To Change","user":{"id":8877,"username":"bhagya","fullName":"bhagya"},"createdOn":"2019-11-08T07:13:28Z","level":null,"executedConfigId":null,"detailUrl":null},{"id":13105,"message":"Qualitative Alert for Product Family :PENICILLIN G Assigned for Review","type":"Assigned To Change","user":{"id":8877,"username":"bhagya","fullName":"bhagya"},"createdOn":"2019-11-08T07:13:28Z","level":null,"executedConfigId":null,"detailUrl":null},{"id":13100,"message":"Qualitative Alert for Product Family :PENICILLIN G Assigned for Review","type":"Assigned To Change","user":{"id":8877,"username":"bhagya","fullName":"bhagya"},"createdOn":"2019-11-08T07:13:28Z","level":null,"executedConfigId":null,"detailUrl":null},{"id":13095,"message":"Qualitative Alert for Product Family :PENICILLIN G Assigned for Review","type":"Assigned To Change","user":{"id":8877,"username":"bhagya","fullName":"bhagya"},"createdOn":"2019-11-08T07:13:28Z","level":null,"executedConfigId":null,"detailUrl":null},{"id":13090,"message":"Qualitative Alert for Product Family :PENICILLIN G Assigned for Review","type":"Assigned To Change","user":{"id":8877,"username":"bhagya","fullName":"bhagya"},"createdOn":"2019-11-08T07:13:28Z","level":null,"executedConfigId":null,"detailUrl":null},{"id":13085,"message":"Qualitative Alert for Product Family :PENICILLIN G Assigned for Review","type":"Assigned To Change","user":{"id":8877,"username":"bhagya","fullName":"bhagya"},"createdOn":"2019-11-08T07:13:28Z","level":null,"executedConfigId":null,"detailUrl":null},{"id":13080,"message":"Qualitative Alert for Product Family :PENICILLIN G Assigned for Review","type":"Assigned To Change","user":{"id":8877,"username":"bhagya","fullName":"bhagya"},"createdOn":"2019-11-08T07:13:27Z","level":null,"executedConfigId":null,"detailUrl":null},{"id":13075,"message":"Qualitative Alert for Product Family :PENICILLIN G Assigned for Review","type":"Assigned To Change","user":{"id":8877,"username":"bhagya","fullName":"bhagya"},"createdOn":"2019-11-08T07:13:27Z","level":null,"executedConfigId":null,"detailUrl":null},{"id":13070,"message":"Qualitative Alert for Product Family :PENICILLIN G Assigned for Review","type":"Assigned To Change","user":{"id":8877,"username":"bhagya","fullName":"bhagya"},"createdOn":"2019-11-08T07:13:27Z","level":null,"executedConfigId":null,"detailUrl":null},{"id":13065,"message":"Qualitative Alert for Product Family :PENICILLIN G Assigned for Review","type":"Assigned To Change","user":{"id":8877,"username":"bhagya","fullName":"bhagya"},"createdOn":"2019-11-08T07:13:27Z","level":null,"executedConfigId":null,"detailUrl":null},{"id":13060,"message":"Qualitative Alert for Product Family :PENICILLIN G Assigned for Review","type":"Assigned To Change","user":{"id":8877,"username":"bhagya","fullName":"bhagya"},"createdOn":"2019-11-08T07:13:27Z","level":null,"executedConfigId":null,"detailUrl":null},{"id":13055,"message":"Qualitative Alert for Product Family :PENICILLIN G Assigned for Review","type":"Assigned To Change","user":{"id":8877,"username":"bhagya","fullName":"bhagya"},"createdOn":"2019-11-08T07:13:27Z","level":null,"executedConfigId":null,"detailUrl":null},{"id":13050,"message":"Qualitative Alert for Product Family :PENICILLIN G Assigned for Review","type":"Assigned To Change","user":{"id":8877,"username":"bhagya","fullName":"bhagya"},"createdOn":"2019-11-08T07:13:27Z","level":null,"executedConfigId":null,"detailUrl":null},{"id":13045,"message":"Qualitative Alert for Product Family :PENICILLIN G Assigned for Review","type":"Assigned To Change","user":{"id":8877,"username":"bhagya","fullName":"bhagya"},"createdOn":"2019-11-08T07:13:27Z","level":null,"executedConfigId":null,"detailUrl":null},{"id":13040,"message":"Qualitative Alert for Product Family :PENICILLIN G Assigned for Review","type":"Assigned To Change","user":{"id":8877,"username":"bhagya","fullName":"bhagya"},"createdOn":"2019-11-08T07:13:26Z","level":null,"executedConfigId":null,"detailUrl":null},{"id":13035,"message":"Qualitative Alert for Product Family :PENICILLIN G Assigned for Review","type":"Assigned To Change","user":{"id":8877,"username":"bhagya","fullName":"bhagya"},"createdOn":"2019-11-08T07:13:26Z","level":null,"executedConfigId":null,"detailUrl":null},{"id":13030,"message":"Qualitative Alert for Product Family :PENICILLIN G Assigned for Review","type":"Assigned To Change","user":{"id":8877,"username":"bhagya","fullName":"bhagya"},"createdOn":"2019-11-08T07:13:26Z","level":null,"executedConfigId":null,"detailUrl":null},{"id":13025,"message":"Qualitative Alert for Product Family :PENICILLIN G Assigned for Review","type":"Assigned To Change","user":{"id":8877,"username":"bhagya","fullName":"bhagya"},"createdOn":"2019-11-08T07:13:26Z","level":null,"executedConfigId":null,"detailUrl":null},{"id":13020,"message":"Qualitative Alert for Product Family :PENICILLIN G Assigned for Review","type":"Assigned To Change","user":{"id":8877,"username":"bhagya","fullName":"bhagya"},"createdOn":"2019-11-08T07:13:26Z","level":null,"executedConfigId":null,"detailUrl":null},{"id":13015,"message":"Qualitative Alert for Product Family :PENICILLIN G Assigned for Review","type":"Assigned To Change","user":{"id":8877,"username":"bhagya","fullName":"bhagya"},"createdOn":"2019-11-08T07:13:26Z","level":null,"executedConfigId":null,"detailUrl":null},{"id":13010,"message":"Qualitative Alert for Product Family :PENICILLIN G Assigned for Review","type":"Assigned To Change","user":{"id":8877,"username":"bhagya","fullName":"bhagya"},"createdOn":"2019-11-08T07:13:26Z","level":null,"executedConfigId":null,"detailUrl":null},{"id":13005,"message":"Qualitative Alert for Product Family :PENICILLIN G Assigned for Review","type":"Assigned To Change","user":{"id":8877,"username":"bhagya","fullName":"bhagya"},"createdOn":"2019-11-08T07:13:26Z","level":null,"executedConfigId":null,"detailUrl":null},{"id":13000,"message":"Qualitative Alert for Product Family :PENICILLIN G Assigned for Review","type":"Assigned To Change","user":{"id":8877,"username":"bhagya","fullName":"bhagya"},"createdOn":"2019-11-08T07:13:25Z","level":null,"executedConfigId":null,"detailUrl":null},{"id":12995,"message":"Qualitative Alert for Product Family :PENICILLIN G Assigned for Review","type":"Assigned To Change","user":{"id":8877,"username":"bhagya","fullName":"bhagya"},"createdOn":"2019-11-08T07:13:25Z","level":null,"executedConfigId":null,"detailUrl":null},{"id":12990,"message":"Qualitative Alert for Product Family :PENICILLIN G Assigned for Review","type":"Assigned To Change","user":{"id":8877,"username":"bhagya","fullName":"bhagya"},"createdOn":"2019-11-08T07:13:25Z","level":null,"executedConfigId":null,"detailUrl":null},{"id":12985,"message":"Qualitative Alert for Product Family :PENICILLIN G Assigned for Review","type":"Assigned To Change","user":{"id":8877,"username":"bhagya","fullName":"bhagya"},"createdOn":"2019-11-08T07:13:25Z","level":null,"executedConfigId":null,"detailUrl":null},{"id":12980,"message":"Qualitative Alert for Product Family :PENICILLIN G Assigned for Review","type":"Assigned To Change","user":{"id":8877,"username":"bhagya","fullName":"bhagya"},"createdOn":"2019-11-08T07:13:25Z","level":null,"executedConfigId":null,"detailUrl":null},{"id":12975,"message":"Qualitative Alert for Product Family :PENICILLIN G Assigned for Review","type":"Assigned To Change","user":{"id":8877,"username":"bhagya","fullName":"bhagya"},"createdOn":"2019-11-08T07:13:25Z","level":null,"executedConfigId":null,"detailUrl":null},{"id":12970,"message":"Qualitative Alert for Product Family :PENICILLIN G Assigned for Review","type":"Assigned To Change","user":{"id":8877,"username":"bhagya","fullName":"bhagya"},"createdOn":"2019-11-08T07:13:25Z","level":null,"executedConfigId":null,"detailUrl":null},{"id":12965,"message":"Qualitative Alert for Product Family :PENICILLIN G Assigned for Review","type":"Assigned To Change","user":{"id":8877,"username":"bhagya","fullName":"bhagya"},"createdOn":"2019-11-08T07:13:25Z","level":null,"executedConfigId":null,"detailUrl":null},{"id":12960,"message":"Qualitative Alert for Product Family :PENICILLIN G Assigned for Review","type":"Assigned To Change","user":{"id":8877,"username":"bhagya","fullName":"bhagya"},"createdOn":"2019-11-08T07:13:25Z","level":null,"executedConfigId":null,"detailUrl":null},{"id":12955,"message":"Qualitative Alert for Product Family :PENICILLIN G Assigned for Review","type":"Assigned To Change","user":{"id":8877,"username":"bhagya","fullName":"bhagya"},"createdOn":"2019-11-08T07:13:24Z","level":null,"executedConfigId":null,"detailUrl":null},{"id":12950,"message":"Qualitative Alert for Product Family :PENICILLIN G Assigned for Review","type":"Assigned To Change","user":{"id":8877,"username":"bhagya","fullName":"bhagya"},"createdOn":"2019-11-08T07:13:24Z","level":null,"executedConfigId":null,"detailUrl":null},{"id":12945,"message":"Qualitative Alert for Product Family :PENICILLIN G Assigned for Review","type":"Assigned To Change","user":{"id":8877,"username":"bhagya","fullName":"bhagya"},"createdOn":"2019-11-08T07:13:24Z","level":null,"executedConfigId":null,"detailUrl":null},{"id":12940,"message":"Qualitative Alert for Product Family :PENICILLIN G Assigned for Review","type":"Assigned To Change","user":{"id":8877,"username":"bhagya","fullName":"bhagya"},"createdOn":"2019-11-08T07:13:24Z","level":null,"executedConfigId":null,"detailUrl":null},{"id":12935,"message":"Qualitative Alert for Product Family :PENICILLIN G Assigned for Review","type":"Assigned To Change","user":{"id":8877,"username":"bhagya","fullName":"bhagya"},"createdOn":"2019-11-08T07:13:24Z","level":null,"executedConfigId":null,"detailUrl":null},{"id":12930,"message":"Qualitative Alert for Product Family :PENICILLIN G Assigned for Review","type":"Assigned To Change","user":{"id":8877,"username":"bhagya","fullName":"bhagya"},"createdOn":"2019-11-08T07:13:24Z","level":null,"executedConfigId":null,"detailUrl":null},{"id":12925,"message":"Qualitative Alert for Product Family :PENICILLIN G Assigned for Review","type":"Assigned To Change","user":{"id":8877,"username":"bhagya","fullName":"bhagya"},"createdOn":"2019-11-08T07:13:24Z","level":null,"executedConfigId":null,"detailUrl":null},{"id":12920,"message":"Qualitative Alert for Product Family :PENICILLIN G Assigned for Review","type":"Assigned To Change","user":{"id":8877,"username":"bhagya","fullName":"bhagya"},"createdOn":"2019-11-08T07:13:24Z","level":null,"executedConfigId":null,"detailUrl":null},{"id":12915,"message":"Qualitative Alert for Product Family :PENICILLIN G Assigned for Review","type":"Assigned To Change","user":{"id":8877,"username":"bhagya","fullName":"bhagya"},"createdOn":"2019-11-08T07:13:24Z","level":null,"executedConfigId":null,"detailUrl":null}]