[{"id":13861,"message":"Qualitative Alert for Product Family :PENICILLIN G Assigned for Review","type":"Assigned To Change","user":{"id":8877,"username":"bhagya","fullName":"bhagya"},"createdOn":"2019-11-08T07:23:15Z","level":null,"executedConfigId":null,"detailUrl":null},{"id":13856,"message":"Qualitative Alert for Product Family :PENICILLIN G Assigned for Review","type":"Assigned To Change","user":{"id":8877,"username":"bhagya","fullName":"bhagya"},"createdOn":"2019-11-08T07:23:15Z","level":null,"executedConfigId":null,"detailUrl":null},{"id":13851,"message":"Qualitative Alert for Product Family :PENICILLIN G Assigned for Review","type":"Assigned To Change","user":{"id":8877,"username":"bhagya","fullName":"bhagya"},"createdOn":"2019-11-08T07:23:15Z","level":null,"executedConfigId":null,"detailUrl":null},{"id":13846,"message":"Qualitative Alert for Product Family :PENICILLIN G Assigned for Review","type":"Assigned To Change","user":{"id":8877,"username":"bhagya","fullName":"bhagya"},"createdOn":"2019-11-08T07:23:15Z","level":null,"executedConfigId":null,"detailUrl":null},{"id":13841,"message":"Qualitative Alert for Product Family :PENICILLIN G Assigned for Review","type":"Assigned To Change","user":{"id":8877,"username":"bhagya","fullName":"bhagya"},"createdOn":"2019-11-08T07:23:15Z","level":null,"executedConfigId":null,"detailUrl":null},{"id":13836,"message":"Qualitative Alert for Product Family :PENICILLIN G Assigned for Review","type":"Assigned To Change","user":{"id":8877,"username":"bhagya","fullName":"bhagya"},"createdOn":"2019-11-08T07:23:14Z","level":null,"executedConfigId":null,"detailUrl":null},{"id":13831,"message":"Qualitative Alert for Product Family :PENICILLIN G Assigned for Review","type":"Assigned To Change","user":{"id":8877,"username":"bhagya","fullName":"bhagya"},"createdOn":"2019-11-08T07:23:14Z","level":null,"executedConfigId":null,"detailUrl":null},{"id":13826,"message":"Qualitative Alert for Product Family :PENICILLIN G Assigned for Review","type":"Assigned To Change","user":{"id":8877,"username":"bhagya","fullName":"bhagya"},"createdOn":"2019-11-08T07:23:14Z","level":null,"executedConfigId":null,"detailUrl":null},{"id":13821,"message":"Qualitative Alert for Product Family :PENICILLIN G Assigned for Review","type":"Assigned To Change","user":{"id":8877,"username":"bhagya","fullName":"bhagya"},"createdOn":"2019-11-08T07:23:14Z","level":null,"executedConfigId":null,"detailUrl":null},{"id":13816,"message":"Qualitative Alert for Product Family :PENICILLIN G Assigned for Review","type":"Assigned To Change","user":{"id":8877,"username":"bhagya","fullName":"bhagya"},"createdOn":"2019-11-08T07:23:14Z","level":null,"executedConfigId":null,"detailUrl":null},{"id":13811,"message":"Qualitative Alert for Product Family :PENICILLIN G Assigned for Review","type":"Assigned To Change","user":{"id":8877,"username":"bhagya","fullName":"bhagya"},"createdOn":"2019-11-08T07:23:14Z","level":null,"executedConfigId":null,"detailUrl":null},{"id":13806,"message":"Qualitative Alert for Product Family :PENICILLIN G Assigned for Review","type":"Assigned To Change","user":{"id":8877,"username":"bhagya","fullName":"bhagya"},"createdOn":"2019-11-08T07:23:13Z","level":null,"executedConfigId":null,"detailUrl":null},{"id":13801,"message":"Qualitative Alert for Product Family :PENICILLIN G Assigned for Review","type":"Assigned To Change","user":{"id":8877,"username":"bhagya","fullName":"bhagya"},"createdOn":"2019-11-08T07:23:13Z","level":null,"executedConfigId":null,"detailUrl":null},{"id":13796,"message":"Qualitative Alert for Product Family :PENICILLIN G Assigned for Review","type":"Assigned To Change","user":{"id":8877,"username":"bhagya","fullName":"bhagya"},"createdOn":"2019-11-08T07:23:13Z","level":null,"executedConfigId":null,"detailUrl":null},{"id":13791,"message":"Qualitative Alert for Product Family :PENICILLIN G Assigned for Review","type":"Assigned To Change","user":{"id":8877,"username":"bhagya","fullName":"bhagya"},"createdOn":"2019-11-08T07:23:13Z","level":null,"executedConfigId":null,"detailUrl":null},{"id":13786,"message":"Qualitative Alert for Product Family :PENICILLIN G Assigned for Review","type":"Assigned To Change","user":{"id":8877,"username":"bhagya","fullName":"bhagya"},"createdOn":"2019-11-08T07:23:13Z","level":null,"executedConfigId":null,"detailUrl":null},{"id":13781,"message":"Qualitative Alert for Product Family :PENICILLIN G Assigned for Review","type":"Assigned To Change","user":{"id":8877,"username":"bhagya","fullName":"bhagya"},"createdOn":"2019-11-08T07:23:13Z","level":null,"executedConfigId":null,"detailUrl":null},{"id":13776,"message":"Qualitative Alert for Product Family :PENICILLIN G Assigned for Review","type":"Assigned To Change","user":{"id":8877,"username":"bhagya","fullName":"bhagya"},"createdOn":"2019-11-08T07:23:13Z","level":null,"executedConfigId":null,"detailUrl":null},{"id":13771,"message":"Qualitative Alert for Product Family :PENICILLIN G Assigned for Review","type":"Assigned To Change","user":{"id":8877,"username":"bhagya","fullName":"bhagya"},"createdOn":"2019-11-08T07:23:12Z","level":null,"executedConfigId":null,"detailUrl":null},{"id":13766,"message":"Qualitative Alert for Product Family :PENICILLIN G Assigned for Review","type":"Assigned To Change","user":{"id":8877,"username":"bhagya","fullName":"bhagya"},"createdOn":"2019-11-08T07:23:12Z","level":null,"executedConfigId":null,"detailUrl":null},{"id":13761,"message":"Qualitative Alert for Product Family :PENICILLIN G Assigned for Review","type":"Assigned To Change","user":{"id":8877,"username":"bhagya","fullName":"bhagya"},"createdOn":"2019-11-08T07:23:12Z","level":null,"executedConfigId":null,"detailUrl":null},{"id":13756,"message":"Qualitative Alert for Product Family :PENICILLIN G Assigned for Review","type":"Assigned To Change","user":{"id":8877,"username":"bhagya","fullName":"bhagya"},"createdOn":"2019-11-08T07:23:12Z","level":null,"executedConfigId":null,"detailUrl":null},{"id":13751,"message":"Qualitative Alert for Product Family :PENICILLIN G Assigned for Review","type":"Assigned To Change","user":{"id":8877,"username":"bhagya","fullName":"bhagya"},"createdOn":"2019-11-08T07:23:12Z","level":null,"executedConfigId":null,"detailUrl":null},{"id":13746,"message":"Qualitative Alert for Product Family :PENICILLIN G Assigned for Review","type":"Assigned To Change","user":{"id":8877,"username":"bhagya","fullName":"bhagya"},"createdOn":"2019-11-08T07:23:12Z","level":null,"executedConfigId":null,"detailUrl":null},{"id":13741,"message":"Qualitative Alert for Product Family :PENICILLIN G Assigned for Review","type":"Assigned To Change","user":{"id":8877,"username":"bhagya","fullName":"bhagya"},"createdOn":"2019-11-08T07:23:12Z","level":null,"executedConfigId":null,"detailUrl":null},{"id":13736,"message":"Qualitative Alert for Product Family :PENICILLIN G Assigned for Review","type":"Assigned To Change","user":{"id":8877,"username":"bhagya","fullName":"bhagya"},"createdOn":"2019-11-08T07:23:11Z","level":null,"executedConfigId":null,"detailUrl":null},{"id":13731,"message":"Qualitative Alert for Product Family :PENICILLIN G Assigned for Review","type":"Assigned To Change","user":{"id":8877,"username":"bhagya","fullName":"bhagya"},"createdOn":"2019-11-08T07:23:11Z","level":null,"executedConfigId":null,"detailUrl":null},{"id":13726,"message":"Qualitative Alert for Product Family :PENICILLIN G Assigned for Review","type":"Assigned To Change","user":{"id":8877,"username":"bhagya","fullName":"bhagya"},"createdOn":"2019-11-08T07:23:11Z","level":null,"executedConfigId":null,"detailUrl":null},{"id":13721,"message":"Qualitative Alert for Product Family :PENICILLIN G Assigned for Review","type":"Assigned To Change","user":{"id":8877,"username":"bhagya","fullName":"bhagya"},"createdOn":"2019-11-08T07:23:11Z","level":null,"executedConfigId":null,"detailUrl":null},{"id":13716,"message":"Qualitative Alert for Product Family :PENICILLIN G Assigned for Review","type":"Assigned To Change","user":{"id":8877,"username":"bhagya","fullName":"bhagya"},"createdOn":"2019-11-08T07:23:11Z","level":null,"executedConfigId":null,"detailUrl":null},{"id":13711,"message":"Qualitative Alert for Product Family :PENICILLIN G Assigned for Review","type":"Assigned To Change","user":{"id":8877,"username":"bhagya","fullName":"bhagya"},"createdOn":"2019-11-08T07:23:11Z","level":null,"executedConfigId":null,"detailUrl":null},{"id":13706,"message":"Qualitative Alert for Product Family :PENICILLIN G Assigned for Review","type":"Assigned To Change","user":{"id":8877,"username":"bhagya","fullName":"bhagya"},"createdOn":"2019-11-08T07:23:11Z","level":null,"executedConfigId":null,"detailUrl":null},{"id":13701,"message":"Qualitative Alert for Product Family :PENICILLIN G Assigned for Review","type":"Assigned To Change","user":{"id":8877,"username":"bhagya","fullName":"bhagya"},"createdOn":"2019-11-08T07:23:11Z","level":null,"executedConfigId":null,"detailUrl":null},{"id":13696,"message":"Qualitative Alert for Product Family :PENICILLIN G Assigned for Review","type":"Assigned To Change","user":{"id":8877,"username":"bhagya","fullName":"bhagya"},"createdOn":"2019-11-08T07:23:11Z","level":null,"executedConfigId":null,"detailUrl":null},{"id":13691,"message":"Qualitative Alert for Product Family :PENICILLIN G Assigned for Review","type":"Assigned To Change","user":{"id":8877,"username":"bhagya","fullName":"bhagya"},"createdOn":"2019-11-08T07:23:10Z","level":null,"executedConfigId":null,"detailUrl":null},{"id":13686,"message":"Qualitative Alert for Product Family :PENICILLIN G Assigned for Review","type":"Assigned To Change","user":{"id":8877,"username":"bhagya","fullName":"bhagya"},"createdOn":"2019-11-08T07:23:10Z","level":null,"executedConfigId":null,"detailUrl":null},{"id":13681,"message":"Qualitative Alert for Product Family :PENICILLIN G Assigned for Review","type":"Assigned To Change","user":{"id":8877,"username":"bhagya","fullName":"bhagya"},"createdOn":"2019-11-08T07:23:10Z","level":null,"executedConfigId":null,"detailUrl":null},{"id":13676,"message":"Qualitative Alert for Product Family :PENICILLIN G Assigned for Review","type":"Assigned To Change","user":{"id":8877,"username":"bhagya","fullName":"bhagya"},"createdOn":"2019-11-08T07:23:10Z","level":null,"executedConfigId":null,"detailUrl":null},{"id":13671,"message":"Qualitative Alert for Product Family :PENICILLIN G Assigned for Review","type":"Assigned To Change","user":{"id":8877,"username":"bhagya","fullName":"bhagya"},"createdOn":"2019-11-08T07:23:10Z","level":null,"executedConfigId":null,"detailUrl":null},{"id":13666,"message":"Qualitative Alert for Product Family :PENICILLIN G Assigned for Review","type":"Assigned To Change","user":{"id":8877,"username":"bhagya","fullName":"bhagya"},"createdOn":"2019-11-08T07:23:10Z","level":null,"executedConfigId":null,"detailUrl":null},{"id":13661,"message":"Qualitative Alert for Product Family :PENICILLIN G Assigned for Review","type":"Assigned To Change","user":{"id":8877,"username":"bhagya","fullName":"bhagya"},"createdOn":"2019-11-08T07:23:10Z","level":null,"executedConfigId":null,"detailUrl":null},{"id":13656,"message":"Qualitative Alert for Product Family :PENICILLIN G Assigned for Review","type":"Assigned To Change","user":{"id":8877,"username":"bhagya","fullName":"bhagya"},"createdOn":"2019-11-08T07:23:10Z","level":null,"executedConfigId":null,"detailUrl":null},{"id":13651,"message":"Qualitative Alert for Product Family :PENICILLIN G Assigned for Review","type":"Assigned To Change","user":{"id":8877,"username":"bhagya","fullName":"bhagya"},"createdOn":"2019-11-08T07:23:10Z","level":null,"executedConfigId":null,"detailUrl":null},{"id":13646,"message":"Qualitative Alert for Product Family :PENICILLIN G Assigned for Review","type":"Assigned To Change","user":{"id":8877,"username":"bhagya","fullName":"bhagya"},"createdOn":"2019-11-08T07:23:09Z","level":null,"executedConfigId":null,"detailUrl":null},{"id":13641,"message":"Qualitative Alert for Product Family :PENICILLIN G Assigned for Review","type":"Assigned To Change","user":{"id":8877,"username":"bhagya","fullName":"bhagya"},"createdOn":"2019-11-08T07:23:09Z","level":null,"executedConfigId":null,"detailUrl":null},{"id":13636,"message":"Qualitative Alert for Product Family :PENICILLIN G Assigned for Review","type":"Assigned To Change","user":{"id":8877,"username":"bhagya","fullName":"bhagya"},"createdOn":"2019-11-08T07:23:09Z","level":null,"executedConfigId":null,"detailUrl":null},{"id":13631,"message":"Qualitative Alert for Product Family :PENICILLIN G Assigned for Review","type":"Assigned To Change","user":{"id":8877,"username":"bhagya","fullName":"bhagya"},"createdOn":"2019-11-08T07:23:09Z","level":null,"executedConfigId":null,"detailUrl":null},{"id":13626,"message":"Qualitative Alert for Product Family :PENICILLIN G Assigned for Review","type":"Assigned To Change","user":{"id":8877,"username":"bhagya","fullName":"bhagya"},"createdOn":"2019-11-08T07:23:09Z","level":null,"executedConfigId":null,"detailUrl":null},{"id":13621,"message":"Qualitative Alert for Product Family :PENICILLIN G Assigned for Review","type":"Assigned To Change","user":{"id":8877,"username":"bhagya","fullName":"bhagya"},"createdOn":"2019-11-08T07:23:09Z","level":null,"executedConfigId":null,"detailUrl":null},{"id":13616,"message":"Qualitative Alert for Product Family :PENICILLIN G Assigned for Review","type":"Assigned To Change","user":{"id":8877,"username":"bhagya","fullName":"bhagya"},"createdOn":"2019-11-08T07:23:09Z","level":null,"executedConfigId":null,"detailUrl":null},{"id":13408,"message":"Qualitative Alert for Product Family :PENICILLIN G Assigned for Review","type":"Assigned To Change","user":{"id":8877,"username":"bhagya","fullName":"bhagya"},"createdOn":"2019-11-08T07:13:51Z","level":null,"executedConfigId":null,"detailUrl":null},{"id":13403,"message":"Qualitative Alert for Product Family :PENICILLIN G Assigned for Review","type":"Assigned To Change","user":{"id":8877,"username":"bhagya","fullName":"bhagya"},"createdOn":"2019-11-08T07:13:51Z","level":null,"executedConfigId":null,"detailUrl":null},{"id":13398,"message":"Qualitative Alert for Product Family :PENICILLIN G Assigned for Review","type":"Assigned To Change","user":{"id":8877,"username":"bhagya","fullName":"bhagya"},"createdOn":"2019-11-08T07:13:50Z","level":null,"executedConfigId":null,"detailUrl":null},{"id":13393,"message":"Qualitative Alert for Product Family :PENICILLIN G Assigned for Review","type":"Assigned To Change","user":{"id":8877,"username":"bhagya","fullName":"bhagya"},"createdOn":"2019-11-08T07:13:50Z","level":null,"executedConfigId":null,"detailUrl":null},{"id":13388,"message":"Qualitative Alert for Product Family :PENICILLIN G Assigned for Review","type":"Assigned To Change","user":{"id":8877,"username":"bhagya","fullName":"bhagya"},"createdOn":"2019-11-08T07:13:50Z","level":null,"executedConfigId":null,"detailUrl":null},{"id":13383,"message":"Qualitative Alert for Product Family :PENICILLIN G Assigned for Review","type":"Assigned To Change","user":{"id":8877,"username":"bhagya","fullName":"bhagya"},"createdOn":"2019-11-08T07:13:50Z","level":null,"executedConfigId":null,"detailUrl":null},{"id":13378,"message":"Qualitative Alert for Product Family :PENICILLIN G Assigned for Review","type":"Assigned To Change","user":{"id":8877,"username":"bhagya","fullName":"bhagya"},"createdOn":"2019-11-08T07:13:50Z","level":null,"executedConfigId":null,"detailUrl":null},{"id":13373,"message":"Qualitative Alert for Product Family :PENICILLIN G Assigned for Review","type":"Assigned To Change","user":{"id":8877,"username":"bhagya","fullName":"bhagya"},"createdOn":"2019-11-08T07:13:49Z","level":null,"executedConfigId":null,"detailUrl":null},{"id":13368,"message":"Qualitative Alert for Product Family :PENICILLIN G Assigned for Review","type":"Assigned To Change","user":{"id":8877,"username":"bhagya","fullName":"bhagya"},"createdOn":"2019-11-08T07:13:49Z","level":null,"executedConfigId":null,"detailUrl":null},{"id":13363,"message":"Qualitative Alert for Product Family :PENICILLIN G Assigned for Review","type":"Assigned To Change","user":{"id":8877,"username":"bhagya","fullName":"bhagya"},"createdOn":"2019-11-08T07:13:49Z","level":null,"executedConfigId":null,"detailUrl":null},{"id":13358,"message":"Qualitative Alert for Product Family :PENICILLIN G Assigned for Review","type":"Assigned To Change","user":{"id":8877,"username":"bhagya","fullName":"bhagya"},"createdOn":"2019-11-08T07:13:49Z","level":null,"executedConfigId":null,"detailUrl":null},{"id":13353,"message":"Qualitative Alert for Product Family :PENICILLIN G Assigned for Review","type":"Assigned To Change","user":{"id":8877,"username":"bhagya","fullName":"bhagya"},"createdOn":"2019-11-08T07:13:49Z","level":null,"executedConfigId":null,"detailUrl":null},{"id":13348,"message":"Qualitative Alert for Product Family :PENICILLIN G Assigned for Review","type":"Assigned To Change","user":{"id":8877,"username":"bhagya","fullName":"bhagya"},"createdOn":"2019-11-08T07:13:48Z","level":null,"executedConfigId":null,"detailUrl":null},{"id":13343,"message":"Qualitative Alert for Product Family :PENICILLIN G Assigned for Review","type":"Assigned To Change","user":{"id":8877,"username":"bhagya","fullName":"bhagya"},"createdOn":"2019-11-08T07:13:48Z","level":null,"executedConfigId":null,"detailUrl":null},{"id":13338,"message":"Qualitative Alert for Product Family :PENICILLIN G Assigned for Review","type":"Assigned To Change","user":{"id":8877,"username":"bhagya","fullName":"bhagya"},"createdOn":"2019-11-08T07:13:48Z","level":null,"executedConfigId":null,"detailUrl":null},{"id":13333,"message":"Qualitative Alert for Product Family :PENICILLIN G Assigned for Review","type":"Assigned To Change","user":{"id":8877,"username":"bhagya","fullName":"bhagya"},"createdOn":"2019-11-08T07:13:48Z","level":null,"executedConfigId":null,"detailUrl":null},{"id":13328,"message":"Qualitative Alert for Product Family :PENICILLIN G Assigned for Review","type":"Assigned To Change","user":{"id":8877,"username":"bhagya","fullName":"bhagya"},"createdOn":"2019-11-08T07:13:48Z","level":null,"executedConfigId":null,"detailUrl":null},{"id":13323,"message":"Qualitative Alert for Product Family :PENICILLIN G Assigned for Review","type":"Assigned To Change","user":{"id":8877,"username":"bhagya","fullName":"bhagya"},"createdOn":"2019-11-08T07:13:48Z","level":null,"executedConfigId":null,"detailUrl":null},{"id":13318,"message":"Qualitative Alert for Product Family :PENICILLIN G Assigned for Review","type":"Assigned To Change","user":{"id":8877,"username":"bhagya","fullName":"bhagya"},"createdOn":"2019-11-08T07:13:47Z","level":null,"executedConfigId":null,"detailUrl":null},{"id":13313,"message":"Qualitative Alert for Product Family :PENICILLIN G Assigned for Review","type":"Assigned To Change","user":{"id":8877,"username":"bhagya","fullName":"bhagya"},"createdOn":"2019-11-08T07:13:47Z","level":null,"executedConfigId":null,"detailUrl":null},{"id":13308,"message":"Qualitative Alert for Product Family :PENICILLIN G Assigned for Review","type":"Assigned To Change","user":{"id":8877,"username":"bhagya","fullName":"bhagya"},"createdOn":"2019-11-08T07:13:47Z","level":null,"executedConfigId":null,"detailUrl":null},{"id":13303,"message":"Qualitative Alert for Product Family :PENICILLIN G Assigned for Review","type":"Assigned To Change","user":{"id":8877,"username":"bhagya","fullName":"bhagya"},"createdOn":"2019-11-08T07:13:47Z","level":null,"executedConfigId":null,"detailUrl":null},{"id":13298,"message":"Qualitative Alert for Product Family :PENICILLIN G Assigned for Review","type":"Assigned To Change","user":{"id":8877,"username":"bhagya","fullName":"bhagya"},"createdOn":"2019-11-08T07:13:47Z","level":null,"executedConfigId":null,"detailUrl":null},{"id":13293,"message":"Qualitative Alert for Product Family :PENICILLIN G Assigned for Review","type":"Assigned To Change","user":{"id":8877,"username":"bhagya","fullName":"bhagya"},"createdOn":"2019-11-08T07:13:46Z","level":null,"executedConfigId":null,"detailUrl":null},{"id":13288,"message":"Qualitative Alert for Product Family :PENICILLIN G Assigned for Review","type":"Assigned To Change","user":{"id":8877,"username":"bhagya","fullName":"bhagya"},"createdOn":"2019-11-08T07:13:46Z","level":null,"executedConfigId":null,"detailUrl":null},{"id":13283,"message":"Qualitative Alert for Product Family :PENICILLIN G Assigned for Review","type":"Assigned To Change","user":{"id":8877,"username":"bhagya","fullName":"bhagya"},"createdOn":"2019-11-08T07:13:46Z","level":null,"executedConfigId":null,"detailUrl":null},{"id":13278,"message":"Qualitative Alert for Product Family :PENICILLIN G Assigned for Review","type":"Assigned To Change","user":{"id":8877,"username":"bhagya","fullName":"bhagya"},"createdOn":"2019-11-08T07:13:46Z","level":null,"executedConfigId":null,"detailUrl":null},{"id":13273,"message":"Qualitative Alert for Product Family :PENICILLIN G Assigned for Review","type":"Assigned To Change","user":{"id":8877,"username":"bhagya","fullName":"bhagya"},"createdOn":"2019-11-08T07:13:46Z","level":null,"executedConfigId":null,"detailUrl":null},{"id":13268,"message":"Qualitative Alert for Product Family :PENICILLIN G Assigned for Review","type":"Assigned To Change","user":{"id":8877,"username":"bhagya","fullName":"bhagya"},"createdOn":"2019-11-08T07:13:46Z","level":null,"executedConfigId":null,"detailUrl":null},{"id":13263,"message":"Qualitative Alert for Product Family :PENICILLIN G Assigned for Review","type":"Assigned To Change","user":{"id":8877,"username":"bhagya","fullName":"bhagya"},"createdOn":"2019-11-08T07:13:46Z","level":null,"executedConfigId":null,"detailUrl":null},{"id":13258,"message":"Qualitative Alert for Product Family :PENICILLIN G Assigned for Review","type":"Assigned To Change","user":{"id":8877,"username":"bhagya","fullName":"bhagya"},"createdOn":"2019-11-08T07:13:45Z","level":null,"executedConfigId":null,"detailUrl":null},{"id":13253,"message":"Qualitative Alert for Product Family :PENICILLIN G Assigned for Review","type":"Assigned To Change","user":{"id":8877,"username":"bhagya","fullName":"bhagya"},"createdOn":"2019-11-08T07:13:45Z","level":null,"executedConfigId":null,"detailUrl":null},{"id":13248,"message":"Qualitative Alert for Product Family :PENICILLIN G Assigned for Review","type":"Assigned To Change","user":{"id":8877,"username":"bhagya","fullName":"bhagya"},"createdOn":"2019-11-08T07:13:45Z","level":null,"executedConfigId":null,"detailUrl":null},{"id":13243,"message":"Qualitative Alert for Product Family :PENICILLIN G Assigned for Review","type":"Assigned To Change","user":{"id":8877,"username":"bhagya","fullName":"bhagya"},"createdOn":"2019-11-08T07:13:45Z","level":null,"executedConfigId":null,"detailUrl":null},{"id":13238,"message":"Qualitative Alert for Product Family :PENICILLIN G Assigned for Review","type":"Assigned To Change","user":{"id":8877,"username":"bhagya","fullName":"bhagya"},"createdOn":"2019-11-08T07:13:45Z","level":null,"executedConfigId":null,"detailUrl":null},{"id":13233,"message":"Qualitative Alert for Product Family :PENICILLIN G Assigned for Review","type":"Assigned To Change","user":{"id":8877,"username":"bhagya","fullName":"bhagya"},"createdOn":"2019-11-08T07:13:45Z","level":null,"executedConfigId":null,"detailUrl":null},{"id":13228,"message":"Qualitative Alert for Product Family :PENICILLIN G Assigned for Review","type":"Assigned To Change","user":{"id":8877,"username":"bhagya","fullName":"bhagya"},"createdOn":"2019-11-08T07:13:44Z","level":null,"executedConfigId":null,"detailUrl":null},{"id":13223,"message":"Qualitative Alert for Product Family :PENICILLIN G Assigned for Review","type":"Assigned To Change","user":{"id":8877,"username":"bhagya","fullName":"bhagya"},"createdOn":"2019-11-08T07:13:44Z","level":null,"executedConfigId":null,"detailUrl":null},{"id":13218,"message":"Qualitative Alert for Product Family :PENICILLIN G Assigned for Review","type":"Assigned To Change","user":{"id":8877,"username":"bhagya","fullName":"bhagya"},"createdOn":"2019-11-08T07:13:44Z","level":null,"executedConfigId":null,"detailUrl":null},{"id":13213,"message":"Qualitative Alert for Product Family :PENICILLIN G Assigned for Review","type":"Assigned To Change","user":{"id":8877,"username":"bhagya","fullName":"bhagya"},"createdOn":"2019-11-08T07:13:44Z","level":null,"executedConfigId":null,"detailUrl":null},{"id":13208,"message":"Qualitative Alert for Product Family :PENICILLIN G Assigned for Review","type":"Assigned To Change","user":{"id":8877,"username":"bhagya","fullName":"bhagya"},"createdOn":"2019-11-08T07:13:44Z","level":null,"executedConfigId":null,"detailUrl":null},{"id":13203,"message":"Qualitative Alert for Product Family :PENICILLIN G Assigned for Review","type":"Assigned To Change","user":{"id":8877,"username":"bhagya","fullName":"bhagya"},"createdOn":"2019-11-08T07:13:44Z","level":null,"executedConfigId":null,"detailUrl":null},{"id":13198,"message":"Qualitative Alert for Product Family :PENICILLIN G Assigned for Review","type":"Assigned To Change","user":{"id":8877,"username":"bhagya","fullName":"bhagya"},"createdOn":"2019-11-08T07:13:44Z","level":null,"executedConfigId":null,"detailUrl":null},{"id":13193,"message":"Qualitative Alert for Product Family :PENICILLIN G Assigned for Review","type":"Assigned To Change","user":{"id":8877,"username":"bhagya","fullName":"bhagya"},"createdOn":"2019-11-08T07:13:44Z","level":null,"executedConfigId":null,"detailUrl":null},{"id":13188,"message":"Qualitative Alert for Product Family :PENICILLIN G Assigned for Review","type":"Assigned To Change","user":{"id":8877,"username":"bhagya","fullName":"bhagya"},"createdOn":"2019-11-08T07:13:43Z","level":null,"executedConfigId":null,"detailUrl":null},{"id":13183,"message":"Qualitative Alert for Product Family :PENICILLIN G Assigned for Review","type":"Assigned To Change","user":{"id":8877,"username":"bhagya","fullName":"bhagya"},"createdOn":"2019-11-08T07:13:43Z","level":null,"executedConfigId":null,"detailUrl":null},{"id":13178,"message":"Qualitative Alert for Product Family :PENICILLIN G Assigned for Review","type":"Assigned To Change","user":{"id":8877,"username":"bhagya","fullName":"bhagya"},"createdOn":"2019-11-08T07:13:43Z","level":null,"executedConfigId":null,"detailUrl":null},{"id":13173,"message":"Qualitative Alert for Product Family :PENICILLIN G Assigned for Review","type":"Assigned To Change","user":{"id":8877,"username":"bhagya","fullName":"bhagya"},"createdOn":"2019-11-08T07:13:43Z","level":null,"executedConfigId":null,"detailUrl":null},{"id":13168,"message":"Qualitative Alert for Product Family :PENICILLIN G Assigned for Review","type":"Assigned To Change","user":{"id":8877,"username":"bhagya","fullName":"bhagya"},"createdOn":"2019-11-08T07:13:43Z","level":null,"executedConfigId":null,"detailUrl":null},{"id":13163,"message":"Qualitative Alert for Product Family :PENICILLIN G Assigned for Review","type":"Assigned To Change","user":{"id":8877,"username":"bhagya","fullName":"bhagya"},"createdOn":"2019-11-08T07:13:43Z","level":null,"executedConfigId":null,"detailUrl":null}]