[{"id":14109,"message":"Qualitative Alert for Product Family :PENICILLIN G Assigned for Review","type":"Assigned To Change","user":{"id":8877,"username":"bhagya","fullName":"bhagya"},"createdOn":"2019-11-08T07:23:54Z","level":null,"executedConfigId":null,"detailUrl":null},{"id":14104,"message":"Qualitative Alert for Product Family :PENICILLIN G Assigned for Review","type":"Assigned To Change","user":{"id":8877,"username":"bhagya","fullName":"bhagya"},"createdOn":"2019-11-08T07:23:54Z","level":null,"executedConfigId":null,"detailUrl":null},{"id":14099,"message":"Qualitative Alert for Product Family :PENICILLIN G Assigned for Review","type":"Assigned To Change","user":{"id":8877,"username":"bhagya","fullName":"bhagya"},"createdOn":"2019-11-08T07:23:54Z","level":null,"executedConfigId":null,"detailUrl":null},{"id":14094,"message":"Qualitative Alert for Product Family :PENICILLIN G Assigned for Review","type":"Assigned To Change","user":{"id":8877,"username":"bhagya","fullName":"bhagya"},"createdOn":"2019-11-08T07:23:54Z","level":null,"executedConfigId":null,"detailUrl":null},{"id":14089,"message":"Qualitative Alert for Product Family :PENICILLIN G Assigned for Review","type":"Assigned To Change","user":{"id":8877,"username":"bhagya","fullName":"bhagya"},"createdOn":"2019-11-08T07:23:54Z","level":null,"executedConfigId":null,"detailUrl":null},{"id":14084,"message":"Qualitative Alert for Product Family :PENICILLIN G Assigned for Review","type":"Assigned To Change","user":{"id":8877,"username":"bhagya","fullName":"bhagya"},"createdOn":"2019-11-08T07:23:53Z","level":null,"executedConfigId":null,"detailUrl":null},{"id":14079,"message":"Qualitative Alert for Product Family :PENICILLIN G Assigned for Review","type":"Assigned To Change","user":{"id":8877,"username":"bhagya","fullName":"bhagya"},"createdOn":"2019-11-08T07:23:53Z","level":null,"executedConfigId":null,"detailUrl":null},{"id":14074,"message":"Qualitative Alert for Product Family :PENICILLIN G Assigned for Review","type":"Assigned To Change","user":{"id":8877,"username":"bhagya","fullName":"bhagya"},"createdOn":"2019-11-08T07:23:53Z","level":null,"executedConfigId":null,"detailUrl":null},{"id":14069,"message":"Qualitative Alert for Product Family :PENICILLIN G Assigned for Review","type":"Assigned To Change","user":{"id":8877,"username":"bhagya","fullName":"bhagya"},"createdOn":"2019-11-08T07:23:53Z","level":null,"executedConfigId":null,"detailUrl":null},{"id":14064,"message":"Qualitative Alert for Product Family :PENICILLIN G Assigned for Review","type":"Assigned To Change","user":{"id":8877,"username":"bhagya","fullName":"bhagya"},"createdOn":"2019-11-08T07:23:53Z","level":null,"executedConfigId":null,"detailUrl":null},{"id":14059,"message":"Qualitative Alert for Product Family :PENICILLIN G Assigned for Review","type":"Assigned To Change","user":{"id":8877,"username":"bhagya","fullName":"bhagya"},"createdOn":"2019-11-08T07:23:52Z","level":null,"executedConfigId":null,"detailUrl":null},{"id":14054,"message":"Qualitative Alert for Product Family :PENICILLIN G Assigned for Review","type":"Assigned To Change","user":{"id":8877,"username":"bhagya","fullName":"bhagya"},"createdOn":"2019-11-08T07:23:52Z","level":null,"executedConfigId":null,"detailUrl":null},{"id":14049,"message":"Qualitative Alert for Product Family :PENICILLIN G Assigned for Review","type":"Assigned To Change","user":{"id":8877,"username":"bhagya","fullName":"bhagya"},"createdOn":"2019-11-08T07:23:52Z","level":null,"executedConfigId":null,"detailUrl":null},{"id":14044,"message":"Qualitative Alert for Product Family :PENICILLIN G Assigned for Review","type":"Assigned To Change","user":{"id":8877,"username":"bhagya","fullName":"bhagya"},"createdOn":"2019-11-08T07:23:52Z","level":null,"executedConfigId":null,"detailUrl":null},{"id":14039,"message":"Qualitative Alert for Product Family :PENICILLIN G Assigned for Review","type":"Assigned To Change","user":{"id":8877,"username":"bhagya","fullName":"bhagya"},"createdOn":"2019-11-08T07:23:52Z","level":null,"executedConfigId":null,"detailUrl":null},{"id":14034,"message":"Qualitative Alert for Product Family :PENICILLIN G Assigned for Review","type":"Assigned To Change","user":{"id":8877,"username":"bhagya","fullName":"bhagya"},"createdOn":"2019-11-08T07:23:52Z","level":null,"executedConfigId":null,"detailUrl":null},{"id":14029,"message":"Qualitative Alert for Product Family :PENICILLIN G Assigned for Review","type":"Assigned To Change","user":{"id":8877,"username":"bhagya","fullName":"bhagya"},"createdOn":"2019-11-08T07:23:51Z","level":null,"executedConfigId":null,"detailUrl":null},{"id":14024,"message":"Qualitative Alert for Product Family :PENICILLIN G Assigned for Review","type":"Assigned To Change","user":{"id":8877,"username":"bhagya","fullName":"bhagya"},"createdOn":"2019-11-08T07:23:51Z","level":null,"executedConfigId":null,"detailUrl":null},{"id":14019,"message":"Qualitative Alert for Product Family :PENICILLIN G Assigned for Review","type":"Assigned To Change","user":{"id":8877,"username":"bhagya","fullName":"bhagya"},"createdOn":"2019-11-08T07:23:51Z","level":null,"executedConfigId":null,"detailUrl":null},{"id":14014,"message":"Qualitative Alert for Product Family :PENICILLIN G Assigned for Review","type":"Assigned To Change","user":{"id":8877,"username":"bhagya","fullName":"bhagya"},"createdOn":"2019-11-08T07:23:51Z","level":null,"executedConfigId":null,"detailUrl":null},{"id":14009,"message":"Qualitative Alert for Product Family :PENICILLIN G Assigned for Review","type":"Assigned To Change","user":{"id":8877,"username":"bhagya","fullName":"bhagya"},"createdOn":"2019-11-08T07:23:51Z","level":null,"executedConfigId":null,"detailUrl":null},{"id":14004,"message":"Qualitative Alert for Product Family :PENICILLIN G Assigned for Review","type":"Assigned To Change","user":{"id":8877,"username":"bhagya","fullName":"bhagya"},"createdOn":"2019-11-08T07:23:51Z","level":null,"executedConfigId":null,"detailUrl":null},{"id":13999,"message":"Qualitative Alert for Product Family :PENICILLIN G Assigned for Review","type":"Assigned To Change","user":{"id":8877,"username":"bhagya","fullName":"bhagya"},"createdOn":"2019-11-08T07:23:50Z","level":null,"executedConfigId":null,"detailUrl":null},{"id":13994,"message":"Qualitative Alert for Product Family :PENICILLIN G Assigned for Review","type":"Assigned To Change","user":{"id":8877,"username":"bhagya","fullName":"bhagya"},"createdOn":"2019-11-08T07:23:50Z","level":null,"executedConfigId":null,"detailUrl":null},{"id":13989,"message":"Qualitative Alert for Product Family :PENICILLIN G Assigned for Review","type":"Assigned To Change","user":{"id":8877,"username":"bhagya","fullName":"bhagya"},"createdOn":"2019-11-08T07:23:50Z","level":null,"executedConfigId":null,"detailUrl":null},{"id":13984,"message":"Qualitative Alert for Product Family :PENICILLIN G Assigned for Review","type":"Assigned To Change","user":{"id":8877,"username":"bhagya","fullName":"bhagya"},"createdOn":"2019-11-08T07:23:50Z","level":null,"executedConfigId":null,"detailUrl":null},{"id":13979,"message":"Qualitative Alert for Product Family :PENICILLIN G Assigned for Review","type":"Assigned To Change","user":{"id":8877,"username":"bhagya","fullName":"bhagya"},"createdOn":"2019-11-08T07:23:50Z","level":null,"executedConfigId":null,"detailUrl":null},{"id":13974,"message":"Qualitative Alert for Product Family :PENICILLIN G Assigned for Review","type":"Assigned To Change","user":{"id":8877,"username":"bhagya","fullName":"bhagya"},"createdOn":"2019-11-08T07:23:50Z","level":null,"executedConfigId":null,"detailUrl":null},{"id":13969,"message":"Qualitative Alert for Product Family :PENICILLIN G Assigned for Review","type":"Assigned To Change","user":{"id":8877,"username":"bhagya","fullName":"bhagya"},"createdOn":"2019-11-08T07:23:49Z","level":null,"executedConfigId":null,"detailUrl":null},{"id":13964,"message":"Qualitative Alert for Product Family :PENICILLIN G Assigned for Review","type":"Assigned To Change","user":{"id":8877,"username":"bhagya","fullName":"bhagya"},"createdOn":"2019-11-08T07:23:49Z","level":null,"executedConfigId":null,"detailUrl":null},{"id":13959,"message":"Qualitative Alert for Product Family :PENICILLIN G Assigned for Review","type":"Assigned To Change","user":{"id":8877,"username":"bhagya","fullName":"bhagya"},"createdOn":"2019-11-08T07:23:49Z","level":null,"executedConfigId":null,"detailUrl":null},{"id":13954,"message":"Qualitative Alert for Product Family :PENICILLIN G Assigned for Review","type":"Assigned To Change","user":{"id":8877,"username":"bhagya","fullName":"bhagya"},"createdOn":"2019-11-08T07:23:49Z","level":null,"executedConfigId":null,"detailUrl":null},{"id":13949,"message":"Qualitative Alert for Product Family :PENICILLIN G Assigned for Review","type":"Assigned To Change","user":{"id":8877,"username":"bhagya","fullName":"bhagya"},"createdOn":"2019-11-08T07:23:49Z","level":null,"executedConfigId":null,"detailUrl":null},{"id":13944,"message":"Qualitative Alert for Product Family :PENICILLIN G Assigned for Review","type":"Assigned To Change","user":{"id":8877,"username":"bhagya","fullName":"bhagya"},"createdOn":"2019-11-08T07:23:49Z","level":null,"executedConfigId":null,"detailUrl":null},{"id":13939,"message":"Qualitative Alert for Product Family :PENICILLIN G Assigned for Review","type":"Assigned To Change","user":{"id":8877,"username":"bhagya","fullName":"bhagya"},"createdOn":"2019-11-08T07:23:49Z","level":null,"executedConfigId":null,"detailUrl":null},{"id":13934,"message":"Qualitative Alert for Product Family :PENICILLIN G Assigned for Review","type":"Assigned To Change","user":{"id":8877,"username":"bhagya","fullName":"bhagya"},"createdOn":"2019-11-08T07:23:48Z","level":null,"executedConfigId":null,"detailUrl":null},{"id":13929,"message":"Qualitative Alert for Product Family :PENICILLIN G Assigned for Review","type":"Assigned To Change","user":{"id":8877,"username":"bhagya","fullName":"bhagya"},"createdOn":"2019-11-08T07:23:48Z","level":null,"executedConfigId":null,"detailUrl":null},{"id":13924,"message":"Qualitative Alert for Product Family :PENICILLIN G Assigned for Review","type":"Assigned To Change","user":{"id":8877,"username":"bhagya","fullName":"bhagya"},"createdOn":"2019-11-08T07:23:48Z","level":null,"executedConfigId":null,"detailUrl":null},{"id":13919,"message":"Qualitative Alert for Product Family :PENICILLIN G Assigned for Review","type":"Assigned To Change","user":{"id":8877,"username":"bhagya","fullName":"bhagya"},"createdOn":"2019-11-08T07:23:48Z","level":null,"executedConfigId":null,"detailUrl":null},{"id":13914,"message":"Qualitative Alert for Product Family :PENICILLIN G Assigned for Review","type":"Assigned To Change","user":{"id":8877,"username":"bhagya","fullName":"bhagya"},"createdOn":"2019-11-08T07:23:48Z","level":null,"executedConfigId":null,"detailUrl":null},{"id":13909,"message":"Qualitative Alert for Product Family :PENICILLIN G Assigned for Review","type":"Assigned To Change","user":{"id":8877,"username":"bhagya","fullName":"bhagya"},"createdOn":"2019-11-08T07:23:48Z","level":null,"executedConfigId":null,"detailUrl":null},{"id":13904,"message":"Qualitative Alert for Product Family :PENICILLIN G Assigned for Review","type":"Assigned To Change","user":{"id":8877,"username":"bhagya","fullName":"bhagya"},"createdOn":"2019-11-08T07:23:48Z","level":null,"executedConfigId":null,"detailUrl":null},{"id":13899,"message":"Qualitative Alert for Product Family :PENICILLIN G Assigned for Review","type":"Assigned To Change","user":{"id":8877,"username":"bhagya","fullName":"bhagya"},"createdOn":"2019-11-08T07:23:48Z","level":null,"executedConfigId":null,"detailUrl":null},{"id":13894,"message":"Qualitative Alert for Product Family :PENICILLIN G Assigned for Review","type":"Assigned To Change","user":{"id":8877,"username":"bhagya","fullName":"bhagya"},"createdOn":"2019-11-08T07:23:47Z","level":null,"executedConfigId":null,"detailUrl":null},{"id":13889,"message":"Qualitative Alert for Product Family :PENICILLIN G Assigned for Review","type":"Assigned To Change","user":{"id":8877,"username":"bhagya","fullName":"bhagya"},"createdOn":"2019-11-08T07:23:47Z","level":null,"executedConfigId":null,"detailUrl":null},{"id":13884,"message":"Qualitative Alert for Product Family :PENICILLIN G Assigned for Review","type":"Assigned To Change","user":{"id":8877,"username":"bhagya","fullName":"bhagya"},"createdOn":"2019-11-08T07:23:47Z","level":null,"executedConfigId":null,"detailUrl":null},{"id":13879,"message":"Qualitative Alert for Product Family :PENICILLIN G Assigned for Review","type":"Assigned To Change","user":{"id":8877,"username":"bhagya","fullName":"bhagya"},"createdOn":"2019-11-08T07:23:47Z","level":null,"executedConfigId":null,"detailUrl":null},{"id":13874,"message":"Qualitative Alert for Product Family :PENICILLIN G Assigned for Review","type":"Assigned To Change","user":{"id":8877,"username":"bhagya","fullName":"bhagya"},"createdOn":"2019-11-08T07:23:47Z","level":null,"executedConfigId":null,"detailUrl":null},{"id":13869,"message":"Qualitative Alert for Product Family :PENICILLIN G Assigned for Review","type":"Assigned To Change","user":{"id":8877,"username":"bhagya","fullName":"bhagya"},"createdOn":"2019-11-08T07:23:47Z","level":null,"executedConfigId":null,"detailUrl":null},{"id":13864,"message":"Qualitative Alert for Product Family :PENICILLIN G Assigned for Review","type":"Assigned To Change","user":{"id":8877,"username":"bhagya","fullName":"bhagya"},"createdOn":"2019-11-08T07:23:47Z","level":null,"executedConfigId":null,"detailUrl":null},{"id":13861,"message":"Qualitative Alert for Product Family :PENICILLIN G Assigned for Review","type":"Assigned To Change","user":{"id":8877,"username":"bhagya","fullName":"bhagya"},"createdOn":"2019-11-08T07:23:15Z","level":null,"executedConfigId":null,"detailUrl":null},{"id":13856,"message":"Qualitative Alert for Product Family :PENICILLIN G Assigned for Review","type":"Assigned To Change","user":{"id":8877,"username":"bhagya","fullName":"bhagya"},"createdOn":"2019-11-08T07:23:15Z","level":null,"executedConfigId":null,"detailUrl":null},{"id":13851,"message":"Qualitative Alert for Product Family :PENICILLIN G Assigned for Review","type":"Assigned To Change","user":{"id":8877,"username":"bhagya","fullName":"bhagya"},"createdOn":"2019-11-08T07:23:15Z","level":null,"executedConfigId":null,"detailUrl":null},{"id":13846,"message":"Qualitative Alert for Product Family :PENICILLIN G Assigned for Review","type":"Assigned To Change","user":{"id":8877,"username":"bhagya","fullName":"bhagya"},"createdOn":"2019-11-08T07:23:15Z","level":null,"executedConfigId":null,"detailUrl":null},{"id":13841,"message":"Qualitative Alert for Product Family :PENICILLIN G Assigned for Review","type":"Assigned To Change","user":{"id":8877,"username":"bhagya","fullName":"bhagya"},"createdOn":"2019-11-08T07:23:15Z","level":null,"executedConfigId":null,"detailUrl":null},{"id":13836,"message":"Qualitative Alert for Product Family :PENICILLIN G Assigned for Review","type":"Assigned To Change","user":{"id":8877,"username":"bhagya","fullName":"bhagya"},"createdOn":"2019-11-08T07:23:14Z","level":null,"executedConfigId":null,"detailUrl":null},{"id":13831,"message":"Qualitative Alert for Product Family :PENICILLIN G Assigned for Review","type":"Assigned To Change","user":{"id":8877,"username":"bhagya","fullName":"bhagya"},"createdOn":"2019-11-08T07:23:14Z","level":null,"executedConfigId":null,"detailUrl":null},{"id":13826,"message":"Qualitative Alert for Product Family :PENICILLIN G Assigned for Review","type":"Assigned To Change","user":{"id":8877,"username":"bhagya","fullName":"bhagya"},"createdOn":"2019-11-08T07:23:14Z","level":null,"executedConfigId":null,"detailUrl":null},{"id":13821,"message":"Qualitative Alert for Product Family :PENICILLIN G Assigned for Review","type":"Assigned To Change","user":{"id":8877,"username":"bhagya","fullName":"bhagya"},"createdOn":"2019-11-08T07:23:14Z","level":null,"executedConfigId":null,"detailUrl":null},{"id":13816,"message":"Qualitative Alert for Product Family :PENICILLIN G Assigned for Review","type":"Assigned To Change","user":{"id":8877,"username":"bhagya","fullName":"bhagya"},"createdOn":"2019-11-08T07:23:14Z","level":null,"executedConfigId":null,"detailUrl":null},{"id":13811,"message":"Qualitative Alert for Product Family :PENICILLIN G Assigned for Review","type":"Assigned To Change","user":{"id":8877,"username":"bhagya","fullName":"bhagya"},"createdOn":"2019-11-08T07:23:14Z","level":null,"executedConfigId":null,"detailUrl":null},{"id":13806,"message":"Qualitative Alert for Product Family :PENICILLIN G Assigned for Review","type":"Assigned To Change","user":{"id":8877,"username":"bhagya","fullName":"bhagya"},"createdOn":"2019-11-08T07:23:13Z","level":null,"executedConfigId":null,"detailUrl":null},{"id":13801,"message":"Qualitative Alert for Product Family :PENICILLIN G Assigned for Review","type":"Assigned To Change","user":{"id":8877,"username":"bhagya","fullName":"bhagya"},"createdOn":"2019-11-08T07:23:13Z","level":null,"executedConfigId":null,"detailUrl":null},{"id":13796,"message":"Qualitative Alert for Product Family :PENICILLIN G Assigned for Review","type":"Assigned To Change","user":{"id":8877,"username":"bhagya","fullName":"bhagya"},"createdOn":"2019-11-08T07:23:13Z","level":null,"executedConfigId":null,"detailUrl":null},{"id":13791,"message":"Qualitative Alert for Product Family :PENICILLIN G Assigned for Review","type":"Assigned To Change","user":{"id":8877,"username":"bhagya","fullName":"bhagya"},"createdOn":"2019-11-08T07:23:13Z","level":null,"executedConfigId":null,"detailUrl":null},{"id":13786,"message":"Qualitative Alert for Product Family :PENICILLIN G Assigned for Review","type":"Assigned To Change","user":{"id":8877,"username":"bhagya","fullName":"bhagya"},"createdOn":"2019-11-08T07:23:13Z","level":null,"executedConfigId":null,"detailUrl":null},{"id":13781,"message":"Qualitative Alert for Product Family :PENICILLIN G Assigned for Review","type":"Assigned To Change","user":{"id":8877,"username":"bhagya","fullName":"bhagya"},"createdOn":"2019-11-08T07:23:13Z","level":null,"executedConfigId":null,"detailUrl":null},{"id":13776,"message":"Qualitative Alert for Product Family :PENICILLIN G Assigned for Review","type":"Assigned To Change","user":{"id":8877,"username":"bhagya","fullName":"bhagya"},"createdOn":"2019-11-08T07:23:13Z","level":null,"executedConfigId":null,"detailUrl":null},{"id":13771,"message":"Qualitative Alert for Product Family :PENICILLIN G Assigned for Review","type":"Assigned To Change","user":{"id":8877,"username":"bhagya","fullName":"bhagya"},"createdOn":"2019-11-08T07:23:12Z","level":null,"executedConfigId":null,"detailUrl":null},{"id":13766,"message":"Qualitative Alert for Product Family :PENICILLIN G Assigned for Review","type":"Assigned To Change","user":{"id":8877,"username":"bhagya","fullName":"bhagya"},"createdOn":"2019-11-08T07:23:12Z","level":null,"executedConfigId":null,"detailUrl":null},{"id":13761,"message":"Qualitative Alert for Product Family :PENICILLIN G Assigned for Review","type":"Assigned To Change","user":{"id":8877,"username":"bhagya","fullName":"bhagya"},"createdOn":"2019-11-08T07:23:12Z","level":null,"executedConfigId":null,"detailUrl":null},{"id":13756,"message":"Qualitative Alert for Product Family :PENICILLIN G Assigned for Review","type":"Assigned To Change","user":{"id":8877,"username":"bhagya","fullName":"bhagya"},"createdOn":"2019-11-08T07:23:12Z","level":null,"executedConfigId":null,"detailUrl":null},{"id":13751,"message":"Qualitative Alert for Product Family :PENICILLIN G Assigned for Review","type":"Assigned To Change","user":{"id":8877,"username":"bhagya","fullName":"bhagya"},"createdOn":"2019-11-08T07:23:12Z","level":null,"executedConfigId":null,"detailUrl":null},{"id":13746,"message":"Qualitative Alert for Product Family :PENICILLIN G Assigned for Review","type":"Assigned To Change","user":{"id":8877,"username":"bhagya","fullName":"bhagya"},"createdOn":"2019-11-08T07:23:12Z","level":null,"executedConfigId":null,"detailUrl":null},{"id":13741,"message":"Qualitative Alert for Product Family :PENICILLIN G Assigned for Review","type":"Assigned To Change","user":{"id":8877,"username":"bhagya","fullName":"bhagya"},"createdOn":"2019-11-08T07:23:12Z","level":null,"executedConfigId":null,"detailUrl":null},{"id":13736,"message":"Qualitative Alert for Product Family :PENICILLIN G Assigned for Review","type":"Assigned To Change","user":{"id":8877,"username":"bhagya","fullName":"bhagya"},"createdOn":"2019-11-08T07:23:11Z","level":null,"executedConfigId":null,"detailUrl":null},{"id":13731,"message":"Qualitative Alert for Product Family :PENICILLIN G Assigned for Review","type":"Assigned To Change","user":{"id":8877,"username":"bhagya","fullName":"bhagya"},"createdOn":"2019-11-08T07:23:11Z","level":null,"executedConfigId":null,"detailUrl":null},{"id":13726,"message":"Qualitative Alert for Product Family :PENICILLIN G Assigned for Review","type":"Assigned To Change","user":{"id":8877,"username":"bhagya","fullName":"bhagya"},"createdOn":"2019-11-08T07:23:11Z","level":null,"executedConfigId":null,"detailUrl":null},{"id":13721,"message":"Qualitative Alert for Product Family :PENICILLIN G Assigned for Review","type":"Assigned To Change","user":{"id":8877,"username":"bhagya","fullName":"bhagya"},"createdOn":"2019-11-08T07:23:11Z","level":null,"executedConfigId":null,"detailUrl":null},{"id":13716,"message":"Qualitative Alert for Product Family :PENICILLIN G Assigned for Review","type":"Assigned To Change","user":{"id":8877,"username":"bhagya","fullName":"bhagya"},"createdOn":"2019-11-08T07:23:11Z","level":null,"executedConfigId":null,"detailUrl":null},{"id":13711,"message":"Qualitative Alert for Product Family :PENICILLIN G Assigned for Review","type":"Assigned To Change","user":{"id":8877,"username":"bhagya","fullName":"bhagya"},"createdOn":"2019-11-08T07:23:11Z","level":null,"executedConfigId":null,"detailUrl":null},{"id":13706,"message":"Qualitative Alert for Product Family :PENICILLIN G Assigned for Review","type":"Assigned To Change","user":{"id":8877,"username":"bhagya","fullName":"bhagya"},"createdOn":"2019-11-08T07:23:11Z","level":null,"executedConfigId":null,"detailUrl":null},{"id":13701,"message":"Qualitative Alert for Product Family :PENICILLIN G Assigned for Review","type":"Assigned To Change","user":{"id":8877,"username":"bhagya","fullName":"bhagya"},"createdOn":"2019-11-08T07:23:11Z","level":null,"executedConfigId":null,"detailUrl":null},{"id":13696,"message":"Qualitative Alert for Product Family :PENICILLIN G Assigned for Review","type":"Assigned To Change","user":{"id":8877,"username":"bhagya","fullName":"bhagya"},"createdOn":"2019-11-08T07:23:11Z","level":null,"executedConfigId":null,"detailUrl":null},{"id":13691,"message":"Qualitative Alert for Product Family :PENICILLIN G Assigned for Review","type":"Assigned To Change","user":{"id":8877,"username":"bhagya","fullName":"bhagya"},"createdOn":"2019-11-08T07:23:10Z","level":null,"executedConfigId":null,"detailUrl":null},{"id":13686,"message":"Qualitative Alert for Product Family :PENICILLIN G Assigned for Review","type":"Assigned To Change","user":{"id":8877,"username":"bhagya","fullName":"bhagya"},"createdOn":"2019-11-08T07:23:10Z","level":null,"executedConfigId":null,"detailUrl":null},{"id":13681,"message":"Qualitative Alert for Product Family :PENICILLIN G Assigned for Review","type":"Assigned To Change","user":{"id":8877,"username":"bhagya","fullName":"bhagya"},"createdOn":"2019-11-08T07:23:10Z","level":null,"executedConfigId":null,"detailUrl":null},{"id":13676,"message":"Qualitative Alert for Product Family :PENICILLIN G Assigned for Review","type":"Assigned To Change","user":{"id":8877,"username":"bhagya","fullName":"bhagya"},"createdOn":"2019-11-08T07:23:10Z","level":null,"executedConfigId":null,"detailUrl":null},{"id":13671,"message":"Qualitative Alert for Product Family :PENICILLIN G Assigned for Review","type":"Assigned To Change","user":{"id":8877,"username":"bhagya","fullName":"bhagya"},"createdOn":"2019-11-08T07:23:10Z","level":null,"executedConfigId":null,"detailUrl":null},{"id":13666,"message":"Qualitative Alert for Product Family :PENICILLIN G Assigned for Review","type":"Assigned To Change","user":{"id":8877,"username":"bhagya","fullName":"bhagya"},"createdOn":"2019-11-08T07:23:10Z","level":null,"executedConfigId":null,"detailUrl":null},{"id":13661,"message":"Qualitative Alert for Product Family :PENICILLIN G Assigned for Review","type":"Assigned To Change","user":{"id":8877,"username":"bhagya","fullName":"bhagya"},"createdOn":"2019-11-08T07:23:10Z","level":null,"executedConfigId":null,"detailUrl":null},{"id":13656,"message":"Qualitative Alert for Product Family :PENICILLIN G Assigned for Review","type":"Assigned To Change","user":{"id":8877,"username":"bhagya","fullName":"bhagya"},"createdOn":"2019-11-08T07:23:10Z","level":null,"executedConfigId":null,"detailUrl":null},{"id":13651,"message":"Qualitative Alert for Product Family :PENICILLIN G Assigned for Review","type":"Assigned To Change","user":{"id":8877,"username":"bhagya","fullName":"bhagya"},"createdOn":"2019-11-08T07:23:10Z","level":null,"executedConfigId":null,"detailUrl":null},{"id":13646,"message":"Qualitative Alert for Product Family :PENICILLIN G Assigned for Review","type":"Assigned To Change","user":{"id":8877,"username":"bhagya","fullName":"bhagya"},"createdOn":"2019-11-08T07:23:09Z","level":null,"executedConfigId":null,"detailUrl":null},{"id":13641,"message":"Qualitative Alert for Product Family :PENICILLIN G Assigned for Review","type":"Assigned To Change","user":{"id":8877,"username":"bhagya","fullName":"bhagya"},"createdOn":"2019-11-08T07:23:09Z","level":null,"executedConfigId":null,"detailUrl":null},{"id":13636,"message":"Qualitative Alert for Product Family :PENICILLIN G Assigned for Review","type":"Assigned To Change","user":{"id":8877,"username":"bhagya","fullName":"bhagya"},"createdOn":"2019-11-08T07:23:09Z","level":null,"executedConfigId":null,"detailUrl":null},{"id":13631,"message":"Qualitative Alert for Product Family :PENICILLIN G Assigned for Review","type":"Assigned To Change","user":{"id":8877,"username":"bhagya","fullName":"bhagya"},"createdOn":"2019-11-08T07:23:09Z","level":null,"executedConfigId":null,"detailUrl":null},{"id":13626,"message":"Qualitative Alert for Product Family :PENICILLIN G Assigned for Review","type":"Assigned To Change","user":{"id":8877,"username":"bhagya","fullName":"bhagya"},"createdOn":"2019-11-08T07:23:09Z","level":null,"executedConfigId":null,"detailUrl":null},{"id":13621,"message":"Qualitative Alert for Product Family :PENICILLIN G Assigned for Review","type":"Assigned To Change","user":{"id":8877,"username":"bhagya","fullName":"bhagya"},"createdOn":"2019-11-08T07:23:09Z","level":null,"executedConfigId":null,"detailUrl":null},{"id":13616,"message":"Qualitative Alert for Product Family :PENICILLIN G Assigned for Review","type":"Assigned To Change","user":{"id":8877,"username":"bhagya","fullName":"bhagya"},"createdOn":"2019-11-08T07:23:09Z","level":null,"executedConfigId":null,"detailUrl":null}]