[{"level":"4","name":"Acute post asthmatic amyotrophy","id":"10066224","lang":"en"},{"level":"4","name":"Antasthmatic drug level","id":"10061443","lang":"en"},{"level":"4","name":"Antasthmatic drug level above therapeutic","id":"10061438","lang":"en"},{"level":"4","name":"Antasthmatic drug level below therapeutic","id":"10061439","lang":"en"},{"level":"4","name":"Antasthmatic drug level therapeutic","id":"10061442","lang":"en"},{"level":"4","name":"Asthma","id":"10003553","lang":"en"},{"level":"4","name":"Asthma exercise induced","id":"10003557","lang":"en"},{"level":"4","name":"Asthma late onset","id":"10003559","lang":"en"},{"level":"4","name":"Asthma prophylaxis","id":"10066654","lang":"en"},{"level":"4","name":"Asthma-chronic obstructive pulmonary disease overlap syndrome","id":"10077005","lang":"en"},{"level":"4","name":"Asthmatic crisis","id":"10064823","lang":"en"},{"level":"4","name":"Cardiac asthma","id":"10007522","lang":"en"},{"level":"4","name":"Childhood asthma","id":"10081274","lang":"en"},{"level":"4","name":"Occupational asthma","id":"10070836","lang":"en"},{"level":"4","name":"Severe asthma with fungal sensitisation","id":"10078120","lang":"en"},{"level":"4","name":"Status asthmaticus","id":"10041961","lang":"en"}]