{"id":"10003553","name":"Asthma","nextLevelItems":[{"name":"Allergic asthma","id":"10001705","lang":"en","level":5},{"name":"Asthma","id":"10003553","lang":"en","level":5},{"name":"Asthma NOS","id":"10003560","lang":"en","level":5},{"name":"Asthma aggravated","id":"10003554","lang":"en","level":5},{"name":"Asthma bronchial","id":"10003555","lang":"en","level":5},{"name":"Asthma chronic","id":"10049106","lang":"en","level":5},{"name":"Asthma extrinsic","id":"10003558","lang":"en","level":5},{"name":"Asthma, unspecified","id":"10003561","lang":"en","level":5},{"name":"Asthma, unspecified type, without mention of status asthmaticus","id":"10003563","lang":"en","level":5},{"name":"Asthma-like condition","id":"10049176","lang":"en","level":5},{"name":"Asthma/bronchitis","id":"10003564","lang":"en","level":5},{"name":"Asthmatic","id":"10003565","lang":"en","level":5},{"name":"Asthmatic attack","id":"10003566","lang":"en","level":5},{"name":"Asthmatic attack atopic","id":"10051579","lang":"en","level":5},{"name":"Asthmatic attack induced","id":"10003567","lang":"en","level":5},{"name":"Asthmatoid bronchitis","id":"10003568","lang":"en","level":5},{"name":"Atopic asthma","id":"10003638","lang":"en","level":5},{"name":"Br. asthma","id":"10006070","lang":"en","level":5},{"name":"Bronchitic asthma","id":"10006450","lang":"en","level":5},{"name":"Bronchitis asthmatic","id":"10006457","lang":"en","level":5},{"name":"Cold induced asthma","id":"10066345","lang":"en","level":5},{"name":"Cough variant asthma","id":"10063076","lang":"en","level":5},{"name":"Drug-induced asthma","id":"10058756","lang":"en","level":5},{"name":"Eosinophilic asthma","id":"10068462","lang":"en","level":5},{"name":"Exacerbation of asthma","id":"10015575","lang":"en","level":5},{"name":"Extrinsic asthma","id":"10015888","lang":"en","level":5},{"name":"Extrinsic asthma without mention of status asthmaticus","id":"10015890","lang":"en","level":5},{"name":"Infection induced asthma","id":"10069859","lang":"en","level":5},{"name":"Intrinsic asthma","id":"10022847","lang":"en","level":5},{"name":"Intrinsic asthma without mention of status asthmaticus","id":"10022849","lang":"en","level":5},{"name":"Neutrophilic asthma","id":"10068393","lang":"en","level":5},{"name":"Nocturnal asthma","id":"10074614","lang":"en","level":5},{"name":"Paucigranulocytic asthma","id":"10068463","lang":"en","level":5},{"name":"Seasonal asthma","id":"10079510","lang":"en","level":5}],"lang":"en","primarySOC":"10038738","primaryHLT":10006484,"primaryHLGT":10006436}