[{"text":"Group","children":[{"id":"UserGroup_6204","text":"Admin","blinded":true},{"id":"UserGroup_6205","text":"All Users","blinded":true}]},{"text":"User","children":[{"id":"User_168152","text":"Dominique Michalec","blinded":true},{"id":"User_226","text":"PVS Admin","blinded":true},{"id":"User_33391","text":"Rishabh Srivastava","blinded":true},{"id":"User_258","text":"Signal Dev","blinded":true},{"id":"User_33538","text":"Vikash Yadav","blinded":true},{"id":"User_8877","text":"bhagya","blinded":true},{"id":"User_8119","text":"somya","blinded":true}]}]