[{"id":5621417,"message":"\"Literature3\" completed.","type":"Literature Alert Execution","user":{"id":8877,"username":"bhagya","fullName":"bhagya"},"createdOn":"2020-01-19T17:07:16Z","level":"Information","executedConfigId":5621321,"detailUrl":"LITERATURE_reportRedirectURL"},{"id":5621282,"message":"\"lit2\" completed.","type":"Literature Alert Execution","user":{"id":8877,"username":"bhagya","fullName":"bhagya"},"createdOn":"2020-01-19T16:59:16Z","level":"Information","executedConfigId":5621186,"detailUrl":"LITERATURE_reportRedirectURL"},{"id":5621148,"message":"\"PerfLit123456\" completed.","type":"Literature Alert Execution","user":{"id":8877,"username":"bhagya","fullName":"bhagya"},"createdOn":"2020-01-19T16:35:44Z","level":"Information","executedConfigId":5621146,"detailUrl":"LITERATURE_reportRedirectURL"},{"id":5621106,"message":"\"PerfLit123\" completed.","type":"Literature Alert Execution","user":{"id":8877,"username":"bhagya","fullName":"bhagya"},"createdOn":"2020-01-19T16:24:54Z","level":"Information","executedConfigId":5621104,"detailUrl":"LITERATURE_reportRedirectURL"},{"id":5621066,"message":"\"ggggg123\" completed.","type":"Qualitative Alert Execution","user":{"id":8877,"username":"bhagya","fullName":"bhagya"},"createdOn":"2020-01-19T16:10:00Z","level":"Information","executedConfigId":1270,"detailUrl":"sca_reportRedirectURL"},{"id":5621062,"message":"\"ggggg12\" completed.","type":"Qualitative Alert Execution","user":{"id":8877,"username":"bhagya","fullName":"bhagya"},"createdOn":"2020-01-19T16:09:48Z","level":"Information","executedConfigId":1269,"detailUrl":"sca_reportRedirectURL"},{"id":5621058,"message":"\"ggggg1\" completed.","type":"Qualitative Alert Execution","user":{"id":8877,"username":"bhagya","fullName":"bhagya"},"createdOn":"2020-01-19T16:09:29Z","level":"Information","executedConfigId":1268,"detailUrl":"sca_reportRedirectURL"},{"id":5621050,"message":"\"lit1\" completed.","type":"Literature Alert Execution","user":{"id":8877,"username":"bhagya","fullName":"bhagya"},"createdOn":"2020-01-19T16:05:46Z","level":"Information","executedConfigId":5620954,"detailUrl":"LITERATURE_reportRedirectURL"},{"id":5620778,"message":"\"Perf345678\" completed.","type":"Quantitative Alert Execution","user":{"id":8877,"username":"bhagya","fullName":"bhagya"},"createdOn":"2020-01-19T15:30:00Z","level":"Information","executedConfigId":1272,"detailUrl":"aga_reportRedirectURL"},{"id":5620757,"message":"\"perf65\" completed.","type":"Quantitative Alert Execution","user":{"id":8877,"username":"bhagya","fullName":"bhagya"},"createdOn":"2020-01-19T15:12:08Z","level":"Information","executedConfigId":1271,"detailUrl":"aga_adhoc_reportRedirectURL"},{"id":5500514,"message":"\"Perf_19Jan_1\" completed.","type":"Qualitative Alert Execution","user":{"id":8877,"username":"bhagya","fullName":"bhagya"},"createdOn":"2020-01-19T14:38:22Z","level":"Information","executedConfigId":1267,"detailUrl":"sca_reportRedirectURL"},{"id":5457904,"message":"\"testalert14jan\" completed.","type":"Quantitative Alert Execution","user":{"id":8877,"username":"bhagya","fullName":"bhagya"},"createdOn":"2020-01-14T07:28:37Z","level":"Information","executedConfigId":1265,"detailUrl":"aga_reportRedirectURL"},{"id":872121,"message":"\"hdpnFb1\" failed.","type":"Qualitative Alert Execution","user":{"id":8877,"username":"bhagya","fullName":"bhagya"},"createdOn":"2019-12-16T17:03:30Z","level":"Error","executedConfigId":1230,"detailUrl":"error_url"},{"id":622119,"message":"\"nlFkIn1\" failed.","type":"Qualitative Alert Execution","user":{"id":8877,"username":"bhagya","fullName":"bhagya"},"createdOn":"2019-12-16T14:34:07Z","level":"Error","executedConfigId":1228,"detailUrl":"error_url"},{"id":622117,"message":"\"tWIFvn\" failed.","type":"Qualitative Alert Execution","user":{"id":8877,"username":"bhagya","fullName":"bhagya"},"createdOn":"2019-12-16T14:11:51Z","level":"Error","executedConfigId":1233,"detailUrl":"error_url"},{"id":622113,"message":"\"tjk43k1\" completed.","type":"Quantitative Alert Execution","user":{"id":8877,"username":"bhagya","fullName":"bhagya"},"createdOn":"2019-12-16T12:40:38Z","level":"Information","executedConfigId":1236,"detailUrl":"aga_reportRedirectURL"},{"id":622099,"message":"\"hdpnsb1\" completed.","type":"Quantitative Alert Execution","user":{"id":8877,"username":"bhagya","fullName":"bhagya"},"createdOn":"2019-12-16T12:12:02Z","level":"Information","executedConfigId":1235,"detailUrl":"aga_reportRedirectURL"},{"id":622083,"message":"\"xpaoNr1\" completed.","type":"Quantitative Alert Execution","user":{"id":8877,"username":"bhagya","fullName":"bhagya"},"createdOn":"2019-12-16T11:52:50Z","level":"Information","executedConfigId":1234,"detailUrl":"aga_reportRedirectURL"},{"id":292061,"message":"\"nlSkIn1\" completed.","type":"Quantitative Alert Execution","user":{"id":8877,"username":"bhagya","fullName":"bhagya"},"createdOn":"2019-12-16T11:33:54Z","level":"Information","executedConfigId":1229,"detailUrl":"aga_reportRedirectURL"},{"id":162117,"message":"Action Item assigned to you has been updated","type":"Action Assignment Updated","user":{"id":8877,"username":"bhagya","fullName":"bhagya"},"createdOn":"2019-12-05T08:12:36Z","level":null,"executedConfigId":null,"detailUrl":null},{"id":162114,"message":"\"Perf_businessrules\" completed.","type":"Qualitative Alert Execution","user":{"id":8877,"username":"bhagya","fullName":"bhagya"},"createdOn":"2019-12-05T07:23:23Z","level":"Information","executedConfigId":1219,"detailUrl":"sca_adhoc_reportRedirectURL"},{"id":161987,"message":"\"4771qH\" completed.","type":"Quantitative Alert Execution","user":{"id":8877,"username":"bhagya","fullName":"bhagya"},"createdOn":"2019-12-04T02:58:16Z","level":"Information","executedConfigId":1218,"detailUrl":"aga_reportRedirectURL"},{"id":161973,"message":"\"O9j7vo\" completed.","type":"Quantitative Alert Execution","user":{"id":8877,"username":"bhagya","fullName":"bhagya"},"createdOn":"2019-12-04T02:37:46Z","level":"Information","executedConfigId":1217,"detailUrl":"aga_reportRedirectURL"},{"id":161959,"message":"\"5w5hjL\" completed.","type":"Quantitative Alert Execution","user":{"id":8877,"username":"bhagya","fullName":"bhagya"},"createdOn":"2019-12-04T02:17:36Z","level":"Information","executedConfigId":1216,"detailUrl":"aga_reportRedirectURL"},{"id":161945,"message":"\"FMpzQi\" completed.","type":"Quantitative Alert Execution","user":{"id":8877,"username":"bhagya","fullName":"bhagya"},"createdOn":"2019-12-04T01:56:50Z","level":"Information","executedConfigId":1215,"detailUrl":"aga_reportRedirectURL"},{"id":161931,"message":"\"wxxE5K\" completed.","type":"Quantitative Alert Execution","user":{"id":8877,"username":"bhagya","fullName":"bhagya"},"createdOn":"2019-12-04T01:36:49Z","level":"Information","executedConfigId":1214,"detailUrl":"aga_reportRedirectURL"},{"id":161917,"message":"\"DDC9wW\" completed.","type":"Quantitative Alert Execution","user":{"id":8877,"username":"bhagya","fullName":"bhagya"},"createdOn":"2019-12-04T01:16:26Z","level":"Information","executedConfigId":1213,"detailUrl":"aga_reportRedirectURL"},{"id":161903,"message":"\"zV3nW2\" completed.","type":"Quantitative Alert Execution","user":{"id":8877,"username":"bhagya","fullName":"bhagya"},"createdOn":"2019-12-04T00:55:23Z","level":"Information","executedConfigId":1212,"detailUrl":"aga_reportRedirectURL"},{"id":161889,"message":"\"uB9I19\" completed.","type":"Quantitative Alert Execution","user":{"id":8877,"username":"bhagya","fullName":"bhagya"},"createdOn":"2019-12-04T00:34:57Z","level":"Information","executedConfigId":1211,"detailUrl":"aga_reportRedirectURL"},{"id":161875,"message":"\"HuCNgL\" completed.","type":"Quantitative Alert Execution","user":{"id":8877,"username":"bhagya","fullName":"bhagya"},"createdOn":"2019-12-04T00:14:18Z","level":"Information","executedConfigId":1210,"detailUrl":"aga_reportRedirectURL"},{"id":161861,"message":"\"IAypwN\" completed.","type":"Quantitative Alert Execution","user":{"id":8877,"username":"bhagya","fullName":"bhagya"},"createdOn":"2019-12-03T23:52:53Z","level":"Information","executedConfigId":1209,"detailUrl":"aga_reportRedirectURL"},{"id":161847,"message":"\"jzR0vy\" completed.","type":"Quantitative Alert Execution","user":{"id":8877,"username":"bhagya","fullName":"bhagya"},"createdOn":"2019-12-03T23:30:38Z","level":"Information","executedConfigId":1208,"detailUrl":"aga_reportRedirectURL"},{"id":161833,"message":"\"6hiEFm\" completed.","type":"Quantitative Alert Execution","user":{"id":8877,"username":"bhagya","fullName":"bhagya"},"createdOn":"2019-12-03T23:10:16Z","level":"Information","executedConfigId":1207,"detailUrl":"aga_reportRedirectURL"},{"id":161819,"message":"\"mAacCZ\" completed.","type":"Quantitative Alert Execution","user":{"id":8877,"username":"bhagya","fullName":"bhagya"},"createdOn":"2019-12-03T22:49:13Z","level":"Information","executedConfigId":1206,"detailUrl":"aga_reportRedirectURL"},{"id":161805,"message":"\"oryVyB\" completed.","type":"Quantitative Alert Execution","user":{"id":8877,"username":"bhagya","fullName":"bhagya"},"createdOn":"2019-12-03T22:27:38Z","level":"Information","executedConfigId":1205,"detailUrl":"aga_reportRedirectURL"},{"id":161791,"message":"\"Th6J8l\" completed.","type":"Quantitative Alert Execution","user":{"id":8877,"username":"bhagya","fullName":"bhagya"},"createdOn":"2019-12-03T22:08:06Z","level":"Information","executedConfigId":1204,"detailUrl":"aga_reportRedirectURL"},{"id":161777,"message":"\"Ymwzhf\" completed.","type":"Quantitative Alert Execution","user":{"id":8877,"username":"bhagya","fullName":"bhagya"},"createdOn":"2019-12-03T21:47:32Z","level":"Information","executedConfigId":1203,"detailUrl":"aga_reportRedirectURL"},{"id":161763,"message":"\"cwdZr5\" completed.","type":"Quantitative Alert Execution","user":{"id":8877,"username":"bhagya","fullName":"bhagya"},"createdOn":"2019-12-03T21:24:49Z","level":"Information","executedConfigId":1202,"detailUrl":"aga_reportRedirectURL"},{"id":161749,"message":"\"IqXIhQ\" completed.","type":"Quantitative Alert Execution","user":{"id":8877,"username":"bhagya","fullName":"bhagya"},"createdOn":"2019-12-03T21:04:38Z","level":"Information","executedConfigId":1201,"detailUrl":"aga_reportRedirectURL"},{"id":161735,"message":"\"BmKLk6\" completed.","type":"Quantitative Alert Execution","user":{"id":8877,"username":"bhagya","fullName":"bhagya"},"createdOn":"2019-12-03T20:42:58Z","level":"Information","executedConfigId":1200,"detailUrl":"aga_reportRedirectURL"},{"id":161721,"message":"\"wVZ6Jp\" completed.","type":"Quantitative Alert Execution","user":{"id":8877,"username":"bhagya","fullName":"bhagya"},"createdOn":"2019-12-03T20:19:24Z","level":"Information","executedConfigId":1199,"detailUrl":"aga_reportRedirectURL"},{"id":161707,"message":"\"tWIsvn\" completed.","type":"Quantitative Alert Execution","user":{"id":8877,"username":"bhagya","fullName":"bhagya"},"createdOn":"2019-12-03T19:57:53Z","level":"Information","executedConfigId":1198,"detailUrl":"aga_reportRedirectURL"},{"id":161693,"message":"\"B3PSQT\" completed.","type":"Quantitative Alert Execution","user":{"id":8877,"username":"bhagya","fullName":"bhagya"},"createdOn":"2019-12-03T19:35:57Z","level":"Information","executedConfigId":1197,"detailUrl":"aga_reportRedirectURL"},{"id":161679,"message":"\"y0a6cvti\" completed.","type":"Quantitative Alert Execution","user":{"id":8877,"username":"bhagya","fullName":"bhagya"},"createdOn":"2019-12-03T19:13:25Z","level":"Information","executedConfigId":1196,"detailUrl":"aga_reportRedirectURL"},{"id":161665,"message":"\"8a7dimnp\" completed.","type":"Quantitative Alert Execution","user":{"id":8877,"username":"bhagya","fullName":"bhagya"},"createdOn":"2019-12-03T18:50:50Z","level":"Information","executedConfigId":1195,"detailUrl":"aga_reportRedirectURL"},{"id":161651,"message":"\"m26zzwox\" completed.","type":"Quantitative Alert Execution","user":{"id":8877,"username":"bhagya","fullName":"bhagya"},"createdOn":"2019-12-03T18:30:07Z","level":"Information","executedConfigId":1194,"detailUrl":"aga_reportRedirectURL"},{"id":161637,"message":"\"ei66bwyn\" completed.","type":"Quantitative Alert Execution","user":{"id":8877,"username":"bhagya","fullName":"bhagya"},"createdOn":"2019-12-03T18:08:24Z","level":"Information","executedConfigId":1193,"detailUrl":"aga_reportRedirectURL"},{"id":161623,"message":"\"dmv4gt7t\" completed.","type":"Quantitative Alert Execution","user":{"id":8877,"username":"bhagya","fullName":"bhagya"},"createdOn":"2019-12-03T17:47:51Z","level":"Information","executedConfigId":1192,"detailUrl":"aga_reportRedirectURL"},{"id":161609,"message":"\"mdidoawk\" completed.","type":"Quantitative Alert Execution","user":{"id":8877,"username":"bhagya","fullName":"bhagya"},"createdOn":"2019-12-03T17:25:27Z","level":"Information","executedConfigId":1191,"detailUrl":"aga_reportRedirectURL"},{"id":161595,"message":"\"0u2tdqeb\" completed.","type":"Quantitative Alert Execution","user":{"id":8877,"username":"bhagya","fullName":"bhagya"},"createdOn":"2019-12-03T17:03:33Z","level":"Information","executedConfigId":1190,"detailUrl":"aga_reportRedirectURL"},{"id":161581,"message":"\"vdxl7mts\" completed.","type":"Quantitative Alert Execution","user":{"id":8877,"username":"bhagya","fullName":"bhagya"},"createdOn":"2019-12-03T16:43:07Z","level":"Information","executedConfigId":1189,"detailUrl":"aga_reportRedirectURL"},{"id":161567,"message":"\"0djr1se2\" completed.","type":"Quantitative Alert Execution","user":{"id":8877,"username":"bhagya","fullName":"bhagya"},"createdOn":"2019-12-03T16:23:05Z","level":"Information","executedConfigId":1188,"detailUrl":"aga_reportRedirectURL"},{"id":161553,"message":"\"d0deo2zy\" completed.","type":"Quantitative Alert Execution","user":{"id":8877,"username":"bhagya","fullName":"bhagya"},"createdOn":"2019-12-03T16:02:42Z","level":"Information","executedConfigId":1187,"detailUrl":"aga_reportRedirectURL"},{"id":161539,"message":"\"4b1i5okf\" completed.","type":"Quantitative Alert Execution","user":{"id":8877,"username":"bhagya","fullName":"bhagya"},"createdOn":"2019-12-03T15:42:32Z","level":"Information","executedConfigId":1186,"detailUrl":"aga_reportRedirectURL"},{"id":161525,"message":"\"ca1clbg3\" completed.","type":"Quantitative Alert Execution","user":{"id":8877,"username":"bhagya","fullName":"bhagya"},"createdOn":"2019-12-03T15:20:02Z","level":"Information","executedConfigId":1185,"detailUrl":"aga_reportRedirectURL"},{"id":161511,"message":"\"jvua9pmz\" completed.","type":"Quantitative Alert Execution","user":{"id":8877,"username":"bhagya","fullName":"bhagya"},"createdOn":"2019-12-03T14:57:42Z","level":"Information","executedConfigId":1184,"detailUrl":"aga_reportRedirectURL"},{"id":161497,"message":"\"jv62wf9d\" completed.","type":"Quantitative Alert Execution","user":{"id":8877,"username":"bhagya","fullName":"bhagya"},"createdOn":"2019-12-03T14:38:00Z","level":"Information","executedConfigId":1183,"detailUrl":"aga_reportRedirectURL"},{"id":161483,"message":"\"3y2wmip2\" completed.","type":"Quantitative Alert Execution","user":{"id":8877,"username":"bhagya","fullName":"bhagya"},"createdOn":"2019-12-03T14:15:58Z","level":"Information","executedConfigId":1182,"detailUrl":"aga_reportRedirectURL"},{"id":161469,"message":"\"bw1dds78\" completed.","type":"Quantitative Alert Execution","user":{"id":8877,"username":"bhagya","fullName":"bhagya"},"createdOn":"2019-12-03T13:55:23Z","level":"Information","executedConfigId":1181,"detailUrl":"aga_reportRedirectURL"},{"id":161455,"message":"\"3h2ylmly\" completed.","type":"Quantitative Alert Execution","user":{"id":8877,"username":"bhagya","fullName":"bhagya"},"createdOn":"2019-12-03T13:34:29Z","level":"Information","executedConfigId":1180,"detailUrl":"aga_reportRedirectURL"},{"id":161440,"message":"\"s9lyuej6\" completed.","type":"Quantitative Alert Execution","user":{"id":8877,"username":"bhagya","fullName":"bhagya"},"createdOn":"2019-12-03T13:11:28Z","level":"Information","executedConfigId":1179,"detailUrl":"aga_reportRedirectURL"},{"id":161425,"message":"\"3upn9t83\" completed.","type":"Quantitative Alert Execution","user":{"id":8877,"username":"bhagya","fullName":"bhagya"},"createdOn":"2019-12-03T12:48:48Z","level":"Information","executedConfigId":1178,"detailUrl":"aga_reportRedirectURL"},{"id":161411,"message":"\"1xqvr74r\" completed.","type":"Quantitative Alert Execution","user":{"id":8877,"username":"bhagya","fullName":"bhagya"},"createdOn":"2019-12-03T12:26:36Z","level":"Information","executedConfigId":1177,"detailUrl":"aga_reportRedirectURL"},{"id":161397,"message":"\"i4x1r2i8\" completed.","type":"Quantitative Alert Execution","user":{"id":8877,"username":"bhagya","fullName":"bhagya"},"createdOn":"2019-12-03T12:05:47Z","level":"Information","executedConfigId":1176,"detailUrl":"aga_reportRedirectURL"},{"id":161383,"message":"\"oo2la6bv\" completed.","type":"Quantitative Alert Execution","user":{"id":8877,"username":"bhagya","fullName":"bhagya"},"createdOn":"2019-12-03T11:42:27Z","level":"Information","executedConfigId":1175,"detailUrl":"aga_reportRedirectURL"},{"id":161368,"message":"\"tuj8snid\" completed.","type":"Quantitative Alert Execution","user":{"id":8877,"username":"bhagya","fullName":"bhagya"},"createdOn":"2019-12-03T11:20:08Z","level":"Information","executedConfigId":1174,"detailUrl":"aga_reportRedirectURL"},{"id":161354,"message":"\"657qe3v6\" completed.","type":"Quantitative Alert Execution","user":{"id":8877,"username":"bhagya","fullName":"bhagya"},"createdOn":"2019-12-03T10:59:26Z","level":"Information","executedConfigId":1173,"detailUrl":"aga_reportRedirectURL"},{"id":161339,"message":"\"g1o7xtiw\" completed.","type":"Quantitative Alert Execution","user":{"id":8877,"username":"bhagya","fullName":"bhagya"},"createdOn":"2019-12-03T10:36:02Z","level":"Information","executedConfigId":1172,"detailUrl":"aga_reportRedirectURL"},{"id":161325,"message":"\"zbfop6v3\" completed.","type":"Quantitative Alert Execution","user":{"id":8877,"username":"bhagya","fullName":"bhagya"},"createdOn":"2019-12-03T10:14:58Z","level":"Information","executedConfigId":1171,"detailUrl":"aga_reportRedirectURL"},{"id":161308,"message":"\"cro3gzse\" completed.","type":"Quantitative Alert Execution","user":{"id":8877,"username":"bhagya","fullName":"bhagya"},"createdOn":"2019-12-03T09:52:08Z","level":"Information","executedConfigId":1170,"detailUrl":"aga_reportRedirectURL"},{"id":161294,"message":"\"z357urg4\" completed.","type":"Quantitative Alert Execution","user":{"id":8877,"username":"bhagya","fullName":"bhagya"},"createdOn":"2019-12-03T09:31:38Z","level":"Information","executedConfigId":1169,"detailUrl":"aga_reportRedirectURL"},{"id":161279,"message":"\"t9wq3y0s\" completed.","type":"Quantitative Alert Execution","user":{"id":8877,"username":"bhagya","fullName":"bhagya"},"createdOn":"2019-12-03T09:07:23Z","level":"Information","executedConfigId":1168,"detailUrl":"aga_reportRedirectURL"},{"id":161265,"message":"\"ayc0ma5l\" completed.","type":"Quantitative Alert Execution","user":{"id":8877,"username":"bhagya","fullName":"bhagya"},"createdOn":"2019-12-03T08:44:18Z","level":"Information","executedConfigId":1167,"detailUrl":"aga_reportRedirectURL"},{"id":161251,"message":"\"f3monuzt\" completed.","type":"Quantitative Alert Execution","user":{"id":8877,"username":"bhagya","fullName":"bhagya"},"createdOn":"2019-12-03T08:23:41Z","level":"Information","executedConfigId":1166,"detailUrl":"aga_reportRedirectURL"},{"id":161237,"message":"\"m0h5zltm\" completed.","type":"Quantitative Alert Execution","user":{"id":8877,"username":"bhagya","fullName":"bhagya"},"createdOn":"2019-12-03T08:03:07Z","level":"Information","executedConfigId":1165,"detailUrl":"aga_reportRedirectURL"},{"id":161223,"message":"\"ug0uumj0\" completed.","type":"Quantitative Alert Execution","user":{"id":8877,"username":"bhagya","fullName":"bhagya"},"createdOn":"2019-12-03T07:40:28Z","level":"Information","executedConfigId":1164,"detailUrl":"aga_reportRedirectURL"},{"id":161209,"message":"\"k1880qll\" completed.","type":"Quantitative Alert Execution","user":{"id":8877,"username":"bhagya","fullName":"bhagya"},"createdOn":"2019-12-03T07:19:50Z","level":"Information","executedConfigId":1163,"detailUrl":"aga_reportRedirectURL"},{"id":161195,"message":"\"m3lnt2r0\" completed.","type":"Quantitative Alert Execution","user":{"id":8877,"username":"bhagya","fullName":"bhagya"},"createdOn":"2019-12-03T06:57:10Z","level":"Information","executedConfigId":1162,"detailUrl":"aga_reportRedirectURL"},{"id":161181,"message":"\"8bhrys6x\" completed.","type":"Quantitative Alert Execution","user":{"id":8877,"username":"bhagya","fullName":"bhagya"},"createdOn":"2019-12-03T06:32:09Z","level":"Information","executedConfigId":1161,"detailUrl":"aga_reportRedirectURL"},{"id":161166,"message":"\"oz6iyjax\" completed.","type":"Quantitative Alert Execution","user":{"id":8877,"username":"bhagya","fullName":"bhagya"},"createdOn":"2019-12-03T06:03:37Z","level":"Information","executedConfigId":1160,"detailUrl":"aga_reportRedirectURL"},{"id":161152,"message":"\"zz7m12y0\" completed.","type":"Quantitative Alert Execution","user":{"id":8877,"username":"bhagya","fullName":"bhagya"},"createdOn":"2019-12-03T05:36:13Z","level":"Information","executedConfigId":1159,"detailUrl":"aga_reportRedirectURL"},{"id":161138,"message":"\"st79keax\" completed.","type":"Quantitative Alert Execution","user":{"id":8877,"username":"bhagya","fullName":"bhagya"},"createdOn":"2019-12-03T05:15:10Z","level":"Information","executedConfigId":1158,"detailUrl":"aga_reportRedirectURL"},{"id":161122,"message":"\"lia4tyzp\" completed.","type":"Quantitative Alert Execution","user":{"id":8877,"username":"bhagya","fullName":"bhagya"},"createdOn":"2019-12-03T04:53:23Z","level":"Information","executedConfigId":1157,"detailUrl":"aga_reportRedirectURL"},{"id":161108,"message":"\"knza0hhp\" completed.","type":"Quantitative Alert Execution","user":{"id":8877,"username":"bhagya","fullName":"bhagya"},"createdOn":"2019-12-03T04:33:19Z","level":"Information","executedConfigId":1156,"detailUrl":"aga_reportRedirectURL"},{"id":161094,"message":"\"nnd0k8f3\" completed.","type":"Quantitative Alert Execution","user":{"id":8877,"username":"bhagya","fullName":"bhagya"},"createdOn":"2019-12-03T04:14:02Z","level":"Information","executedConfigId":1155,"detailUrl":"aga_reportRedirectURL"},{"id":161080,"message":"\"ltc43f8l\" completed.","type":"Quantitative Alert Execution","user":{"id":8877,"username":"bhagya","fullName":"bhagya"},"createdOn":"2019-12-03T03:54:44Z","level":"Information","executedConfigId":1154,"detailUrl":"aga_reportRedirectURL"},{"id":161066,"message":"\"gup3lqnq\" completed.","type":"Quantitative Alert Execution","user":{"id":8877,"username":"bhagya","fullName":"bhagya"},"createdOn":"2019-12-03T03:33:47Z","level":"Information","executedConfigId":1153,"detailUrl":"aga_reportRedirectURL"},{"id":161052,"message":"\"ljxl5wm3\" completed.","type":"Quantitative Alert Execution","user":{"id":8877,"username":"bhagya","fullName":"bhagya"},"createdOn":"2019-12-03T03:13:09Z","level":"Information","executedConfigId":1152,"detailUrl":"aga_reportRedirectURL"},{"id":161038,"message":"\"3mhfsxd0\" completed.","type":"Quantitative Alert Execution","user":{"id":8877,"username":"bhagya","fullName":"bhagya"},"createdOn":"2019-12-03T02:52:39Z","level":"Information","executedConfigId":1151,"detailUrl":"aga_reportRedirectURL"},{"id":161024,"message":"\"6io1rbjb\" completed.","type":"Quantitative Alert Execution","user":{"id":8877,"username":"bhagya","fullName":"bhagya"},"createdOn":"2019-12-03T02:32:29Z","level":"Information","executedConfigId":1150,"detailUrl":"aga_reportRedirectURL"},{"id":161010,"message":"\"xsnm4239\" completed.","type":"Quantitative Alert Execution","user":{"id":8877,"username":"bhagya","fullName":"bhagya"},"createdOn":"2019-12-03T02:10:59Z","level":"Information","executedConfigId":1149,"detailUrl":"aga_reportRedirectURL"},{"id":160996,"message":"\"1ymfdla4\" completed.","type":"Quantitative Alert Execution","user":{"id":8877,"username":"bhagya","fullName":"bhagya"},"createdOn":"2019-12-03T01:49:43Z","level":"Information","executedConfigId":1148,"detailUrl":"aga_reportRedirectURL"},{"id":160982,"message":"\"qa8sefwx\" completed.","type":"Quantitative Alert Execution","user":{"id":8877,"username":"bhagya","fullName":"bhagya"},"createdOn":"2019-12-03T01:28:02Z","level":"Information","executedConfigId":1147,"detailUrl":"aga_reportRedirectURL"},{"id":160968,"message":"\"y3qwq8fm\" completed.","type":"Quantitative Alert Execution","user":{"id":8877,"username":"bhagya","fullName":"bhagya"},"createdOn":"2019-12-03T01:08:26Z","level":"Information","executedConfigId":1146,"detailUrl":"aga_reportRedirectURL"},{"id":160954,"message":"\"egge76ok\" completed.","type":"Quantitative Alert Execution","user":{"id":8877,"username":"bhagya","fullName":"bhagya"},"createdOn":"2019-12-03T00:47:02Z","level":"Information","executedConfigId":1145,"detailUrl":"aga_reportRedirectURL"},{"id":160940,"message":"\"e5dqns41\" completed.","type":"Quantitative Alert Execution","user":{"id":8877,"username":"bhagya","fullName":"bhagya"},"createdOn":"2019-12-03T00:25:44Z","level":"Information","executedConfigId":1144,"detailUrl":"aga_reportRedirectURL"},{"id":160926,"message":"\"hx6uwffd\" completed.","type":"Quantitative Alert Execution","user":{"id":8877,"username":"bhagya","fullName":"bhagya"},"createdOn":"2019-12-03T00:05:44Z","level":"Information","executedConfigId":1143,"detailUrl":"aga_reportRedirectURL"},{"id":160912,"message":"\"fpbwp9pz\" completed.","type":"Quantitative Alert Execution","user":{"id":8877,"username":"bhagya","fullName":"bhagya"},"createdOn":"2019-12-02T23:44:23Z","level":"Information","executedConfigId":1142,"detailUrl":"aga_reportRedirectURL"},{"id":160898,"message":"\"bmwe9f8l\" completed.","type":"Quantitative Alert Execution","user":{"id":8877,"username":"bhagya","fullName":"bhagya"},"createdOn":"2019-12-02T23:23:00Z","level":"Information","executedConfigId":1141,"detailUrl":"aga_reportRedirectURL"},{"id":160884,"message":"\"dv3qrcv4\" completed.","type":"Quantitative Alert Execution","user":{"id":8877,"username":"bhagya","fullName":"bhagya"},"createdOn":"2019-12-02T23:02:00Z","level":"Information","executedConfigId":1140,"detailUrl":"aga_reportRedirectURL"}]