[{"signalId":9963,"signalName":"testd","productName":["PENICILLIN G"],"noOfCases":0,"noOfPec":0,"priority":"Urgent","assignedTo":"bhagya","actions":0,"strategy":"-","newFollowUp":"New","dueDate":"-","monitoringStatus":"-","initialDataSource":"Health Authority assessment report","lastSubmitted":"-","disposition":"Validated Observation"},{"signalId":117926,"signalName":"UpJ85","productName":["ASPIRIN"],"noOfCases":0,"noOfPec":0,"priority":"Urgent","assignedTo":"bhagya","actions":0,"strategy":"-","newFollowUp":"New","dueDate":"-","monitoringStatus":"-","initialDataSource":"Event under Special Monitoring   FDA TEST","lastSubmitted":"-","disposition":"Validated Observation"},{"signalId":116988,"signalName":"PeMEe","productName":["ASPIRIN"],"noOfCases":0,"noOfPec":0,"priority":"Urgent","assignedTo":"bhagya","actions":0,"strategy":"-","newFollowUp":"New","dueDate":"-","monitoringStatus":"-","initialDataSource":"Event under Special Monitoring   FDA TEST","lastSubmitted":"-","disposition":"Validated Observation"},{"signalId":116858,"signalName":"95O5E","productName":["ASPIRIN"],"noOfCases":0,"noOfPec":0,"priority":"Urgent","assignedTo":"bhagya","actions":0,"strategy":"-","newFollowUp":"New","dueDate":"-","monitoringStatus":"-","initialDataSource":"Event under Special Monitoring   FDA TEST","lastSubmitted":"-","disposition":"Validated Observation"},{"signalId":116793,"signalName":"KcNwZ","productName":["ASPIRIN"],"noOfCases":0,"noOfPec":0,"priority":"Urgent","assignedTo":"bhagya","actions":0,"strategy":"-","newFollowUp":"New","dueDate":"-","monitoringStatus":"-","initialDataSource":"Event under Special Monitoring   FDA TEST","lastSubmitted":"-","disposition":"Validated Observation"},{"signalId":115740,"signalName":"PFv8P","productName":["ASPIRIN"],"noOfCases":0,"noOfPec":0,"priority":"Urgent","assignedTo":"bhagya","actions":0,"strategy":"-","newFollowUp":"New","dueDate":"-","monitoringStatus":"-","initialDataSource":"Event under Special Monitoring   FDA TEST","lastSubmitted":"-","disposition":"Validated Observation"},{"signalId":115545,"signalName":"XQw8g","productName":["ASPIRIN"],"noOfCases":0,"noOfPec":0,"priority":"Urgent","assignedTo":"bhagya","actions":0,"strategy":"-","newFollowUp":"New","dueDate":"-","monitoringStatus":"-","initialDataSource":"Event under Special Monitoring   FDA TEST","lastSubmitted":"-","disposition":"Validated Observation"},{"signalId":115480,"signalName":"4bjbD","productName":["ASPIRIN"],"noOfCases":0,"noOfPec":0,"priority":"Urgent","assignedTo":"bhagya","actions":0,"strategy":"-","newFollowUp":"New","dueDate":"-","monitoringStatus":"-","initialDataSource":"Event under Special Monitoring   FDA TEST","lastSubmitted":"-","disposition":"Validated Observation"},{"signalId":115349,"signalName":"o9uwI","productName":["ASPIRIN"],"noOfCases":0,"noOfPec":0,"priority":"Urgent","assignedTo":"bhagya","actions":0,"strategy":"-","newFollowUp":"New","dueDate":"-","monitoringStatus":"-","initialDataSource":"Event under Special Monitoring   FDA TEST","lastSubmitted":"-","disposition":"Validated Observation"},{"signalId":115284,"signalName":"n1MmX","productName":["ASPIRIN"],"noOfCases":0,"noOfPec":0,"priority":"Urgent","assignedTo":"bhagya","actions":0,"strategy":"-","newFollowUp":"New","dueDate":"-","monitoringStatus":"-","initialDataSource":"Event under Special Monitoring   FDA TEST","lastSubmitted":"-","disposition":"Validated Observation"},{"signalId":119125,"signalName":"yNAIK","productName":["ASPIRIN"],"noOfCases":0,"noOfPec":0,"priority":"Urgent","assignedTo":"bhagya","actions":0,"strategy":"-","newFollowUp":"New","dueDate":"-","monitoringStatus":"-","initialDataSource":"Event under Special Monitoring   FDA TEST","lastSubmitted":"-","disposition":"Validated Observation"},{"signalId":119060,"signalName":"NHgFc","productName":["ASPIRIN"],"noOfCases":0,"noOfPec":0,"priority":"Urgent","assignedTo":"bhagya","actions":0,"strategy":"-","newFollowUp":"New","dueDate":"-","monitoringStatus":"-","initialDataSource":"Event under Special Monitoring   FDA TEST","lastSubmitted":"-","disposition":"Validated Observation"},{"signalId":118916,"signalName":"VkDme","productName":["ASPIRIN"],"noOfCases":0,"noOfPec":0,"priority":"Urgent","assignedTo":"bhagya","actions":0,"strategy":"-","newFollowUp":"New","dueDate":"-","monitoringStatus":"-","initialDataSource":"Event under Special Monitoring   FDA TEST","lastSubmitted":"-","disposition":"Validated Observation"},{"signalId":118851,"signalName":"7S3w7","productName":["ASPIRIN"],"noOfCases":0,"noOfPec":0,"priority":"Urgent","assignedTo":"bhagya","actions":0,"strategy":"-","newFollowUp":"New","dueDate":"-","monitoringStatus":"-","initialDataSource":"Event under Special Monitoring   FDA TEST","lastSubmitted":"-","disposition":"Validated Observation"},{"signalId":118591,"signalName":"ZF3Xn","productName":["ASPIRIN"],"noOfCases":0,"noOfPec":0,"priority":"Urgent","assignedTo":"bhagya","actions":0,"strategy":"-","newFollowUp":"New","dueDate":"-","monitoringStatus":"-","initialDataSource":"Event under Special Monitoring   FDA TEST","lastSubmitted":"-","disposition":"Validated Observation"},{"signalId":116428,"signalName":"k881W","productName":["ASPIRIN"],"noOfCases":0,"noOfPec":0,"priority":"Urgent","assignedTo":"bhagya","actions":0,"strategy":"-","newFollowUp":"New","dueDate":"-","monitoringStatus":"-","initialDataSource":"Event under Special Monitoring   FDA TEST","lastSubmitted":"-","disposition":"Validated Observation"},{"signalId":116000,"signalName":"EAr9a","productName":["ASPIRIN"],"noOfCases":0,"noOfPec":0,"priority":"Urgent","assignedTo":"bhagya","actions":0,"strategy":"-","newFollowUp":"New","dueDate":"-","monitoringStatus":"-","initialDataSource":"Event under Special Monitoring   FDA TEST","lastSubmitted":"-","disposition":"Validated Observation"},{"signalId":117991,"signalName":"NP9It","productName":["ASPIRIN"],"noOfCases":0,"noOfPec":0,"priority":"Urgent","assignedTo":"bhagya","actions":0,"strategy":"-","newFollowUp":"New","dueDate":"-","monitoringStatus":"-","initialDataSource":"Event under Special Monitoring   FDA TEST","lastSubmitted":"-","disposition":"Validated Observation"},{"signalId":117782,"signalName":"G38hk","productName":["ASPIRIN"],"noOfCases":0,"noOfPec":0,"priority":"Urgent","assignedTo":"bhagya","actions":0,"strategy":"-","newFollowUp":"New","dueDate":"-","monitoringStatus":"-","initialDataSource":"Event under Special Monitoring   FDA TEST","lastSubmitted":"-","disposition":"Validated Observation"},{"signalId":117717,"signalName":"vKQ2w","productName":["ASPIRIN"],"noOfCases":0,"noOfPec":0,"priority":"Urgent","assignedTo":"bhagya","actions":0,"strategy":"-","newFollowUp":"New","dueDate":"-","monitoringStatus":"-","initialDataSource":"Event under Special Monitoring   FDA TEST","lastSubmitted":"-","disposition":"Validated Observation"},{"signalId":117587,"signalName":"lcliJ","productName":["ASPIRIN"],"noOfCases":0,"noOfPec":0,"priority":"Urgent","assignedTo":"bhagya","actions":0,"strategy":"-","newFollowUp":"New","dueDate":"-","monitoringStatus":"-","initialDataSource":"Event under Special Monitoring   FDA TEST","lastSubmitted":"-","disposition":"Validated Observation"},{"signalId":117327,"signalName":"JQ7b2","productName":["ASPIRIN"],"noOfCases":0,"noOfPec":0,"priority":"Urgent","assignedTo":"bhagya","actions":0,"strategy":"-","newFollowUp":"New","dueDate":"-","monitoringStatus":"-","initialDataSource":"Event under Special Monitoring   FDA TEST","lastSubmitted":"-","disposition":"Validated Observation"},{"signalId":116578,"signalName":"5XAnq","productName":["ASPIRIN"],"noOfCases":0,"noOfPec":0,"priority":"Urgent","assignedTo":"bhagya","actions":0,"strategy":"-","newFollowUp":"New","dueDate":"-","monitoringStatus":"-","initialDataSource":"Event under Special Monitoring   FDA TEST","lastSubmitted":"-","disposition":"Validated Observation"},{"signalId":116262,"signalName":"XDwUb","productName":["ASPIRIN"],"noOfCases":0,"noOfPec":0,"priority":"Urgent","assignedTo":"bhagya","actions":0,"strategy":"-","newFollowUp":"New","dueDate":"-","monitoringStatus":"-","initialDataSource":"Event under Special Monitoring   FDA TEST","lastSubmitted":"-","disposition":"Validated Observation"},{"signalId":116132,"signalName":"Djkto","productName":["ASPIRIN"],"noOfCases":0,"noOfPec":0,"priority":"Urgent","assignedTo":"bhagya","actions":0,"strategy":"-","newFollowUp":"New","dueDate":"-","monitoringStatus":"-","initialDataSource":"Event under Special Monitoring   FDA TEST","lastSubmitted":"-","disposition":"Validated Observation"},{"signalId":116067,"signalName":"RmyAF","productName":["ASPIRIN"],"noOfCases":0,"noOfPec":0,"priority":"Urgent","assignedTo":"bhagya","actions":0,"strategy":"-","newFollowUp":"New","dueDate":"-","monitoringStatus":"-","initialDataSource":"Event under Special Monitoring   FDA TEST","lastSubmitted":"-","disposition":"Validated Observation"},{"signalId":118721,"signalName":"TKW61","productName":["ASPIRIN"],"noOfCases":0,"noOfPec":0,"priority":"Urgent","assignedTo":"bhagya","actions":0,"strategy":"-","newFollowUp":"New","dueDate":"-","monitoringStatus":"-","initialDataSource":"Event under Special Monitoring   FDA TEST","lastSubmitted":"-","disposition":"Validated Observation"},{"signalId":118121,"signalName":"KIKse","productName":["ASPIRIN"],"noOfCases":0,"noOfPec":0,"priority":"Urgent","assignedTo":"bhagya","actions":0,"strategy":"-","newFollowUp":"New","dueDate":"-","monitoringStatus":"-","initialDataSource":"Event under Special Monitoring   FDA TEST","lastSubmitted":"-","disposition":"Validated Observation"},{"signalId":119190,"signalName":"UxFGX","productName":["ASPIRIN"],"noOfCases":0,"noOfPec":0,"priority":"Urgent","assignedTo":"bhagya","actions":0,"strategy":"-","newFollowUp":"New","dueDate":"-","monitoringStatus":"-","initialDataSource":"Event under Special Monitoring   FDA TEST","lastSubmitted":"-","disposition":"Validated Observation"},{"signalId":118995,"signalName":"GYUTH","productName":["ASPIRIN"],"noOfCases":0,"noOfPec":0,"priority":"Urgent","assignedTo":"bhagya","actions":0,"strategy":"-","newFollowUp":"New","dueDate":"-","monitoringStatus":"-","initialDataSource":"Event under Special Monitoring   FDA TEST","lastSubmitted":"-","disposition":"Validated Observation"},{"signalId":118786,"signalName":"ivREO","productName":["ASPIRIN"],"noOfCases":0,"noOfPec":0,"priority":"Urgent","assignedTo":"bhagya","actions":0,"strategy":"-","newFollowUp":"New","dueDate":"-","monitoringStatus":"-","initialDataSource":"Event under Special Monitoring   FDA TEST","lastSubmitted":"-","disposition":"Validated Observation"},{"signalId":118656,"signalName":"ZeTiG","productName":["ASPIRIN"],"noOfCases":0,"noOfPec":0,"priority":"Urgent","assignedTo":"bhagya","actions":0,"strategy":"-","newFollowUp":"New","dueDate":"-","monitoringStatus":"-","initialDataSource":"Event under Special Monitoring   FDA TEST","lastSubmitted":"-","disposition":"Validated Observation"},{"signalId":118526,"signalName":"fYWOA","productName":["ASPIRIN"],"noOfCases":0,"noOfPec":0,"priority":"Urgent","assignedTo":"bhagya","actions":0,"strategy":"-","newFollowUp":"New","dueDate":"-","monitoringStatus":"-","initialDataSource":"Event under Special Monitoring   FDA TEST","lastSubmitted":"-","disposition":"Validated Observation"},{"signalId":115805,"signalName":"7wJU8","productName":["ASPIRIN"],"noOfCases":0,"noOfPec":0,"priority":"Urgent","assignedTo":"bhagya","actions":0,"strategy":"-","newFollowUp":"New","dueDate":"-","monitoringStatus":"-","initialDataSource":"Event under Special Monitoring   FDA TEST","lastSubmitted":"-","disposition":"Validated Observation"},{"signalId":115415,"signalName":"7pP9Z","productName":["ASPIRIN"],"noOfCases":0,"noOfPec":0,"priority":"Urgent","assignedTo":"bhagya","actions":0,"strategy":"-","newFollowUp":"New","dueDate":"-","monitoringStatus":"-","initialDataSource":"Event under Special Monitoring   FDA TEST","lastSubmitted":"-","disposition":"Validated Observation"},{"signalId":118447,"signalName":"eUukM","productName":["ASPIRIN"],"noOfCases":0,"noOfPec":0,"priority":"Urgent","assignedTo":"bhagya","actions":0,"strategy":"-","newFollowUp":"New","dueDate":"-","monitoringStatus":"-","initialDataSource":"Event under Special Monitoring   FDA TEST","lastSubmitted":"-","disposition":"Validated Observation"},{"signalId":118382,"signalName":"Lq4xC","productName":["ASPIRIN"],"noOfCases":0,"noOfPec":0,"priority":"Urgent","assignedTo":"bhagya","actions":0,"strategy":"-","newFollowUp":"New","dueDate":"-","monitoringStatus":"-","initialDataSource":"Event under Special Monitoring   FDA TEST","lastSubmitted":"-","disposition":"Validated Observation"},{"signalId":118317,"signalName":"rjOkG","productName":["ASPIRIN"],"noOfCases":0,"noOfPec":0,"priority":"Urgent","assignedTo":"bhagya","actions":0,"strategy":"-","newFollowUp":"New","dueDate":"-","monitoringStatus":"-","initialDataSource":"Event under Special Monitoring   FDA TEST","lastSubmitted":"-","disposition":"Validated Observation"},{"signalId":118252,"signalName":"iIsG9","productName":["ASPIRIN"],"noOfCases":0,"noOfPec":0,"priority":"Urgent","assignedTo":"bhagya","actions":0,"strategy":"-","newFollowUp":"New","dueDate":"-","monitoringStatus":"-","initialDataSource":"Event under Special Monitoring   FDA TEST","lastSubmitted":"-","disposition":"Validated Observation"},{"signalId":118187,"signalName":"cppcj","productName":["ASPIRIN"],"noOfCases":0,"noOfPec":0,"priority":"Urgent","assignedTo":"bhagya","actions":0,"strategy":"-","newFollowUp":"New","dueDate":"-","monitoringStatus":"-","initialDataSource":"Event under Special Monitoring   FDA TEST","lastSubmitted":"-","disposition":"Validated Observation"},{"signalId":118056,"signalName":"O22Ci","productName":["ASPIRIN"],"noOfCases":0,"noOfPec":0,"priority":"Urgent","assignedTo":"bhagya","actions":0,"strategy":"-","newFollowUp":"New","dueDate":"-","monitoringStatus":"-","initialDataSource":"Event under Special Monitoring   FDA TEST","lastSubmitted":"-","disposition":"Validated Observation"},{"signalId":117847,"signalName":"TZDn0","productName":["ASPIRIN"],"noOfCases":0,"noOfPec":0,"priority":"Urgent","assignedTo":"bhagya","actions":0,"strategy":"-","newFollowUp":"New","dueDate":"-","monitoringStatus":"-","initialDataSource":"Event under Special Monitoring   FDA TEST","lastSubmitted":"-","disposition":"Validated Observation"},{"signalId":117262,"signalName":"KU4dK","productName":["ASPIRIN"],"noOfCases":0,"noOfPec":0,"priority":"Urgent","assignedTo":"bhagya","actions":0,"strategy":"-","newFollowUp":"New","dueDate":"-","monitoringStatus":"-","initialDataSource":"Event under Special Monitoring   FDA TEST","lastSubmitted":"-","disposition":"Validated Observation"},{"signalId":115205,"signalName":"d68Q0","productName":["ASPIRIN"],"noOfCases":0,"noOfPec":0,"priority":"Urgent","assignedTo":"bhagya","actions":0,"strategy":"-","newFollowUp":"New","dueDate":"-","monitoringStatus":"-","initialDataSource":"Event under Special Monitoring   FDA TEST","lastSubmitted":"-","disposition":"Validated Observation"},{"signalId":117652,"signalName":"0IcZ4","productName":["ASPIRIN"],"noOfCases":0,"noOfPec":0,"priority":"Urgent","assignedTo":"bhagya","actions":0,"strategy":"-","newFollowUp":"New","dueDate":"-","monitoringStatus":"-","initialDataSource":"Event under Special Monitoring   FDA TEST","lastSubmitted":"-","disposition":"Validated Observation"},{"signalId":117522,"signalName":"37QeX","productName":["ASPIRIN"],"noOfCases":0,"noOfPec":0,"priority":"Urgent","assignedTo":"bhagya","actions":0,"strategy":"-","newFollowUp":"New","dueDate":"-","monitoringStatus":"-","initialDataSource":"Event under Special Monitoring   FDA TEST","lastSubmitted":"-","disposition":"Validated Observation"},{"signalId":117457,"signalName":"vdzDu","productName":["ASPIRIN"],"noOfCases":0,"noOfPec":0,"priority":"Urgent","assignedTo":"bhagya","actions":0,"strategy":"-","newFollowUp":"New","dueDate":"-","monitoringStatus":"-","initialDataSource":"Event under Special Monitoring   FDA TEST","lastSubmitted":"-","disposition":"Validated Observation"},{"signalId":117392,"signalName":"Umqox","productName":["ASPIRIN"],"noOfCases":0,"noOfPec":0,"priority":"Urgent","assignedTo":"bhagya","actions":0,"strategy":"-","newFollowUp":"New","dueDate":"-","monitoringStatus":"-","initialDataSource":"Event under Special Monitoring   FDA TEST","lastSubmitted":"-","disposition":"Validated Observation"},{"signalId":117118,"signalName":"rk36r","productName":["ASPIRIN"],"noOfCases":0,"noOfPec":0,"priority":"Urgent","assignedTo":"bhagya","actions":0,"strategy":"-","newFollowUp":"New","dueDate":"-","monitoringStatus":"-","initialDataSource":"Event under Special Monitoring   FDA TEST","lastSubmitted":"-","disposition":"Validated Observation"},{"signalId":117053,"signalName":"I9cnk","productName":["ASPIRIN"],"noOfCases":0,"noOfPec":0,"priority":"Urgent","assignedTo":"bhagya","actions":0,"strategy":"-","newFollowUp":"New","dueDate":"-","monitoringStatus":"-","initialDataSource":"Event under Special Monitoring   FDA TEST","lastSubmitted":"-","disposition":"Validated Observation"},{"signalId":116649,"signalName":"CwEu4","productName":["ASPIRIN"],"noOfCases":0,"noOfPec":0,"priority":"Urgent","assignedTo":"bhagya","actions":0,"strategy":"-","newFollowUp":"New","dueDate":"-","monitoringStatus":"-","initialDataSource":"Event under Special Monitoring   FDA TEST","lastSubmitted":"-","disposition":"Validated Observation"},{"signalId":116513,"signalName":"FQaOE","productName":["ASPIRIN"],"noOfCases":0,"noOfPec":0,"priority":"Urgent","assignedTo":"bhagya","actions":0,"strategy":"-","newFollowUp":"New","dueDate":"-","monitoringStatus":"-","initialDataSource":"Event under Special Monitoring   FDA TEST","lastSubmitted":"-","disposition":"Validated Observation"},{"signalId":115610,"signalName":"4Ee6U","productName":["ASPIRIN"],"noOfCases":0,"noOfPec":0,"priority":"Urgent","assignedTo":"bhagya","actions":0,"strategy":"-","newFollowUp":"New","dueDate":"-","monitoringStatus":"-","initialDataSource":"Event under Special Monitoring   FDA TEST","lastSubmitted":"-","disposition":"Validated Observation"},{"signalId":117197,"signalName":"hlpwt","productName":["ASPIRIN"],"noOfCases":0,"noOfPec":0,"priority":"Urgent","assignedTo":"bhagya","actions":0,"strategy":"-","newFollowUp":"New","dueDate":"-","monitoringStatus":"-","initialDataSource":"Event under Special Monitoring   FDA TEST","lastSubmitted":"-","disposition":"Validated Observation"},{"signalId":116923,"signalName":"gvmhG","productName":["ASPIRIN"],"noOfCases":0,"noOfPec":0,"priority":"Urgent","assignedTo":"bhagya","actions":0,"strategy":"-","newFollowUp":"New","dueDate":"-","monitoringStatus":"-","initialDataSource":"Event under Special Monitoring   FDA TEST","lastSubmitted":"-","disposition":"Validated Observation"},{"signalId":116728,"signalName":"D5ozi","productName":["ASPIRIN"],"noOfCases":0,"noOfPec":0,"priority":"Urgent","assignedTo":"bhagya","actions":0,"strategy":"-","newFollowUp":"New","dueDate":"-","monitoringStatus":"-","initialDataSource":"Event under Special Monitoring   FDA TEST","lastSubmitted":"-","disposition":"Validated Observation"},{"signalId":116363,"signalName":"pK4kP","productName":["ASPIRIN"],"noOfCases":0,"noOfPec":0,"priority":"Urgent","assignedTo":"bhagya","actions":0,"strategy":"-","newFollowUp":"New","dueDate":"-","monitoringStatus":"-","initialDataSource":"Event under Special Monitoring   FDA TEST","lastSubmitted":"-","disposition":"Validated Observation"},{"signalId":116197,"signalName":"CgnnM","productName":["ASPIRIN"],"noOfCases":0,"noOfPec":0,"priority":"Urgent","assignedTo":"bhagya","actions":0,"strategy":"-","newFollowUp":"New","dueDate":"-","monitoringStatus":"-","initialDataSource":"Event under Special Monitoring   FDA TEST","lastSubmitted":"-","disposition":"Validated Observation"},{"signalId":115935,"signalName":"fhBE5","productName":["ASPIRIN"],"noOfCases":0,"noOfPec":0,"priority":"Urgent","assignedTo":"bhagya","actions":0,"strategy":"-","newFollowUp":"New","dueDate":"-","monitoringStatus":"-","initialDataSource":"Event under Special Monitoring   FDA TEST","lastSubmitted":"-","disposition":"Validated Observation"},{"signalId":115870,"signalName":"dCIuJ","productName":["ASPIRIN"],"noOfCases":0,"noOfPec":0,"priority":"Urgent","assignedTo":"bhagya","actions":0,"strategy":"-","newFollowUp":"New","dueDate":"-","monitoringStatus":"-","initialDataSource":"Event under Special Monitoring   FDA TEST","lastSubmitted":"-","disposition":"Validated Observation"},{"signalId":115675,"signalName":"29pFu","productName":["ASPIRIN"],"noOfCases":0,"noOfPec":0,"priority":"Urgent","assignedTo":"bhagya","actions":0,"strategy":"-","newFollowUp":"New","dueDate":"-","monitoringStatus":"-","initialDataSource":"Event under Special Monitoring   FDA TEST","lastSubmitted":"-","disposition":"Validated Observation"},{"signalId":115140,"signalName":"jRfhK","productName":["ASPIRIN"],"noOfCases":0,"noOfPec":0,"priority":"Urgent","assignedTo":"bhagya","actions":0,"strategy":"-","newFollowUp":"New","dueDate":"-","monitoringStatus":"-","initialDataSource":"Event under Special Monitoring   FDA TEST","lastSubmitted":"-","disposition":"Validated Observation"},{"signalId":114750,"signalName":"n6ive","productName":["ASPIRIN"],"noOfCases":0,"noOfPec":0,"priority":"Urgent","assignedTo":"bhagya","actions":0,"strategy":"-","newFollowUp":"New","dueDate":"-","monitoringStatus":"-","initialDataSource":"Event under Special Monitoring   FDA TEST","lastSubmitted":"-","disposition":"Validated Observation"},{"signalId":114620,"signalName":"8Zsdh","productName":["ASPIRIN"],"noOfCases":0,"noOfPec":0,"priority":"Urgent","assignedTo":"bhagya","actions":0,"strategy":"-","newFollowUp":"New","dueDate":"-","monitoringStatus":"-","initialDataSource":"Event under Special Monitoring   FDA TEST","lastSubmitted":"-","disposition":"Validated Observation"},{"signalId":114360,"signalName":"zfmlS","productName":["ASPIRIN"],"noOfCases":0,"noOfPec":0,"priority":"Urgent","assignedTo":"bhagya","actions":0,"strategy":"-","newFollowUp":"New","dueDate":"-","monitoringStatus":"-","initialDataSource":"Event under Special Monitoring   FDA TEST","lastSubmitted":"-","disposition":"Validated Observation"},{"signalId":114295,"signalName":"HIDGI","productName":["ASPIRIN"],"noOfCases":0,"noOfPec":0,"priority":"Urgent","assignedTo":"bhagya","actions":0,"strategy":"-","newFollowUp":"New","dueDate":"-","monitoringStatus":"-","initialDataSource":"Event under Special Monitoring   FDA TEST","lastSubmitted":"-","disposition":"Validated Observation"},{"signalId":114151,"signalName":"1u0gH","productName":["ASPIRIN"],"noOfCases":0,"noOfPec":0,"priority":"Urgent","assignedTo":"bhagya","actions":0,"strategy":"-","newFollowUp":"New","dueDate":"-","monitoringStatus":"-","initialDataSource":"Event under Special Monitoring   FDA TEST","lastSubmitted":"-","disposition":"Validated Observation"},{"signalId":113826,"signalName":"OoxVp","productName":["ASPIRIN"],"noOfCases":0,"noOfPec":0,"priority":"Urgent","assignedTo":"bhagya","actions":0,"strategy":"-","newFollowUp":"New","dueDate":"-","monitoringStatus":"-","initialDataSource":"Event under Special Monitoring   FDA TEST","lastSubmitted":"-","disposition":"Validated Observation"},{"signalId":113241,"signalName":"L9q43","productName":["ASPIRIN"],"noOfCases":0,"noOfPec":0,"priority":"Urgent","assignedTo":"bhagya","actions":0,"strategy":"-","newFollowUp":"New","dueDate":"-","monitoringStatus":"-","initialDataSource":"Event under Special Monitoring   FDA TEST","lastSubmitted":"-","disposition":"Validated Observation"},{"signalId":112837,"signalName":"Jpsmo","productName":["ASPIRIN"],"noOfCases":0,"noOfPec":0,"priority":"Urgent","assignedTo":"bhagya","actions":0,"strategy":"-","newFollowUp":"New","dueDate":"-","monitoringStatus":"-","initialDataSource":"Event under Special Monitoring   FDA TEST","lastSubmitted":"-","disposition":"Validated Observation"},{"signalId":112642,"signalName":"rHbV8","productName":["ASPIRIN"],"noOfCases":0,"noOfPec":0,"priority":"Urgent","assignedTo":"bhagya","actions":0,"strategy":"-","newFollowUp":"New","dueDate":"-","monitoringStatus":"-","initialDataSource":"Event under Special Monitoring   FDA TEST","lastSubmitted":"-","disposition":"Validated Observation"},{"signalId":10025,"signalName":"test_signal","productName":["AMIODARONE"],"noOfCases":0,"noOfPec":0,"priority":"Urgent","assignedTo":"bhagya","actions":0,"strategy":"-","newFollowUp":"New","dueDate":"-","monitoringStatus":"-","initialDataSource":"Data mining - FAERS database","lastSubmitted":"-","disposition":"Validated Observation"},{"signalId":113956,"signalName":"ziBm7","productName":["ASPIRIN"],"noOfCases":0,"noOfPec":0,"priority":"Urgent","assignedTo":"bhagya","actions":0,"strategy":"-","newFollowUp":"New","dueDate":"-","monitoringStatus":"-","initialDataSource":"Event under Special Monitoring   FDA TEST","lastSubmitted":"-","disposition":"Validated Observation"},{"signalId":113891,"signalName":"Jdk04","productName":["ASPIRIN"],"noOfCases":0,"noOfPec":0,"priority":"Urgent","assignedTo":"bhagya","actions":0,"strategy":"-","newFollowUp":"New","dueDate":"-","monitoringStatus":"-","initialDataSource":"Event under Special Monitoring   FDA TEST","lastSubmitted":"-","disposition":"Validated Observation"},{"signalId":113501,"signalName":"JVicw","productName":["ASPIRIN"],"noOfCases":0,"noOfPec":0,"priority":"Urgent","assignedTo":"bhagya","actions":0,"strategy":"-","newFollowUp":"New","dueDate":"-","monitoringStatus":"-","initialDataSource":"Event under Special Monitoring   FDA TEST","lastSubmitted":"-","disposition":"Validated Observation"},{"signalId":113306,"signalName":"CDd53","productName":["ASPIRIN"],"noOfCases":0,"noOfPec":0,"priority":"Urgent","assignedTo":"bhagya","actions":0,"strategy":"-","newFollowUp":"New","dueDate":"-","monitoringStatus":"-","initialDataSource":"Event under Special Monitoring   FDA TEST","lastSubmitted":"-","disposition":"Validated Observation"},{"signalId":112902,"signalName":"NYq16","productName":["ASPIRIN"],"noOfCases":0,"noOfPec":0,"priority":"Urgent","assignedTo":"bhagya","actions":0,"strategy":"-","newFollowUp":"New","dueDate":"-","monitoringStatus":"-","initialDataSource":"Event under Special Monitoring   FDA TEST","lastSubmitted":"-","disposition":"Validated Observation"},{"signalId":112772,"signalName":"ble0b","productName":["ASPIRIN"],"noOfCases":0,"noOfPec":0,"priority":"Urgent","assignedTo":"bhagya","actions":0,"strategy":"-","newFollowUp":"New","dueDate":"-","monitoringStatus":"-","initialDataSource":"Event under Special Monitoring   FDA TEST","lastSubmitted":"-","disposition":"Validated Observation"},{"signalId":112707,"signalName":"m99qo","productName":["ASPIRIN"],"noOfCases":0,"noOfPec":0,"priority":"Urgent","assignedTo":"bhagya","actions":0,"strategy":"-","newFollowUp":"New","dueDate":"-","monitoringStatus":"-","initialDataSource":"Event under Special Monitoring   FDA TEST","lastSubmitted":"-","disposition":"Validated Observation"},{"signalId":111884,"signalName":"Perf_345","productName":["ASPIRIN"],"noOfCases":0,"noOfPec":0,"priority":"Medium","assignedTo":"bhagya","actions":0,"strategy":"-","newFollowUp":"New","dueDate":"-","monitoringStatus":"-","initialDataSource":"Health Authority assessment report","lastSubmitted":"-","disposition":"Validated Observation"},{"signalId":111431,"signalName":"Perf_2","productName":["MINIRIN"],"noOfCases":0,"noOfPec":0,"priority":"Urgent","assignedTo":"bhagya","actions":0,"strategy":"-","newFollowUp":"New","dueDate":"-","monitoringStatus":"-","initialDataSource":"Data mining - FAERS database","lastSubmitted":"-","disposition":"Validated Observation"},{"signalId":114425,"signalName":"R2QDx","productName":["ASPIRIN"],"noOfCases":0,"noOfPec":0,"priority":"Urgent","assignedTo":"bhagya","actions":0,"strategy":"-","newFollowUp":"New","dueDate":"-","monitoringStatus":"-","initialDataSource":"Event under Special Monitoring   FDA TEST","lastSubmitted":"-","disposition":"Validated Observation"},{"signalId":113696,"signalName":"0VQeW","productName":["ASPIRIN"],"noOfCases":1,"noOfPec":0,"priority":"Urgent","assignedTo":"bhagya","actions":0,"strategy":"-","newFollowUp":"New","dueDate":"-","monitoringStatus":"-","initialDataSource":"Event under Special Monitoring   FDA TEST","lastSubmitted":"-","disposition":"Validated Observation"},{"signalId":113371,"signalName":"xVBXB","productName":["ASPIRIN"],"noOfCases":0,"noOfPec":0,"priority":"Urgent","assignedTo":"bhagya","actions":0,"strategy":"-","newFollowUp":"New","dueDate":"-","monitoringStatus":"-","initialDataSource":"Event under Special Monitoring   FDA TEST","lastSubmitted":"-","disposition":"Validated Observation"},{"signalId":113111,"signalName":"Smh83","productName":["ASPIRIN"],"noOfCases":0,"noOfPec":0,"priority":"Urgent","assignedTo":"bhagya","actions":0,"strategy":"-","newFollowUp":"New","dueDate":"-","monitoringStatus":"-","initialDataSource":"Event under Special Monitoring   FDA TEST","lastSubmitted":"-","disposition":"Validated Observation"},{"signalId":113046,"signalName":"i2YUJ","productName":["ASPIRIN"],"noOfCases":0,"noOfPec":0,"priority":"Urgent","assignedTo":"bhagya","actions":0,"strategy":"-","newFollowUp":"New","dueDate":"-","monitoringStatus":"-","initialDataSource":"Event under Special Monitoring   FDA TEST","lastSubmitted":"-","disposition":"Validated Observation"},{"signalId":112981,"signalName":"A6Azk","productName":["ASPIRIN"],"noOfCases":0,"noOfPec":0,"priority":"Urgent","assignedTo":"bhagya","actions":0,"strategy":"-","newFollowUp":"New","dueDate":"-","monitoringStatus":"-","initialDataSource":"Event under Special Monitoring   FDA TEST","lastSubmitted":"-","disposition":"Validated Observation"},{"signalId":112512,"signalName":"aerf123","productName":["ASPIRIN"],"noOfCases":0,"noOfPec":0,"priority":"Urgent","assignedTo":"bhagya","actions":0,"strategy":"-","newFollowUp":"New","dueDate":"-","monitoringStatus":"-","initialDataSource":"Event under Special Monitoring   FDA TEST","lastSubmitted":"-","disposition":"Validated Observation"},{"signalId":112447,"signalName":"Perf345","productName":["ASPIRIN"],"noOfCases":0,"noOfPec":0,"priority":"Urgent","assignedTo":"bhagya","actions":0,"strategy":"-","newFollowUp":"New","dueDate":"-","monitoringStatus":"-","initialDataSource":"Event under Special Monitoring   FDA TEST","lastSubmitted":"-","disposition":"Validated Observation"},{"signalId":115075,"signalName":"bcbTH","productName":["ASPIRIN"],"noOfCases":0,"noOfPec":0,"priority":"Urgent","assignedTo":"bhagya","actions":0,"strategy":"-","newFollowUp":"New","dueDate":"-","monitoringStatus":"-","initialDataSource":"Event under Special Monitoring   FDA TEST","lastSubmitted":"-","disposition":"Validated Observation"},{"signalId":115010,"signalName":"JFq6w","productName":["ASPIRIN"],"noOfCases":0,"noOfPec":0,"priority":"Urgent","assignedTo":"bhagya","actions":0,"strategy":"-","newFollowUp":"New","dueDate":"-","monitoringStatus":"-","initialDataSource":"Event under Special Monitoring   FDA TEST","lastSubmitted":"-","disposition":"Validated Observation"},{"signalId":114945,"signalName":"MPCUz","productName":["ASPIRIN"],"noOfCases":0,"noOfPec":0,"priority":"Urgent","assignedTo":"bhagya","actions":0,"strategy":"-","newFollowUp":"New","dueDate":"-","monitoringStatus":"-","initialDataSource":"Event under Special Monitoring   FDA TEST","lastSubmitted":"-","disposition":"Validated Observation"},{"signalId":114815,"signalName":"wCh3D","productName":["ASPIRIN"],"noOfCases":0,"noOfPec":0,"priority":"Urgent","assignedTo":"bhagya","actions":0,"strategy":"-","newFollowUp":"New","dueDate":"-","monitoringStatus":"-","initialDataSource":"Event under Special Monitoring   FDA TEST","lastSubmitted":"-","disposition":"Validated Observation"},{"signalId":114685,"signalName":"Vvaxr","productName":["ASPIRIN"],"noOfCases":0,"noOfPec":0,"priority":"Urgent","assignedTo":"bhagya","actions":0,"strategy":"-","newFollowUp":"New","dueDate":"-","monitoringStatus":"-","initialDataSource":"Event under Special Monitoring   FDA TEST","lastSubmitted":"-","disposition":"Validated Observation"},{"signalId":114490,"signalName":"gBX1s","productName":["ASPIRIN"],"noOfCases":0,"noOfPec":0,"priority":"Urgent","assignedTo":"bhagya","actions":0,"strategy":"-","newFollowUp":"New","dueDate":"-","monitoringStatus":"-","initialDataSource":"Event under Special Monitoring   FDA TEST","lastSubmitted":"-","disposition":"Validated Observation"},{"signalId":114021,"signalName":"up9cC","productName":["ASPIRIN"],"noOfCases":0,"noOfPec":0,"priority":"Urgent","assignedTo":"bhagya","actions":0,"strategy":"-","newFollowUp":"New","dueDate":"-","monitoringStatus":"-","initialDataSource":"Event under Special Monitoring   FDA TEST","lastSubmitted":"-","disposition":"Validated Observation"},{"signalId":113566,"signalName":"VmIgo","productName":["ASPIRIN"],"noOfCases":0,"noOfPec":0,"priority":"Urgent","assignedTo":"bhagya","actions":0,"strategy":"-","newFollowUp":"New","dueDate":"-","monitoringStatus":"-","initialDataSource":"Event under Special Monitoring   FDA TEST","lastSubmitted":"-","disposition":"Validated Observation"},{"signalId":113436,"signalName":"Txsan","productName":["ASPIRIN"],"noOfCases":0,"noOfPec":0,"priority":"Urgent","assignedTo":"bhagya","actions":0,"strategy":"-","newFollowUp":"New","dueDate":"-","monitoringStatus":"-","initialDataSource":"Event under Special Monitoring   FDA TEST","lastSubmitted":"-","disposition":"Validated Observation"},{"signalId":10171,"signalName":"Signal_Perf_Performance","productName":["AMIODARONE"],"noOfCases":0,"noOfPec":0,"priority":"Urgent","assignedTo":"bhagya","actions":1,"strategy":"-","newFollowUp":"New","dueDate":"-","monitoringStatus":"-","initialDataSource":"Event under Special Monitoring   FDA TEST","lastSubmitted":"-","disposition":"Validated Observation"},{"signalId":112577,"signalName":"g55wE","productName":["ASPIRIN"],"noOfCases":0,"noOfPec":0,"priority":"Urgent","assignedTo":"bhagya","actions":0,"strategy":"-","newFollowUp":"New","dueDate":"-","monitoringStatus":"-","initialDataSource":"Event under Special Monitoring   FDA TEST","lastSubmitted":"-","disposition":"Validated Observation"},{"signalId":113176,"signalName":"kMB3r","productName":["ASPIRIN"],"noOfCases":0,"noOfPec":0,"priority":"Urgent","assignedTo":"bhagya","actions":0,"strategy":"-","newFollowUp":"New","dueDate":"-","monitoringStatus":"-","initialDataSource":"Event under Special Monitoring   FDA TEST","lastSubmitted":"-","disposition":"Validated Observation"},{"signalId":113631,"signalName":"c9nZJ","productName":["ASPIRIN"],"noOfCases":0,"noOfPec":0,"priority":"Urgent","assignedTo":"bhagya","actions":0,"strategy":"-","newFollowUp":"New","dueDate":"-","monitoringStatus":"-","initialDataSource":"Event under Special Monitoring   FDA TEST","lastSubmitted":"-","disposition":"Validated Observation"},{"signalId":113761,"signalName":"l2Kzp","productName":["ASPIRIN"],"noOfCases":0,"noOfPec":0,"priority":"Urgent","assignedTo":"bhagya","actions":0,"strategy":"-","newFollowUp":"New","dueDate":"-","monitoringStatus":"-","initialDataSource":"Event under Special Monitoring   FDA TEST","lastSubmitted":"-","disposition":"Validated Observation"},{"signalId":114086,"signalName":"OBDjq","productName":["ASPIRIN"],"noOfCases":0,"noOfPec":0,"priority":"Urgent","assignedTo":"bhagya","actions":0,"strategy":"-","newFollowUp":"New","dueDate":"-","monitoringStatus":"-","initialDataSource":"Event under Special Monitoring   FDA TEST","lastSubmitted":"-","disposition":"Validated Observation"},{"signalId":114230,"signalName":"bOAAl","productName":["ASPIRIN"],"noOfCases":0,"noOfPec":0,"priority":"Urgent","assignedTo":"bhagya","actions":0,"strategy":"-","newFollowUp":"New","dueDate":"-","monitoringStatus":"-","initialDataSource":"Event under Special Monitoring   FDA TEST","lastSubmitted":"-","disposition":"Validated Observation"},{"signalId":114555,"signalName":"W9yhy","productName":["ASPIRIN"],"noOfCases":0,"noOfPec":0,"priority":"Urgent","assignedTo":"bhagya","actions":0,"strategy":"-","newFollowUp":"New","dueDate":"-","monitoringStatus":"-","initialDataSource":"Event under Special Monitoring   FDA TEST","lastSubmitted":"-","disposition":"Validated Observation"},{"signalId":114880,"signalName":"irQ6q","productName":["ASPIRIN"],"noOfCases":0,"noOfPec":0,"priority":"Urgent","assignedTo":"bhagya","actions":0,"strategy":"-","newFollowUp":"New","dueDate":"-","monitoringStatus":"-","initialDataSource":"Event under Special Monitoring   FDA TEST","lastSubmitted":"-","disposition":"Validated Observation"},{"signalId":9895,"signalName":"PERF_SIG_!","productName":["MINIRIN"],"noOfCases":1,"noOfPec":0,"priority":"Urgent","assignedTo":"bhagya","actions":0,"strategy":"-","newFollowUp":"New","dueDate":"-","monitoringStatus":"-","initialDataSource":"Health Authority assessment report","lastSubmitted":"-","disposition":"Refuted Signal"}]