[{"id":17822,"message":"\"PERF_QUAL_6\" completed.","type":"Qualitative Alert Execution","user":{"id":17249,"username":"bhagya","fullName":"bhagya"},"createdOn":"2019-11-05T05:03:40Z","level":"Information","executedConfigId":91,"detailUrl":"sca_reportRedirectURL"},{"id":17738,"message":"\"PERF_QUAL_5\" completed.","type":"Qualitative Alert Execution","user":{"id":17249,"username":"bhagya","fullName":"bhagya"},"createdOn":"2019-11-05T04:49:30Z","level":"Information","executedConfigId":90,"detailUrl":"sca_reportRedirectURL"},{"id":17654,"message":"\"PERF_QUAL_4\" completed.","type":"Qualitative Alert Execution","user":{"id":17249,"username":"bhagya","fullName":"bhagya"},"createdOn":"2019-11-05T04:40:50Z","level":"Information","executedConfigId":89,"detailUrl":"sca_reportRedirectURL"},{"id":17568,"message":"\"PERF_QUANT_1\" completed.","type":"Quantitative Alert Execution","user":{"id":17249,"username":"bhagya","fullName":"bhagya"},"createdOn":"2019-11-05T04:32:28Z","level":"Information","executedConfigId":88,"detailUrl":"aga_reportRedirectURL"},{"id":17489,"message":"\"PERF_QUAL_2\" completed.","type":"Qualitative Alert Execution","user":{"id":17249,"username":"bhagya","fullName":"bhagya"},"createdOn":"2019-11-05T04:28:40Z","level":"Information","executedConfigId":87,"detailUrl":"sca_reportRedirectURL"},{"id":17406,"message":"\"Perf_Qual_1\" completed.","type":"Qualitative Alert Execution","user":{"id":17249,"username":"bhagya","fullName":"bhagya"},"createdOn":"2019-11-05T04:23:00Z","level":"Information","executedConfigId":86,"detailUrl":"sca_reportRedirectURL"}]