[{"id":9452,"message":"\"PERF_QUAL_24\" completed.","type":"Qualitative Alert Execution","user":{"id":8877,"username":"bhagya","fullName":"bhagya"},"createdOn":"2019-11-07T05:50:00Z","level":"Information","executedConfigId":26,"detailUrl":"sca_reportRedirectURL"},{"id":9448,"message":"\"PERF_QUAL_23\" completed.","type":"Qualitative Alert Execution","user":{"id":8877,"username":"bhagya","fullName":"bhagya"},"createdOn":"2019-11-07T05:45:29Z","level":"Information","executedConfigId":25,"detailUrl":"sca_reportRedirectURL"},{"id":9207,"message":"\"PERF_QUAL_21\" completed.","type":"Qualitative Alert Execution","user":{"id":8877,"username":"bhagya","fullName":"bhagya"},"createdOn":"2019-11-07T05:22:19Z","level":"Information","executedConfigId":24,"detailUrl":"sca_reportRedirectURL"}]