[{"name":"DILTIAZEM (Product Name) test","product":["DILTIAZEM"],"dueIn":14,"priority":"Urgent","id":21,"frequency":"","lastRunDate":"06-Nov-2019","nextRunDate":"06-Nov-2019","executed":true,"type":"Qualitative","total":6,"new":6,"requiresReview":6,"assignedToMe":0,"closed":0},{"name":"PERF_Qual_12","product":["LAMISIL"],"dueIn":14,"priority":"Urgent","id":20,"frequency":"","lastRunDate":"06-Nov-2019","nextRunDate":"06-Nov-2019","executed":true,"type":"Qualitative","total":1,"new":1,"requiresReview":1,"assignedToMe":0,"closed":0},{"name":"perf9ng","product":["ACER NEGUNDO POLLEN\\AMARANTHUS RETROFLEXUS POLLEN\\AMBROSIA ARTEMISIIFOLIA POLLEN\\AMBROSIA PSILOSTACHYA POLLEN\\AMBROSIA TRIFIDA POLLEN\\BETULA NIGRA POLLEN\\CARYA ILLINOINENSIS POLLEN\\CARYA TOMENTOSA POLLEN\\CHENOPODIUM ALBUM POLLEN\\CYNODON DACTYLON POLLEN\\FRAXINUS AMERICANA POLLEN\\IVA ANNUA POLLEN\\POA"],"dueIn":14,"priority":"Urgent","id":18,"frequency":"","lastRunDate":"06-Nov-2019","nextRunDate":"06-Nov-2019","executed":true,"type":"Quantitative","total":0,"new":0,"requiresReview":0,"assignedToMe":0,"closed":0},{"name":"perf11","product":["AVITENE MICROFIBRILLAR COLLAGEN HEMOSTAT"],"dueIn":14,"priority":"Urgent","id":16,"frequency":"","lastRunDate":"06-Nov-2019","nextRunDate":"06-Nov-2019","executed":true,"type":"Qualitative","total":0,"new":0,"requiresReview":0,"assignedToMe":0,"closed":0},{"name":"perf9","product":["ACER NEGUNDO POLLEN\\AMARANTHUS RETROFLEXUS POLLEN\\AMBROSIA ARTEMISIIFOLIA POLLEN\\AMBROSIA PSILOSTACHYA POLLEN\\AMBROSIA TRIFIDA POLLEN\\BETULA NIGRA POLLEN\\CARYA ILLINOINENSIS POLLEN\\CARYA TOMENTOSA POLLEN\\CHENOPODIUM ALBUM POLLEN\\CYNODON DACTYLON POLLEN\\FRAXINUS AMERICANA POLLEN\\IVA ANNUA POLLEN\\POA"],"dueIn":14,"priority":"Urgent","id":15,"frequency":"","lastRunDate":"06-Nov-2019","nextRunDate":"06-Nov-2019","executed":true,"type":"Quantitative","total":0,"new":0,"requiresReview":0,"assignedToMe":0,"closed":0},{"name":"ASPIRIN (Product Name) sca test","product":["ASPIRIN"],"dueIn":14,"priority":"Urgent","id":13,"frequency":"","lastRunDate":"06-Nov-2019","nextRunDate":"06-Nov-2019","executed":true,"type":"Qualitative","total":0,"new":0,"requiresReview":0,"assignedToMe":0,"closed":0},{"name":"5-ALPHA REDUCTASE INHIBITOR (Therapeutic drug class) ACA prf test","product":["5-ALPHA REDUCTASE INHIBITOR"],"dueIn":14,"priority":"Urgent","id":12,"frequency":"","lastRunDate":"06-Nov-2019","nextRunDate":"06-Nov-2019","executed":true,"type":"Quantitative","total":451,"new":451,"requiresReview":451,"assignedToMe":0,"closed":0},{"name":"PERF_QUAL_24","product":["PENICILLIN G"],"dueIn":15,"priority":"Urgent","id":26,"frequency":"","lastRunDate":"07-Nov-2019","nextRunDate":"07-Nov-2019","executed":true,"type":"Qualitative","total":10001,"new":10001,"requiresReview":10001,"assignedToMe":10001,"closed":0},{"name":"PERF_QUAL_23","product":["PENICILLIN G"],"dueIn":15,"priority":"Urgent","id":25,"frequency":"","lastRunDate":"07-Nov-2019","nextRunDate":"07-Nov-2019","executed":true,"type":"Qualitative","total":10001,"new":10001,"requiresReview":10001,"assignedToMe":10001,"closed":0},{"name":"PERF_QUAL_21","product":["PENICILLIN G"],"dueIn":15,"priority":"Urgent","id":24,"frequency":"","lastRunDate":"07-Nov-2019","nextRunDate":"07-Nov-2019","executed":true,"type":"Qualitative","total":10001,"new":10001,"requiresReview":10001,"assignedToMe":10001,"closed":0},{"name":"Perf_15","product":["ANACIN (ACETAMINOPHEN)","LIDOCAINE VISCOUS"],"dueIn":15,"priority":"Urgent","id":23,"frequency":"","lastRunDate":"07-Nov-2019","nextRunDate":"07-Nov-2019","executed":true,"type":"Qualitative","total":30003,"new":30003,"requiresReview":30003,"assignedToMe":0,"closed":0},{"name":"PERF_QUAL_13","product":["AMIODARONE"],"dueIn":29,"priority":"High","id":22,"frequency":"","lastRunDate":"06-Nov-2019","nextRunDate":"06-Nov-2019","executed":true,"type":"Qualitative","total":5,"new":5,"requiresReview":5,"assignedToMe":0,"closed":0},{"name":"TESTNGQUAL","product":["AMIODARONE"],"dueIn":89,"priority":"Medium","id":19,"frequency":"","lastRunDate":"06-Nov-2019","nextRunDate":"06-Nov-2019","executed":true,"type":"Qualitative","total":5,"new":5,"requiresReview":5,"assignedToMe":0,"closed":0}]