[{"level":"6","name":"365 EVERYDAY VALUE ASPIRIN","id":"1512166924","lang":"en"},{"level":"6","name":"7 SELECT ADULT CHEWABLE ASPIRIN","id":"253663038","lang":"en"},{"level":"6","name":"7 SELECT ASPIRIN","id":"852625233","lang":"en"},{"level":"6","name":"ACETAMINOPHEN OR ASPIRIN\\CHLORPHENIRAMINE MALEATE\\PHENYLEPHRINE HYDROCHLORIDE","id":"937965163","lang":"en"},{"level":"6","name":"ACETAMINOPHEN, ASPIRIN (NSAID) AND DIPHENHYDRAMINE CITRATE","id":"-1545789288","lang":"en"},{"level":"6","name":"ACETAMINOPHEN, ASPIRIN AND CAFFEINE","id":"1396918776","lang":"en"},{"level":"6","name":"ACETAMINOPHEN, ASPIRIN AND CODEINE PHOSPHATE","id":"-927627054","lang":"en"},{"level":"6","name":"ACETAMINOPHEN, SALICYLAMIDE, ASPIRIN, AND CAFFEINE","id":"212060857","lang":"en"},{"level":"6","name":"ACETAMINOPHEN\\ALCOHOL\\ASPIRIN\\BACITRACIN ZINC\\BENZALKONIUM CHLORIDE\\BENZOCAINE\\DIPHENHYDRAMINE HYDROCHLORIDE\\IBUPROFEN\\NEOMYCIN SULFATE\\POLYMYXIN B SULFATE","id":"-481794315","lang":"en"},{"level":"6","name":"ACETAMINOPHEN\\ALCOHOL\\ASPIRIN\\BACITRACIN ZINC\\BENZALKONIUM CHLORIDE\\BENZOCAINE\\IBUPROFEN\\ISOPROPYL ALCOHOL\\LIDOCAINE\\LIDOCAINE HYDROCHLORIDE\\NEOMYCIN SULFATE\\POLYMYXIN B SULFATE\\POVIDONE-IODINE\\WATER","id":"-1388207975","lang":"en"},{"level":"6","name":"ACETAMINOPHEN\\ALCOHOL\\ASPIRIN\\BACITRACIN ZINC\\BENZALKONIUM CHLORIDE\\BENZOCAINE\\IBUPROFEN\\LIDOCAINE\\LIDOCAINE HYDROCHLORIDE\\NEOMYCIN SULFATE\\POLYMYXIN B SULFATE\\WATER","id":"-1258976121","lang":"en"},{"level":"6","name":"ACETAMINOPHEN\\ALCOHOL\\ASPIRIN\\BACITRACIN ZINC\\BENZALKONIUM CHLORIDE\\BENZOCAINE\\IBUPROFEN\\NEOMYCIN SULFATE\\POLYMYXIN B SULFATE","id":"551297528","lang":"en"},{"level":"6","name":"ACETAMINOPHEN\\ALCOHOL\\ASPIRIN\\BENZALKONIUM CHLORIDE\\BENZOCAINE\\IBUPROFEN\\LIDOCAINE\\LIDOCAINE HYDROCHLORIDE","id":"-1753190839","lang":"en"},{"level":"6","name":"ACETAMINOPHEN\\ASPARTAME\\ASPIRIN\\PHENYLALANINE\\PHENYLPROPANOLAMINE BITARTRATE\\SODIUM BICARBONATE","id":"-1508793246","lang":"en"},{"level":"6","name":"ACETAMINOPHEN\\ASPIRIN","id":"-1030143458","lang":"en"},{"level":"6","name":"ACETAMINOPHEN\\ASPIRIN LYSINE\\CHLORPHENIRAMINE MALEATE\\PHENYLPROPANOLAMINE BITARTRATE\\SODIUM BICARBONATE","id":"-1840512583","lang":"en"},{"level":"6","name":"ACETAMINOPHEN\\ASPIRIN LYSINE\\CHLORPHENIRAMINE MALEATE\\PHENYLPROPANOLAMINE HYDROCHLORIDE\\SODIUM BICARBONATE","id":"-1384989337","lang":"en"},{"level":"6","name":"ACETAMINOPHEN\\ASPIRIN LYSINE\\CHLORPHENIRAMINE MALEATE\\PHENYLPROPANOLAMINE\\SODIUM BICARBONATE","id":"-442589513","lang":"en"},{"level":"6","name":"ACETAMINOPHEN\\ASPIRIN\\BACITRACIN ZINC\\BENZALKONIUM CHLORIDE\\DIPHENHYDRAMINE HYDROCHLORIDE\\IBUPROFEN\\NEOMYCIN SULFATE\\POLYMYXIN B SULFATE\\POVIDONE-IODINE","id":"1395620994","lang":"en"},{"level":"6","name":"ACETAMINOPHEN\\ASPIRIN\\BACITRACIN ZINC\\BENZALKONIUM CHLORIDE\\IBUPROFEN\\ISOPROPYL ALCOHOL\\NEOMYCIN SULFATE\\POLYMYXIN B SULFATE","id":"339650393","lang":"en"},{"level":"6","name":"ACETAMINOPHEN\\ASPIRIN\\BACITRACIN ZINC\\BENZALKONIUM CHLORIDE\\IBUPROFEN\\LIDOCAINE\\LIDOCAINE HYDROCHLORIDE\\NEOMYCIN SULFATE\\POLYMYXIN B SULFATE","id":"2100774970","lang":"en"},{"level":"6","name":"ACETAMINOPHEN\\ASPIRIN\\BICARBONATE ION\\CALCIUM\\SODIUM\\SODIUM BICARBONATE","id":"-1925922666","lang":"en"},{"level":"6","name":"ACETAMINOPHEN\\ASPIRIN\\BROMPHENIRAMINE MALEATE\\PHENYLPROPANOLAMINE BITARTRATE\\SODIUM BICARBONATE","id":"-2063677321","lang":"en"},{"level":"6","name":"ACETAMINOPHEN\\ASPIRIN\\BROMPHENIRAMINE\\PHENYLPROPANOLAMINE\\SODIUM BICARBONATE","id":"-1726252674","lang":"en"},{"level":"6","name":"ACETAMINOPHEN\\ASPIRIN\\BUTALBITAL","id":"1222621066","lang":"en"},{"level":"6","name":"ACETAMINOPHEN\\ASPIRIN\\CAFFEIC ACID\\SALICYLAMIDE","id":"434090805","lang":"en"},{"level":"6","name":"ACETAMINOPHEN\\ASPIRIN\\CAFFEINE","id":"196481015","lang":"en"},{"level":"6","name":"ACETAMINOPHEN\\ASPIRIN\\CAFFEINE\\CHLORPHENIRAMINE MALEATE\\DIHYDROCODEINE\\EPHEDRINE","id":"-1639715096","lang":"en"},{"level":"6","name":"ACETAMINOPHEN\\ASPIRIN\\CAFFEINE\\CODEINE PHOSPHATE","id":"-913802420","lang":"en"},{"level":"6","name":"ACETAMINOPHEN\\ASPIRIN\\CAFFEINE\\HYDROCODONE","id":"-61009831","lang":"en"},{"level":"6","name":"ACETAMINOPHEN\\ASPIRIN\\CAFFEINE\\IBUPROFEN\\QUININE SULFATE","id":"-55254294","lang":"en"},{"level":"6","name":"ACETAMINOPHEN\\ASPIRIN\\CAFFEINE\\PHENYLEPHRINE","id":"-2095608942","lang":"en"},{"level":"6","name":"ACETAMINOPHEN\\ASPIRIN\\CAFFEINE\\POTASSIUM CHLORIDE","id":"1334753360","lang":"en"},{"level":"6","name":"ACETAMINOPHEN\\ASPIRIN\\CAFFEINE\\PROMETHAZINE","id":"-1127621069","lang":"en"},{"level":"6","name":"ACETAMINOPHEN\\ASPIRIN\\CAFFEINE\\QUININE SULFATE","id":"315011432","lang":"en"},{"level":"6","name":"ACETAMINOPHEN\\ASPIRIN\\CALCIUM\\CITRATE\\SODIUM BICARBONATE","id":"484898899","lang":"en"},{"level":"6","name":"ACETAMINOPHEN\\ASPIRIN\\CALCIUM\\CITRATE\\SODIUM\\SODIUM BICARBONATE","id":"1842858718","lang":"en"},{"level":"6","name":"ACETAMINOPHEN\\ASPIRIN\\CALCIUM\\CITRIC ACID MONOHYDRATE\\PHOSPHATE ION\\SODIUM BICARBONATE","id":"-2012673080","lang":"en"},{"level":"6","name":"ACETAMINOPHEN\\ASPIRIN\\CALCIUM\\CITRIC ACID MONOHYDRATE\\SODIUM BICARBONATE","id":"-1919155886","lang":"en"},{"level":"6","name":"ACETAMINOPHEN\\ASPIRIN\\CALCIUM\\CITRIC ACID MONOHYDRATE\\SODIUM\\SODIUM BICARBONATE","id":"976581887","lang":"en"},{"level":"6","name":"ACETAMINOPHEN\\ASPIRIN\\CHLORPHENIRAMINE GLUCONATE\\PHENYLPROPANOLAMINE\\SODIUM BICARBONATE","id":"714510718","lang":"en"},{"level":"6","name":"ACETAMINOPHEN\\ASPIRIN\\CHLORPHENIRAMINE HYDROCHLORIDE\\PHENYLPROPANOLAMINE\\PSEUDOEPHEDRINE","id":"518311957","lang":"en"},{"level":"6","name":"ACETAMINOPHEN\\ASPIRIN\\CHLORPHENIRAMINE MALEATE\\PHENYLEPHRINE HYDROCHLORIDE\\SODIUM BICARBONATE","id":"1150351173","lang":"en"},{"level":"6","name":"ACETAMINOPHEN\\ASPIRIN\\CHLORPHENIRAMINE MALEATE\\PHENYLEPHRINE\\PHENYLPROPANOLAMINE\\SODIUM BICARBONATE","id":"-968214530","lang":"en"},{"level":"6","name":"ACETAMINOPHEN\\ASPIRIN\\CHLORPHENIRAMINE MALEATE\\PHENYLPROPANOLAMINE","id":"-1640133062","lang":"en"},{"level":"6","name":"ACETAMINOPHEN\\ASPIRIN\\CHLORPHENIRAMINE MALEATE\\PHENYLPROPANOLAMINE BITARTRATE\\SODIUM BICARBONATE","id":"1256188983","lang":"en"},{"level":"6","name":"ACETAMINOPHEN\\ASPIRIN\\CHLORPHENIRAMINE MALEATE\\PHENYLPROPANOLAMINE BITARTRATE\\SODIUM\\SODIUM BICARBONATE","id":"1526951546","lang":"en"},{"level":"6","name":"ACETAMINOPHEN\\ASPIRIN\\CHLORPHENIRAMINE MALEATE\\PHENYLPROPANOLAMINE HYDROCHLORIDE","id":"-1581516534","lang":"en"},{"level":"6","name":"ACETAMINOPHEN\\ASPIRIN\\CHLORPHENIRAMINE MALEATE\\PHENYLPROPANOLAMINE HYDROCHLORIDE\\PSEUDOEPHEDRINE HYDROCHLORIDE\\SODIUM BICARBONATE","id":"-1218316119","lang":"en"},{"level":"6","name":"ACETAMINOPHEN\\ASPIRIN\\CHLORPHENIRAMINE MALEATE\\PHENYLPROPANOLAMINE HYDROCHLORIDE\\SODIUM BICARBONATE","id":"848812585","lang":"en"},{"level":"6","name":"ACETAMINOPHEN\\ASPIRIN\\CHLORPHENIRAMINE MALEATE\\PHENYLPROPANOLAMINE MALEATE\\SODIUM BICARBONATE","id":"483362740","lang":"en"},{"level":"6","name":"ACETAMINOPHEN\\ASPIRIN\\CHLORPHENIRAMINE MALEATE\\PHENYLPROPANOLAMINE\\PSEUDOEPHEDRINE","id":"-240331542","lang":"en"},{"level":"6","name":"ACETAMINOPHEN\\ASPIRIN\\CHLORPHENIRAMINE MALEATE\\PHENYLPROPANOLAMINE\\SODIUM BICARBONATE","id":"1553225465","lang":"en"},{"level":"6","name":"ACETAMINOPHEN\\ASPIRIN\\CHLORPHENIRAMINE MALEATE\\SODIUM BICARBONATE","id":"-689471600","lang":"en"},{"level":"6","name":"ACETAMINOPHEN\\ASPIRIN\\CHLORPHENIRAMINE\\DEXTROMETHORPHAN\\PHENYLPROPANOLAMINE\\SODIUM BICARBONATE","id":"-1628727728","lang":"en"},{"level":"6","name":"ACETAMINOPHEN\\ASPIRIN\\CHLORPHENIRAMINE\\DEXTROMETHORPHAN\\PSEUDOEPHEDRINE\\SODIUM BICARBONATE","id":"1466847159","lang":"en"},{"level":"6","name":"ACETAMINOPHEN\\ASPIRIN\\CHLORPHENIRAMINE\\PHENYLEPHRINE\\PHENYLPROPANOLAMINE\\SODIUM BICARBONATE","id":"1293128195","lang":"en"},{"level":"6","name":"ACETAMINOPHEN\\ASPIRIN\\CHLORPHENIRAMINE\\PHENYLPROPANOLAMINE","id":"-518878315","lang":"en"},{"level":"6","name":"ACETAMINOPHEN\\ASPIRIN\\CHLORPHENIRAMINE\\PHENYLPROPANOLAMINE BITARTRATE\\SODIUM BICARBONATE","id":"1599821906","lang":"en"},{"level":"6","name":"ACETAMINOPHEN\\ASPIRIN\\CHLORPHENIRAMINE\\PHENYLPROPANOLAMINE BITARTRATE\\SODIUM\\SODIUM BICARBONATE","id":"1238777343","lang":"en"},{"level":"6","name":"ACETAMINOPHEN\\ASPIRIN\\CHLORPHENIRAMINE\\PHENYLPROPANOLAMINE HYDROCHLORIDE\\SODIUM BICARBONATE","id":"-1184811986","lang":"en"},{"level":"6","name":"ACETAMINOPHEN\\ASPIRIN\\CHLORPHENIRAMINE\\PHENYLPROPANOLAMINE\\PSEUDOEPHEDRINE","id":"-1723220923","lang":"en"},{"level":"6","name":"ACETAMINOPHEN\\ASPIRIN\\CHLORPHENIRAMINE\\PHENYLPROPANOLAMINE\\PSEUDOEPHEDRINE\\SODIUM BICARBONATE","id":"-1769890034","lang":"en"},{"level":"6","name":"ACETAMINOPHEN\\ASPIRIN\\CHLORPHENIRAMINE\\PHENYLPROPANOLAMINE\\SODIUM BICARBONATE","id":"-1465684546","lang":"en"},{"level":"6","name":"ACETAMINOPHEN\\ASPIRIN\\CHLORPHENIRAMINE\\PROPOXYPHENE","id":"-449245739","lang":"en"},{"level":"6","name":"ACETAMINOPHEN\\ASPIRIN\\CHLORPHENIRAMINE\\PSEUDOEPHEDRINE","id":"258027150","lang":"en"},{"level":"6","name":"ACETAMINOPHEN\\ASPIRIN\\CITRIC ACID MONOHYDRATE\\POTASSIUM CATION\\SODIUM BICARBONATE","id":"1371054155","lang":"en"},{"level":"6","name":"ACETAMINOPHEN\\ASPIRIN\\CITRIC ACID MONOHYDRATE\\SODIUM BICARBONATE","id":"-1371323486","lang":"en"},{"level":"6","name":"ACETAMINOPHEN\\ASPIRIN\\CITRIC ACID\\SODIUM BICARBONATE","id":"-1712042894","lang":"en"},{"level":"6","name":"ACETAMINOPHEN\\ASPIRIN\\CODEINE","id":"-703105291","lang":"en"},{"level":"6","name":"ACETAMINOPHEN\\ASPIRIN\\DIMETHICONE\\SODIUM BICARBONATE","id":"714765206","lang":"en"},{"level":"6","name":"ACETAMINOPHEN\\ASPIRIN\\DIPHENHYDRAMINE CITRATE","id":"636866015","lang":"en"},{"level":"6","name":"ACETAMINOPHEN\\ASPIRIN\\DIPHENHYDRAMINE\\PHENYLPROPANOLAMINE BITARTRATE\\SODIUM BICARBONATE","id":"958246437","lang":"en"},{"level":"6","name":"ACETAMINOPHEN\\ASPIRIN\\DOXYLAMINE SUCCINATE\\PHENYLALANINE\\PHENYLPROPANOLAMINE BITARTRATE\\SODIUM BICARBONATE","id":"-1713977495","lang":"en"},{"level":"6","name":"ACETAMINOPHEN\\ASPIRIN\\PHENYLEPHRINE\\PHENYLPROPANOLAMINE\\SODIUM BICARBONATE","id":"-244127805","lang":"en"},{"level":"6","name":"ACETAMINOPHEN\\ASPIRIN\\PHENYLPROPANOLAMINE","id":"1659534805","lang":"en"},{"level":"6","name":"ACETAMINOPHEN\\ASPIRIN\\PHENYLPROPANOLAMINE BITARTRATE\\SODIUM BICARBONATE","id":"-1770923374","lang":"en"},{"level":"6","name":"ACETAMINOPHEN\\ASPIRIN\\PHENYLPROPANOLAMINE\\SODIUM BICARBONATE","id":"1988612990","lang":"en"},{"level":"6","name":"ACETAMINOPHEN\\ASPIRIN\\PSEUDOEPHEDRINE\\SODIUM BICARBONATE","id":"-1088138267","lang":"en"},{"level":"6","name":"ACETAMINOPHEN\\ASPIRIN\\SALICYLAMIDE","id":"-1905071023","lang":"en"},{"level":"6","name":"ACETAMINOPHEN\\ASPIRIN\\SODIUM BICARBONATE","id":"1633726613","lang":"en"},{"level":"6","name":"ACETAMINOPHEN\\CAFFEINE\\CARBASPIRIN CALCIUM\\CHLORPHENIRAMINE MALEATE\\LIDOCAINE\\PROPOXYPHENE HYDROCHLORIDE","id":"-1781233511","lang":"en"},{"level":"6","name":"ACETAMINOPHEN\\CAFFEINE\\CARBASPIRIN CALCIUM\\CHLORPHENIRAMINE\\LIDOCAINE\\PROPOXYPHENE, DL-","id":"-891817053","lang":"en"},{"level":"6","name":"ADULT LOW DOSE ASPIRIN ENTERIC COATED","id":"353959345","lang":"en"},{"level":"6","name":"ALCOHOL\\ASPIRIN\\BENZALKONIUM CHLORIDE\\BENZOCAINE\\ISOPROPYL ALCOHOL\\LIDOCAINE\\LIDOCAINE HYDROCHLORIDE\\WATER","id":"-2065642847","lang":"en"},{"level":"6","name":"ALCOHOL\\ASPIRIN\\BENZOCAINE\\ISOPROPYL ALCOHOL","id":"-1535740627","lang":"en"},{"level":"6","name":"ALCOHOL\\ASPIRIN\\DEXTROMETHORPHAN HYDROBROMIDE\\DOXYLAMINE\\EPHEDRINE SULFATE","id":"901012500","lang":"en"},{"level":"6","name":"ALLANTOIN\\ASPIRIN\\GLYCERIN\\PROPYLENE GLYCOL\\TEA TREE OIL\\WILLOW BARK","id":"-1060625413","lang":"en"},{"level":"6","name":"ALUMINUM HYDROXIDE\\ASPIRIN\\CODEINE PHOSPHATE\\MAGNESIUM HYDROXIDE","id":"-1309061083","lang":"en"},{"level":"6","name":"ALUMINUM HYDROXIDE\\ASPIRIN\\DEXAMETHASONE","id":"-1670664076","lang":"en"},{"level":"6","name":"ANACIN (ASPIRIN\\CAFFEINE)","id":"-172710684","lang":"en"},{"level":"6","name":"ANHYDROUS CITRIC ACID\\ASPIRIN\\SODIUM BICARBONATE","id":"934685891","lang":"en"},{"level":"6","name":"ASCORBIC ACID\\ASPIRIN","id":"-1601235963","lang":"en"},{"level":"6","name":"ASCORBIC ACID\\ASPIRIN\\CAFFEINE","id":"1962963440","lang":"en"},{"level":"6","name":"ASCORBIC ACID\\ASPIRIN\\CAFFEINE\\CODEINE\\SALICYLAMIDE","id":"-522398648","lang":"en"},{"level":"6","name":"ASCORBIC ACID\\ASPIRIN\\CAFFEINE\\PHENACETIN","id":"679458435","lang":"en"},{"level":"6","name":"ASCORBIC ACID\\ASPIRIN\\PHENYLEPHRINE","id":"2144952096","lang":"en"},{"level":"6","name":"ASCRIPTIN REGULAR STRENGTH BUFFERED ASPIRIN","id":"480431511","lang":"en"},{"level":"6","name":"ASPICA (ASPIRIN)","id":"-1714934194","lang":"en"},{"level":"6","name":"ASPIRIN","id":"10554220","lang":"en"},{"level":"6","name":"ASPIRIN AND BUTALBITAL AND CAFFEINE AND PHENACETIN","id":"1997814631","lang":"en"},{"level":"6","name":"ASPIRIN AND CAFFEINE AND DIHYDROCODEINE BITARTRATE","id":"-994856709","lang":"en"},{"level":"6","name":"ASPIRIN AND DIPYRIDAMOLE","id":"702111450","lang":"en"},{"level":"6","name":"ASPIRIN CALCIUM","id":"-1796896392","lang":"en"},{"level":"6","name":"ASPIRIN COPPER","id":"-876187571","lang":"en"},{"level":"6","name":"ASPIRIN DL-LYSINE","id":"-1527422261","lang":"en"},{"level":"6","name":"ASPIRIN DL-LYSINE\\GLYCINE","id":"741606048","lang":"en"},{"level":"6","name":"ASPIRIN E-C LOW DOSE SAFETY COATED","id":"-154139794","lang":"en"},{"level":"6","name":"ASPIRIN FREE","id":"-1149421920","lang":"en"},{"level":"6","name":"ASPIRIN FREE COLD HEAD CONGESTION DAY TIME","id":"301977286","lang":"en"},{"level":"6","name":"ASPIRIN FREE PAIN RELIEF","id":"-1135172965","lang":"en"},{"level":"6","name":"ASPIRIN LYSINE","id":"-609207090","lang":"en"},{"level":"6","name":"ASPIRIN LYSINE\\CAFFEINE","id":"1985354567","lang":"en"},{"level":"6","name":"ASPIRIN LYSINE\\CAFFEINE\\SALICYLAMIDE","id":"-123470392","lang":"en"},{"level":"6","name":"ASPIRIN LYSINE\\CAFFEINE\\SALICYLAMIDE SODIUM","id":"2049137553","lang":"en"},{"level":"6","name":"ASPIRIN LYSINE\\CHLORAMPHENICOL\\PHENYLPROPANOLAMINE","id":"657239191","lang":"en"},{"level":"6","name":"ASPIRIN LYSINE\\CHLORPHENIRAMINE MALEATE","id":"-2137382317","lang":"en"},{"level":"6","name":"ASPIRIN LYSINE\\CHLORPHENIRAMINE MALEATE\\DEXTROMETHORPHAN HYDROBROMIDE\\DOXYLAMINE SUCCINATE\\PHENYLPROPANOLAMINE BITARTRATE\\PSEUDOEPHEDRINE HYDROCHLORIDE","id":"-2004292455","lang":"en"},{"level":"6","name":"ASPIRIN LYSINE\\CHLORPHENIRAMINE MALEATE\\PHENYLPROPANOLAMINE","id":"-1822019190","lang":"en"},{"level":"6","name":"ASPIRIN LYSINE\\CHLORPHENIRAMINE MALEATE\\PHENYLPROPANOLAMINE BITARTRATE","id":"-1957126036","lang":"en"},{"level":"6","name":"ASPIRIN LYSINE\\CHLORPHENIRAMINE MALEATE\\PHENYLPROPANOLAMINE HYDROCHLORIDE","id":"974950490","lang":"en"},{"level":"6","name":"ASPIRIN LYSINE\\GLYCINE\\LYSINE, DL-","id":"-1077643106","lang":"en"},{"level":"6","name":"ASPIRIN LYSINE\\MAGNESIUM OXIDE","id":"1655938923","lang":"en"},{"level":"6","name":"ASPIRIN LYSINE\\METOCLOPRAMIDE HYDROCHLORIDE","id":"1664789895","lang":"en"},{"level":"6","name":"ASPIRIN PLUS C","id":"-506628495","lang":"en"},{"level":"6","name":"ASPIRIN SODIUM","id":"-418484883","lang":"en"},{"level":"6","name":"ASPIRIN, CAFFEINE, AND DIHYDROCODEINE BITARTRATE","id":"-821960392","lang":"en"},{"level":"6","name":"ASPIRIN, CHLORPHENIRAMINE MALEATE, AND PHENYLEPHRINE BITARTRATE","id":"1421538561","lang":"en"},{"level":"6","name":"ASPIRIN, CITRIC ACID ANHYDROUS, AND SODIUM BICARBONATE","id":"160058260","lang":"en"},{"level":"6","name":"ASPIRIN, CITRIC ACID MONOHYDRATE, AND SODIUM BICARBONATE","id":"1164917411","lang":"en"},{"level":"6","name":"ASPIRIN, DEXTROMETHORPHAN HYDROBROMIDE, DOXYLAMINE SUCCINATE, AND PHENYLEPHRINE BITARTRATE","id":"594166445","lang":"en"},{"level":"6","name":"ASPIRIN\\ASCORBIC ACID","id":"-1930477307","lang":"en"},{"level":"6","name":"ASPIRIN\\ASPIRIN CALCIUM ACETAMIDE\\CALCIUM","id":"436652389","lang":"en"},{"level":"6","name":"ASPIRIN\\BETAMETHASONE","id":"964325864","lang":"en"},{"level":"6","name":"ASPIRIN\\BICARBONATE ION\\CALCIUM\\CITRIC ACID MONOHYDRATE","id":"-297111495","lang":"en"},{"level":"6","name":"ASPIRIN\\BICARBONATE ION\\CITRIC ACID MONOHYDRATE","id":"143091689","lang":"en"},{"level":"6","name":"ASPIRIN\\BROMHEXINE\\CODEINE","id":"-1792714534","lang":"en"},{"level":"6","name":"ASPIRIN\\BROMPHENIRAMINE MALEATE\\PHENYLPROPANOLAMINE BITARTRATE","id":"-2115970962","lang":"en"},{"level":"6","name":"ASPIRIN\\BROMPHENIRAMINE\\DEXTROMETHORPHAN HYDROBROMIDE\\PHENYLPROPANOLAMINE HYDROCHLORIDE","id":"1411934517","lang":"en"},{"level":"6","name":"ASPIRIN\\BROMPHENIRAMINE\\DEXTROMETHORPHAN\\PHENYLPROPANOLAMINE","id":"939720565","lang":"en"},{"level":"6","name":"ASPIRIN\\BUTALBITAL","id":"-1552895620","lang":"en"},{"level":"6","name":"ASPIRIN\\BUTALBITAL\\CAFFEINE","id":"-1211954599","lang":"en"},{"level":"6","name":"ASPIRIN\\BUTALBITAL\\CAFFEINE\\CODEINE","id":"884921392","lang":"en"},{"level":"6","name":"ASPIRIN\\BUTALBITAL\\CAFFEINE\\CODEINE PHOSPHATE\\PHENACETIN","id":"-221875067","lang":"en"},{"level":"6","name":"ASPIRIN\\CAFFEIC ACID\\SALICYLAMIDE","id":"1778472707","lang":"en"},{"level":"6","name":"ASPIRIN\\CAFFEINE","id":"-1111433623","lang":"en"},{"level":"6","name":"ASPIRIN\\CAFFEINE SODIUM SALICYLATE","id":"-522871177","lang":"en"},{"level":"6","name":"ASPIRIN\\CAFFEINE\\CHLORPHENIRAMINE","id":"-2050829581","lang":"en"},{"level":"6","name":"ASPIRIN\\CAFFEINE\\CHLORPHENIRAMINE MALEATE","id":"-597297896","lang":"en"},{"level":"6","name":"ASPIRIN\\CAFFEINE\\CHLORPHENIRAMINE MALEATE\\METHOXYPHENAMINE HYDROCHLORIDE","id":"-809330717","lang":"en"},{"level":"6","name":"ASPIRIN\\CAFFEINE\\CHLORPHENIRAMINE MALEATE\\PHENACETIN","id":"-1151587749","lang":"en"},{"level":"6","name":"ASPIRIN\\CAFFEINE\\CHLORPHENIRAMINE MALEATE\\PHENACETIN\\PHENYLPROPANOLAMINE","id":"94102930","lang":"en"},{"level":"6","name":"ASPIRIN\\CAFFEINE\\CHLORPHENIRAMINE MALEATE\\SALICYLAMIDE","id":"-1997643881","lang":"en"},{"level":"6","name":"ASPIRIN\\CAFFEINE\\CHLORPHENIRAMINE\\PHENYLPROPANOLAMINE","id":"2096124458","lang":"en"},{"level":"6","name":"ASPIRIN\\CAFFEINE\\CODEINE PHOSPHATE\\ACETAMINOPHEN","id":"-844347792","lang":"en"},{"level":"6","name":"ASPIRIN\\CAFFEINE\\DEXCHLORPHENIRAMINE MALEATE\\PHENYLEPHRINE HYDROCHLORIDE","id":"-1081926540","lang":"en"},{"level":"6","name":"ASPIRIN\\CAFFEINE\\DIHYDROCODEINE","id":"451815611","lang":"en"},{"level":"6","name":"ASPIRIN\\CAFFEINE\\DIHYDROCODEINE BITARTRATE","id":"-1191120741","lang":"en"},{"level":"6","name":"ASPIRIN\\CAFFEINE\\DIHYDROCODEINE\\PHENACETIN\\PROMETHAZINE","id":"-593428238","lang":"en"},{"level":"6","name":"ASPIRIN\\CAFFEINE\\EPHEDRINE\\OXEDRINE","id":"-768365605","lang":"en"},{"level":"6","name":"ASPIRIN\\CAFFEINE\\ERGOTAMINE\\HOMATROPINE","id":"-1526834798","lang":"en"},{"level":"6","name":"ASPIRIN\\CAFFEINE\\ETHOHEPTAZINE CITRATE\\PHENACETIN","id":"-397832248","lang":"en"},{"level":"6","name":"ASPIRIN\\CAFFEINE\\MAGNESIUM CARBONATE","id":"900873834","lang":"en"},{"level":"6","name":"ASPIRIN\\CAFFEINE\\ORPHENADRINE","id":"-166556312","lang":"en"},{"level":"6","name":"ASPIRIN\\CAFFEINE\\ORPHENADRINE\\PHENACETIN","id":"-1818613","lang":"en"},{"level":"6","name":"ASPIRIN\\CAFFEINE\\OXYCODONE\\PHENACETIN","id":"-1340647992","lang":"en"},{"level":"6","name":"ASPIRIN\\CAFFEINE\\PHENACETIN","id":"2088432746","lang":"en"},{"level":"6","name":"ASPIRIN\\CAFFEINE\\PHENYLPROPANOLAMINE","id":"721159840","lang":"en"},{"level":"6","name":"ASPIRIN\\CAFFEINE\\PHENYLPROPANOLAMINE HYDROCHLORIDE","id":"-1321941264","lang":"en"},{"level":"6","name":"ASPIRIN\\CAFFEINE\\PHENYLPROPANOLAMINE HYDROCHLORIDE\\SALICYLAMIDE","id":"396184767","lang":"en"},{"level":"6","name":"ASPIRIN\\CAFFEINE\\PHENYLPROPANOLAMINE\\SALICYLAMIDE","id":"-699462897","lang":"en"},{"level":"6","name":"ASPIRIN\\CAFFEINE\\PROMETHAZINE\\SALICYLAMIDE","id":"-344973746","lang":"en"},{"level":"6","name":"ASPIRIN\\CAFFEINE\\PROPOXYPHENE HYDROCHLORIDE","id":"-331767814","lang":"en"},{"level":"6","name":"ASPIRIN\\CAFFEINE\\PSEUDOEPHEDRINE HYDROCHLORIDE","id":"2053496745","lang":"en"},{"level":"6","name":"ASPIRIN\\CAFFEINE\\PSEUDOEPHEDRINE HYDROCHLORIDE\\SALICYLAMIDE","id":"-1975916378","lang":"en"},{"level":"6","name":"ASPIRIN\\CAFFEINE\\QUINIDINE SULFATE","id":"182717151","lang":"en"},{"level":"6","name":"ASPIRIN\\CAFFEINE\\SALICYLAMIDE","id":"2105729510","lang":"en"},{"level":"6","name":"ASPIRIN\\CAFFEINE\\SALICYLANILIDE","id":"705336194","lang":"en"},{"level":"6","name":"ASPIRIN\\CAFFEINE\\SALICYLATE","id":"516157306","lang":"en"},{"level":"6","name":"ASPIRIN\\CAFFEINE\\SALICYLIC ACID","id":"-1137687285","lang":"en"},{"level":"6","name":"ASPIRIN\\CALCIUM CARBONATE\\CITRIC ACID MONOHYDRATE","id":"995331476","lang":"en"},{"level":"6","name":"ASPIRIN\\CALCIUM CARBONATE\\MAGNESIUM CARBONATE\\MAGNESIUM OXIDE","id":"-559673569","lang":"en"},{"level":"6","name":"ASPIRIN\\CALCIUM PHOSPHATE\\CITRIC ACID MONOHYDRATE\\SODIUM BICARBONATE","id":"-1582366586","lang":"en"},{"level":"6","name":"ASPIRIN\\CALCIUM PHOSPHATE\\CITRIC ACID\\SODIUM BICARBONATE","id":"-2104934570","lang":"en"},{"level":"6","name":"ASPIRIN\\CALCIUM\\CITRATE\\SODIUM BICARBONATE","id":"-1207583675","lang":"en"},{"level":"6","name":"ASPIRIN\\CALCIUM\\CITRIC ACID MONOHYDRATE\\SODIUM BICARBONATE","id":"-781672124","lang":"en"},{"level":"6","name":"ASPIRIN\\CALCIUM\\GLYCINE","id":"1695362193","lang":"en"},{"level":"6","name":"ASPIRIN\\CALCIUM\\MAGNESIUM","id":"-1279189384","lang":"en"},{"level":"6","name":"ASPIRIN\\CALCIUM\\SODIUM BICARBONATE","id":"-1276226505","lang":"en"},{"level":"6","name":"ASPIRIN\\CARBASPIRIN CALCIUM","id":"-689307590","lang":"en"},{"level":"6","name":"ASPIRIN\\CARISOPRODOL","id":"1008978261","lang":"en"},{"level":"6","name":"ASPIRIN\\CARISOPRODOL\\CODEINE PHOSPHATE","id":"1038735658","lang":"en"},{"level":"6","name":"ASPIRIN\\CHLORAMPHENICOL\\PHENYLPROPANOLAMINE","id":"-1042086859","lang":"en"},{"level":"6","name":"ASPIRIN\\CHLORPHENAMINE MALEATE\\PHENYLPROPANOLAMINE","id":"1469634805","lang":"en"},{"level":"6","name":"ASPIRIN\\CHLORPHENAMINE MALEATE\\PHENYLPROPANOLAMINE BITARTRATE","id":"-1375225823","lang":"en"},{"level":"6","name":"ASPIRIN\\CHLORPHENIRAMINE","id":"1364716624","lang":"en"},{"level":"6","name":"ASPIRIN\\CHLORPHENIRAMINE HYDROCHLORIDE\\PHENYLPROPANOLAMINE HYDROCHLORIDE\\SODIUM BICARBONATE","id":"805363884","lang":"en"},{"level":"6","name":"ASPIRIN\\CHLORPHENIRAMINE MALEATE","id":"-827432587","lang":"en"},{"level":"6","name":"ASPIRIN\\CHLORPHENIRAMINE MALEATE\\DEXTROMETHORPHAN HYDROBROMIDE","id":"-1441184713","lang":"en"},{"level":"6","name":"ASPIRIN\\CHLORPHENIRAMINE MALEATE\\DEXTROMETHORPHAN HYDROBROMIDE\\PHENYLEPHRINE BITARTRATE","id":"653018404","lang":"en"},{"level":"6","name":"ASPIRIN\\CHLORPHENIRAMINE MALEATE\\DEXTROMETHORPHAN HYDROBROMIDE\\PHENYLPROPANOLAMINE HYDROCHLORIDE","id":"-845268674","lang":"en"},{"level":"6","name":"ASPIRIN\\CHLORPHENIRAMINE MALEATE\\DEXTROMETHORPHAN\\PHENYLPROPANOLAMINE","id":"917432588","lang":"en"},{"level":"6","name":"ASPIRIN\\CHLORPHENIRAMINE MALEATE\\PHENYLPROPANOLAMINE","id":"1614121900","lang":"en"},{"level":"6","name":"ASPIRIN\\CHLORPHENIRAMINE MALEATE\\PHENYLPROPANOLAMINE BITARTRATE","id":"1894055178","lang":"en"},{"level":"6","name":"ASPIRIN\\CHLORPHENIRAMINE MALEATE\\PHENYLPROPANOLAMINE HYDROCHLORIDE","id":"53118716","lang":"en"},{"level":"6","name":"ASPIRIN\\CHLORPHENIRAMINE\\DEXTROMETHORPHAN\\PHENYLEPHRINE","id":"1429940149","lang":"en"},{"level":"6","name":"ASPIRIN\\CHLORPHENIRAMINE\\DEXTROMETHORPHAN\\PHENYLPROPANOLAMINE","id":"599759633","lang":"en"},{"level":"6","name":"ASPIRIN\\CHLORPHENIRAMINE\\DEXTROMETHORPHAN\\PHENYLPROPANOLAMINE\\PSEUDOEPHEDRINE","id":"-398437439","lang":"en"},{"level":"6","name":"ASPIRIN\\CHLORPHENIRAMINE\\DEXTROMETHORPHAN\\PSEUDOEPHEDRINE","id":"1830378506","lang":"en"},{"level":"6","name":"ASPIRIN\\CHLORPHENIRAMINE\\PHENYLPROPANOLAMINE","id":"797973255","lang":"en"},{"level":"6","name":"ASPIRIN\\CHLORPHENIRAMINE\\PHENYLPROPANOLAMINE BITARTRATE","id":"1557190351","lang":"en"},{"level":"6","name":"ASPIRIN\\CHLORPHENIRAMINE\\PHENYLPROPANOLAMINE\\PSEUDOEPHEDRINE","id":"476981175","lang":"en"},{"level":"6","name":"ASPIRIN\\CHLORPHENIRAMINE\\PHENYLPROPANOLAMINE\\SODIUM BICARBONATE","id":"-740887284","lang":"en"},{"level":"6","name":"ASPIRIN\\CHLORPHENIRAMINE\\PSEUDOEPHEDRINE","id":"2128889600","lang":"en"},{"level":"6","name":"ASPIRIN\\CITRIC ACID MONOHYDRATE\\PHENYLALANINE","id":"-82641001","lang":"en"},{"level":"6","name":"ASPIRIN\\CITRIC ACID MONOHYDRATE\\PHENYLEPHRINE\\SODIUM BICARBONATE","id":"-1744702439","lang":"en"},{"level":"6","name":"ASPIRIN\\CITRIC ACID MONOHYDRATE\\SODIUM BICARBONATE","id":"-1801456236","lang":"en"},{"level":"6","name":"ASPIRIN\\CITRIC ACID MONOHYDRATE\\SODIUM CARBONATE","id":"-518083717","lang":"en"},{"level":"6","name":"ASPIRIN\\CITRIC ACID, HYDROUS\\SODIUM BICARBONATE","id":"-824994584","lang":"en"},{"level":"6","name":"ASPIRIN\\CITRIC ACID\\PHENYLALANINE","id":"-1453262393","lang":"en"},{"level":"6","name":"ASPIRIN\\CITRIC ACID\\PHENYLEPHRINE\\SODIUM BICARBONATE","id":"507898857","lang":"en"},{"level":"6","name":"ASPIRIN\\CITRIC ACID\\SODIUM CARBONATE","id":"-445889717","lang":"en"},{"level":"6","name":"ASPIRIN\\CITRIC ACID\\SODIUM\\SODIUM BICARBONATE","id":"-1872968531","lang":"en"},{"level":"6","name":"ASPIRIN\\CLOPIDOGREL","id":"1591119788","lang":"en"},{"level":"6","name":"ASPIRIN\\CLOPIDOGREL BISULFATE","id":"853631995","lang":"en"},{"level":"6","name":"ASPIRIN\\CODEINE","id":"85987907","lang":"en"},{"level":"6","name":"ASPIRIN\\CODEINE PHOSPHATE\\METHOCARBAMOL","id":"-445491521","lang":"en"},{"level":"6","name":"ASPIRIN\\CODEINE\\CODEINE PHOSPHATE","id":"1607139992","lang":"en"},{"level":"6","name":"ASPIRIN\\DEXTROMETHORPHAN HYDROBROMIDE\\DOXYLAMINE SUCCINATE","id":"1375831885","lang":"en"},{"level":"6","name":"ASPIRIN\\DEXTROMETHORPHAN HYDROBROMIDE\\DOXYLAMINE SUCCINATE\\PHENYLALANINE\\PHENYLPROPANOLAMINE BITARTRATE","id":"47841690","lang":"en"},{"level":"6","name":"ASPIRIN\\DEXTROMETHORPHAN HYDROBROMIDE\\DOXYLAMINE SUCCINATE\\PHENYLEPHRINE BITARTRATE","id":"-1116567858","lang":"en"},{"level":"6","name":"ASPIRIN\\DEXTROMETHORPHAN HYDROBROMIDE\\DOXYLAMINE SUCCINATE\\PHENYLPROPANOLAMINE","id":"-1198303868","lang":"en"},{"level":"6","name":"ASPIRIN\\DEXTROMETHORPHAN HYDROBROMIDE\\PHENYLEPHRINE BITARTRATE","id":"886665549","lang":"en"},{"level":"6","name":"ASPIRIN\\DEXTROMETHORPHAN HYDROBROMIDE\\PHENYLEPHRINE HYDROCHLORIDE","id":"2140145625","lang":"en"},{"level":"6","name":"ASPIRIN\\DEXTROMETHORPHAN HYDROBROMIDE\\SODIUM BICARBONATE","id":"1308826821","lang":"en"},{"level":"6","name":"ASPIRIN\\DEXTROMETHORPHAN\\DOXYLAMINE\\PSEUDOEPHEDRINE","id":"1256330914","lang":"en"},{"level":"6","name":"ASPIRIN\\DICLOFENAC","id":"-32247680","lang":"en"},{"level":"6","name":"ASPIRIN\\DIHYDROXYALUMINUM AMINOACETATE","id":"-370569721","lang":"en"},{"level":"6","name":"ASPIRIN\\DIHYDROXYALUMINUM AMINOACETATE ANHYDROUS\\MAGNESIUM CARBONATE","id":"1450482761","lang":"en"},{"level":"6","name":"ASPIRIN\\DIHYDROXYALUMINUM AMINOACETATE\\MAGNESIUM CARBONATE","id":"336917256","lang":"en"},{"level":"6","name":"ASPIRIN\\DIMETHICONE","id":"-1005934325","lang":"en"},{"level":"6","name":"ASPIRIN\\DIPHENHYDRAMINE","id":"-100049473","lang":"en"},{"level":"6","name":"ASPIRIN\\DIPHENYLPYRALINE","id":"1706919829","lang":"en"},{"level":"6","name":"ASPIRIN\\DIPYRIDAMOLE","id":"-1946285235","lang":"en"},{"level":"6","name":"ASPIRIN\\GLYCINE\\LYSINE","id":"-1188542571","lang":"en"},{"level":"6","name":"ASPIRIN\\HYDROTALCITE","id":"-2122820874","lang":"en"},{"level":"6","name":"ASPIRIN\\ISOSORBIDE MONONITRATE","id":"202906719","lang":"en"},{"level":"6","name":"ASPIRIN\\LANSOPRAZOLE","id":"315227560","lang":"en"},{"level":"6","name":"ASPIRIN\\LITHIUM CITRATE\\QUININE CITRATE","id":"188240055","lang":"en"},{"level":"6","name":"ASPIRIN\\MAGNESIUM","id":"127451176","lang":"en"},{"level":"6","name":"ASPIRIN\\MAGNESIUM HYDROXIDE","id":"716316682","lang":"en"},{"level":"6","name":"ASPIRIN\\MAGNESIUM OXIDE","id":"555708937","lang":"en"},{"level":"6","name":"ASPIRIN\\MAGNESIUM SILICATE","id":"365147418","lang":"en"},{"level":"6","name":"ASPIRIN\\MAGNESIUM SULFATE\\PHENYLPROPANOLAMINE","id":"1679236437","lang":"en"},{"level":"6","name":"ASPIRIN\\MEPROBAMATE","id":"520298889","lang":"en"},{"level":"6","name":"ASPIRIN\\METHOCARBAMOL","id":"-1545320598","lang":"en"},{"level":"6","name":"ASPIRIN\\METOCLOPRAMIDE","id":"229479193","lang":"en"},{"level":"6","name":"ASPIRIN\\NIACIN","id":"1143346034","lang":"en"},{"level":"6","name":"ASPIRIN\\OXYCODONE HYDROCHLORIDE","id":"-1600349986","lang":"en"},{"level":"6","name":"ASPIRIN\\PENTAZOCINE","id":"-905404024","lang":"en"},{"level":"6","name":"ASPIRIN\\PENTAZOCINE HYDROCHLORIDE","id":"2013539288","lang":"en"},{"level":"6","name":"ASPIRIN\\PHENAGLYCODOL\\PROPOXYPHENE HYDROCHLORIDE","id":"260883570","lang":"en"},{"level":"6","name":"ASPIRIN\\PHENYLEPHRINE","id":"-923347385","lang":"en"},{"level":"6","name":"ASPIRIN\\PHENYLPROPANOLAMINE BITARTRATE","id":"-1049963469","lang":"en"},{"level":"6","name":"ASPIRIN\\PHENYLPROPANOLAMINE HYDROCHLORIDE\\PSEUDOEPHEDRINE","id":"-1045157917","lang":"en"},{"level":"6","name":"ASPIRIN\\PHENYLPROPANOLAMINE HYDROCHLORIDE\\PSEUDOEPHEDRINE HYDROCHLORIDE","id":"-217319693","lang":"en"},{"level":"6","name":"ASPIRIN\\PHENYLPROPANOLAMINE\\PSEUDOEPHEDRINE","id":"338618579","lang":"en"},{"level":"6","name":"ASPIRIN\\PHENYLPROPANOLAMINE\\PSEUDOEPHEDRINE HYDROCHLORIDE","id":"896160739","lang":"en"},{"level":"6","name":"ASPIRIN\\PHYTOSTERYL ISOSTEARATE","id":"-1260760721","lang":"en"},{"level":"6","name":"ASPIRIN\\PRAVASTATIN","id":"1851777011","lang":"en"},{"level":"6","name":"ASPIRIN\\PRAVASTATIN SODIUM","id":"1752679174","lang":"en"},{"level":"6","name":"ASPIRIN\\PREDNISONE","id":"-822512353","lang":"en"},{"level":"6","name":"ASPIRIN\\PROPOXYPHENE","id":"2844935","lang":"en"},{"level":"6","name":"ASPIRIN\\PROPOXYPHENE HYDROCHLORIDE","id":"1847093527","lang":"en"},{"level":"6","name":"ASPIRIN\\PROPOXYPHENE NAPSYLATE","id":"382721392","lang":"en"},{"level":"6","name":"ASPIRIN\\PSEUDOEPHEDRINE","id":"-526143972","lang":"en"},{"level":"6","name":"ASPIRIN\\QUININE","id":"-197201817","lang":"en"},{"level":"6","name":"ASPIRIN\\RAMIPRIL\\SIMVASTATIN","id":"-1647162273","lang":"en"},{"level":"6","name":"ASPIRIN\\SALICYLIC ACID","id":"-1509551704","lang":"en"},{"level":"6","name":"ASPIRIN\\SIMVASTATIN","id":"-1985072597","lang":"en"},{"level":"6","name":"ASPIRIN\\SODIUM BICARBONATE","id":"-459695993","lang":"en"},{"level":"6","name":"ASPIRIN\\SODIUM BICARBONATE\\SODIUM CARBONATE","id":"1492147059","lang":"en"},{"level":"6","name":"ASPIRIN\\SODIUM CARBONATE","id":"-1191547090","lang":"en"},{"level":"6","name":"ASSURED ASPIRIN","id":"-703184855","lang":"en"},{"level":"6","name":"ASSURED HEADACHE PM (ASPIRIN FREE)","id":"-1593525338","lang":"en"},{"level":"6","name":"AYPANAL NON-ASPIRIN","id":"-1178177444","lang":"en"},{"level":"6","name":"BASIC CARE ASPIRIN","id":"-598412241","lang":"en"},{"level":"6","name":"BAYER ASPIRIN","id":"-2015198605","lang":"en"},{"level":"6","name":"BAYER ASPIRIN EXTRA STRENGTH CAPLETS","id":"2102236680","lang":"en"},{"level":"6","name":"BAYER ASPIRIN REGIMEN CHEWABLE LOW DOSE ASPIRIN ORANGE","id":"-1179254922","lang":"en"},{"level":"6","name":"BAYER ASPIRIN REGIMEN ENTERIC COATED","id":"831596440","lang":"en"},{"level":"6","name":"BAYER ASPIRIN REGIMEN REGULAR STRENGTH","id":"-347626383","lang":"en"},{"level":"6","name":"BAYER CHEWABLE - ASPIRIN REGIMEN LOW DOSE ASPIRIN CHERRY FLAVORED","id":"-1499974859","lang":"en"},{"level":"6","name":"BAYER GENUINE ASPIRIN","id":"1897084622","lang":"en"},{"level":"6","name":"BC (ASPIRIN\\CAFFEINE)","id":"1161617911","lang":"en"},{"level":"6","name":"BERKLEY AND JENSEN ASPIRIN","id":"-139933798","lang":"en"},{"level":"6","name":"BUFFERED ASPIRIN REGULAR STRENGTH","id":"-1865964870","lang":"en"},{"level":"6","name":"BUFFERIN LOW DOSE BUFFERED ASPIRIN","id":"-690538521","lang":"en"},{"level":"6","name":"BUTALBITAL, ASPIRIN, AND CAFFEINE","id":"-1811233630","lang":"en"},{"level":"6","name":"BUTALBITAL, ASPIRIN, CAFFEINE AND CODEINE PHOSPHATE","id":"-478828223","lang":"en"},{"level":"6","name":"BUTALBITAL, ASPIRIN, CAFFEINE, AND CODEINE PHOSPHATE","id":"2077211739","lang":"en"},{"level":"6","name":"CAFFEINE\\CARBASPIRIN","id":"900520251","lang":"en"},{"level":"6","name":"CAFFEINE\\CARBASPIRIN\\CHLORPHENIRAMINE MALEATE","id":"1380805254","lang":"en"},{"level":"6","name":"CAFFEINE\\CARBASPIRIN\\CHLORPHENIRAMINE MALEATE\\DEXTROMETHORPHAN HYDROBROMIDE","id":"-537405048","lang":"en"},{"level":"6","name":"CARBASPIRIN","id":"1159376030","lang":"en"},{"level":"6","name":"CARBASPIRIN CALCIUM\\PROPOXYPHENE, DL-","id":"99679176","lang":"en"},{"level":"6","name":"CARDIOASPIRINA","id":"763806859","lang":"en"},{"level":"6","name":"CARDIOASPIRINA TABLETAS CON CUBIERTA ENTERICA","id":"534422667","lang":"en"},{"level":"6","name":"CARE ONE ASPIRIN","id":"-962641661","lang":"en"},{"level":"6","name":"CAREALL ASPIRIN","id":"-1416807396","lang":"en"},{"level":"6","name":"CHEWABLE ADULT LOW DOSE ASPIRIN","id":"-1842279190","lang":"en"},{"level":"6","name":"CHEWABLE LOW DOSE (ASPIRIN)","id":"1442350941","lang":"en"},{"level":"6","name":"CHEWABLE LOW DOSE ASPIRIN","id":"-1557744028","lang":"en"},{"level":"6","name":"CHILDRENS ASPIRIN","id":"-1416321664","lang":"en"},{"level":"6","name":"CHILDRENS ASPIRIN FREE RAPID TABS","id":"-779703338","lang":"en"},{"level":"6","name":"CHILDRENS CHEWABLE ASPIRIN","id":"1216297065","lang":"en"},{"level":"6","name":"CHILDRENS LOW DOSE ASPIRIN","id":"-1547317183","lang":"en"},{"level":"6","name":"CODEINE AND ASPIRIN AND APAP","id":"-1068499407","lang":"en"},{"level":"6","name":"COLD FORMULA DAYTIME NIGHTTIME, NON-ASPIRIN, MULTI-SYMPTOM","id":"-48255967","lang":"en"},{"level":"6","name":"CONCENTRATED ASPIRIN FREE INFANTS","id":"-1657008653","lang":"en"},{"level":"6","name":"CONNEY ASPIRIN","id":"-844735444","lang":"en"},{"level":"6","name":"CONNEY ASPIRIN-FREE","id":"363040621","lang":"en"},{"level":"6","name":"CONNEY EXTRA STRENGTH ASPIRIN FREE","id":"-784939857","lang":"en"},{"level":"6","name":"CONNEY EXTRA-STRENGTH ASPIRIN -FREE PAIN RELIEVER","id":"-211912901","lang":"en"},{"level":"6","name":"CORASPIRINA 81 MG TABLETAS CON CUBIERTA ENTERICA","id":"1182327162","lang":"en"},{"level":"6","name":"CRITICAL CARE ASPIRIN TO GO","id":"1514277451","lang":"en"},{"level":"6","name":"DAYTIME NIGHTTIME NON-ASPIRIN COLD FORMULA MULTI-SYMPTOM","id":"-788642619","lang":"en"},{"level":"6","name":"DG HEALTH ASPIRIN","id":"131156709","lang":"en"},{"level":"6","name":"DIHYDROCODEINE BITARTRATE AND ASPIRIN AND CAFFEINE DC","id":"1586849838","lang":"en"},{"level":"6","name":"DIRECT SAFETY ASPIRIN","id":"1417318709","lang":"en"},{"level":"6","name":"DIRECT SAFETY ASPIRIN FREE","id":"852289143","lang":"en"},{"level":"6","name":"DIRECT SAFETY EXTRA STRENGTH ASPIRIN FREE","id":"-1036051656","lang":"en"},{"level":"6","name":"DR PAUSINS ASPIRIN","id":"1341008345","lang":"en"},{"level":"6","name":"DR PAUSINS LOW DOSE ASPIRIN","id":"-1620500472","lang":"en"},{"level":"6","name":"DR PAUSINS LOW DOSE CHEWABLE ASPIRIN CHERRY FLAVOR","id":"1542679558","lang":"en"},{"level":"6","name":"DR PAUSINS LOW DOSE CHEWABLE ASPIRIN ORANGE FLAVOR","id":"902257105","lang":"en"},{"level":"6","name":"DR. WAYNES ASPIRIN LOW DOSE","id":"1223197808","lang":"en"},{"level":"6","name":"EC-81ASPIRIN ENTERIC COATED","id":"-1325765560","lang":"en"},{"level":"6","name":"ENTERIC ASPIRIN","id":"-2072445154","lang":"en"},{"level":"6","name":"ENTERIC COATED ASPIRIN REGULAR STRENGTH","id":"-597516371","lang":"en"},{"level":"6","name":"ENTERIC COATED LOW DOSE ASPIRIN","id":"-1873400599","lang":"en"},{"level":"6","name":"EQUALINE ASPIRIN","id":"-399302792","lang":"en"},{"level":"6","name":"EQUALINE ASPIRIN ADULT LOW DOSE","id":"-738430217","lang":"en"},{"level":"6","name":"EQUATE ASPIRIN","id":"-811900171","lang":"en"},{"level":"6","name":"EQUATE ASPIRIN CHEWABLE","id":"-1975495044","lang":"en"},{"level":"6","name":"ES UNASPIRIN","id":"-1003799103","lang":"en"},{"level":"6","name":"EXTRA STRENGTH HEADACHE RELIEF ASPIRIN FREE","id":"-654321923","lang":"en"},{"level":"6","name":"EXTRA STRENGTH NON ASPIRIN PAIN RELIEF","id":"524702405","lang":"en"},{"level":"6","name":"EXTRA STRENGTH NON-ASPIRIN","id":"1746115869","lang":"en"},{"level":"6","name":"EXTRA STRENGTH NON-ASPIRIN PAIN RELIEVER","id":"1002927189","lang":"en"},{"level":"6","name":"EXTRA STRENGTH NON-ASPIRIN PM","id":"-2106002464","lang":"en"},{"level":"6","name":"FIRST AID ONLY ASPIRIN","id":"1445047052","lang":"en"},{"level":"6","name":"FIRST AID ONLY EXTRA-STRENGTH NON-ASPIRIN","id":"262344970","lang":"en"},{"level":"6","name":"FLANAX ASPIRIN PAIN RELIEVER","id":"1178207150","lang":"en"},{"level":"6","name":"FORMUCARE ASPIRIN","id":"-1740407826","lang":"en"},{"level":"6","name":"GENUINE ASPIRIN","id":"-581323065","lang":"en"},{"level":"6","name":"GENUINE BAYER ASPIRIN","id":"-1845101170","lang":"en"},{"level":"6","name":"GERITREX ASPIRIN","id":"665021970","lang":"en"},{"level":"6","name":"GOOD NEIGHBOR PHARMACY ASPIRIN","id":"1044630218","lang":"en"},{"level":"6","name":"GOOD NEIGHBOR PHARMACY ASPIRIN ENTERIC SAFETY COATED","id":"1609636072","lang":"en"},{"level":"6","name":"GOOD NEIGHBOR PHARMACY ASPIRIN ORANGE FLAVOR CHEWABLE","id":"1175211287","lang":"en"},{"level":"6","name":"GOOD SENSE ASPIRIN","id":"184124087","lang":"en"},{"level":"6","name":"HALFPRIN LOW DOSE ASPIRIN","id":"599568859","lang":"en"},{"level":"6","name":"HANDY SOLUTIONS GENUINE ASPIRIN BAYER","id":"527541138","lang":"en"},{"level":"6","name":"HEADACHE PM ASPIRIN FREE","id":"-851172286","lang":"en"},{"level":"6","name":"HEADACHE RELIEF TO GO (ASPIRIN\\CAFFEINE)","id":"1043731993","lang":"en"},{"level":"6","name":"HEALTH MART ASPIRIN","id":"430866278","lang":"en"},{"level":"6","name":"HEALTH MART REGULAR STRENGTH ENTERIC COATED ASPIRIN","id":"-1506877971","lang":"en"},{"level":"6","name":"HEALTH SENSE ASPIRIN 81","id":"1441890627","lang":"en"},{"level":"6","name":"HENRY SCHEIN ASPIRIN","id":"-1144025434","lang":"en"},{"level":"6","name":"JUNIOR ASPIRIN FREE RAPID TABS","id":"-88381621","lang":"en"},{"level":"6","name":"KIRKLAND SIGNATURE NON ASPIRIN EXTRA STRENGTH","id":"165896158","lang":"en"},{"level":"6","name":"KROGER VALUE ASPIRIN","id":"-317726487","lang":"en"},{"level":"6","name":"LAB SAFETY AND SUPPLY TRI BUFFERED ASPIRIN","id":"-1931656307","lang":"en"},{"level":"6","name":"LAB SAFETY SUPPLY - RAPID COMFORT EXTRA STRENGTH NON-ASPIRIN","id":"140492222","lang":"en"},{"level":"6","name":"LAB SAFETY SUPPLY ASPIRIN","id":"-763832874","lang":"en"},{"level":"6","name":"LAB SAFETY SUPPLY NON-ASPIRIN","id":"1663083958","lang":"en"},{"level":"6","name":"LEADER CARDINAL HEALTH ASPIRIN","id":"910534801","lang":"en"},{"level":"6","name":"LEADER LOW DOSE ASPIRIN","id":"-418779636","lang":"en"},{"level":"6","name":"LOW DOSE ADULT ASPIRIN","id":"619916431","lang":"en"},{"level":"6","name":"LOW DOSE ASPIRIN 81 MG SAFETY COATED","id":"1950571778","lang":"en"},{"level":"6","name":"LOW DOSE ASPIRIN CHEWABLE","id":"201154972","lang":"en"},{"level":"6","name":"LOW DOSE ASPIRIN ENTERIC SAFETY COATED","id":"-333350989","lang":"en"},{"level":"6","name":"LOW DOSE ASPIRIN ENTERIC SAFETY-COATED","id":"-1680705024","lang":"en"},{"level":"6","name":"LOW DOSE CHEWABLE ASPIRIN","id":"-1425352268","lang":"en"},{"level":"6","name":"LOW STRENGTH CHEWABLE ASPIRIN","id":"-654583792","lang":"en"},{"level":"6","name":"MAX NON ASPIRIN","id":"1032251421","lang":"en"},{"level":"6","name":"MEDI FIRST PLUS ASPIRIN","id":"-2061269159","lang":"en"},{"level":"6","name":"MEDI FIRST PLUS TRI BUFFERED ASPIRIN","id":"4507731","lang":"en"},{"level":"6","name":"MEDI-FIRST ASPIRIN","id":"230586412","lang":"en"},{"level":"6","name":"MEDI-FIRST NON-ASPIRIN","id":"1669410060","lang":"en"},{"level":"6","name":"MEDIQUE TRI BUFFERED ASPIRIN","id":"1017943132","lang":"en"},{"level":"6","name":"METHOCARBAMOL AND ASPIRIN","id":"-1155078467","lang":"en"},{"level":"6","name":"MICRO-COATED ASPIRIN 325 MG","id":"-1305379087","lang":"en"},{"level":"6","name":"MOORE MEDICAL EXTRA STRENGTH NON ASPIRIN","id":"-1528543463","lang":"en"},{"level":"6","name":"MOORE MEDICAL NON ASPIRIN","id":"11817866","lang":"en"},{"level":"6","name":"MOOREBRAND NON-ASPIRIN","id":"-528774349","lang":"en"},{"level":"6","name":"MULTI-SYMPTOM NON-ASPIRIN COLD DAYTIME","id":"-1723636020","lang":"en"},{"level":"6","name":"MULTI-SYMPTOM NON-ASPIRIN COLD NIGHTTIME","id":"-1817274232","lang":"en"},{"level":"6","name":"NON ASPIRIN CHILDRENS","id":"-958116915","lang":"en"},{"level":"6","name":"NON ASPIRIN EXTRA STRENGTH","id":"-628739976","lang":"en"},{"level":"6","name":"NON-ASPIRIN","id":"812130380","lang":"en"},{"level":"6","name":"NON-ASPIRIN ACETAMINOPHEN","id":"275211194","lang":"en"},{"level":"6","name":"NON-ASPIRIN CHILDRENS","id":"-1035155616","lang":"en"},{"level":"6","name":"NON-ASPIRIN PM EXTRA STRENGTH","id":"1523564576","lang":"en"},{"level":"6","name":"NON-ASPIRIN SINUS CONGESTION AND PAIN","id":"-864624934","lang":"en"},{"level":"6","name":"NORTH ASPIRIN","id":"-1793178831","lang":"en"},{"level":"6","name":"OXYCODONE AND ASPIRIN","id":"-1415663007","lang":"en"},{"level":"6","name":"PAIN RELIEF ASPIRIN LOW DOSE","id":"-713679582","lang":"en"},{"level":"6","name":"PAIN RELIEF EXTRA STRENGTH, NON-ASPIRIN","id":"-225645310","lang":"en"},{"level":"6","name":"PAIN RELIEF PM EXTRA STRENGTH ASPIRIN FREE","id":"-680021775","lang":"en"},{"level":"6","name":"PAIN RELIEF REGULAR STRENGTH, ASPIRIN FREE","id":"867978846","lang":"en"},{"level":"6","name":"PAIN RELIEVER (ASPIRIN)","id":"257849949","lang":"en"},{"level":"6","name":"PHARBEST ASPIRIN 325MG","id":"1039226569","lang":"en"},{"level":"6","name":"PHARBEST REGULAR STRENGTH ASPIRIN","id":"1733088740","lang":"en"},{"level":"6","name":"PHYSICIANS CARE ASPIRIN","id":"1316091284","lang":"en"},{"level":"6","name":"PHYSICIANS CARE EXTRA STRENGTH NON ASPIRIN","id":"17869474","lang":"en"},{"level":"6","name":"PLUS PHARMA NSAID ASPIRIN","id":"-767763226","lang":"en"},{"level":"6","name":"PRIVATE LABEL DISTRIBUTORS (ASPIRIN)","id":"419390746","lang":"en"},{"level":"6","name":"RAPID COMFORT ASPIRIN","id":"-1334347340","lang":"en"},{"level":"6","name":"RAPID COMFORT NON ASPIRIN","id":"-790699199","lang":"en"},{"level":"6","name":"REGULAR STRENGTH ASPIRIN","id":"-95087951","lang":"en"},{"level":"6","name":"REGULAR STRENGTH ASPIRIN EC","id":"1913300077","lang":"en"},{"level":"6","name":"REGULAR STRENGTH ENTERIC ASPIRIN","id":"1604841827","lang":"en"},{"level":"6","name":"REGULAR STRENGTH ENTERIC COATED ASPIRIN","id":"855626227","lang":"en"},{"level":"6","name":"REXALL ASPIRIN","id":"-1671249368","lang":"en"},{"level":"6","name":"RUGBY ASPIRIN","id":"-1025377785","lang":"en"},{"level":"6","name":"RX ACT ASPIRIN","id":"-1395749148","lang":"en"},{"level":"6","name":"SEVERE MULTI-SYMPTOM NON ASPIRIN COLD DAYTIME","id":"1243055723","lang":"en"},{"level":"6","name":"SHOPRITE ASPIRIN","id":"-1412189142","lang":"en"},{"level":"6","name":"SHOPRITE NON ASPIRIN","id":"-166923593","lang":"en"},{"level":"6","name":"SIGNATURE CARE ASPIRIN","id":"-524658715","lang":"en"},{"level":"6","name":"SMART SENSE ASPIRIN","id":"767859363","lang":"en"},{"level":"6","name":"SOLVES - ASPIRIN CHERRY","id":"201634732","lang":"en"},{"level":"6","name":"ST. JOSEPH CHEWABLE LOW DOSE ASPIRIN","id":"-1861776410","lang":"en"},{"level":"6","name":"ST. JOSEPH SAFETY COATED ASPIRIN","id":"1022617946","lang":"en"},{"level":"6","name":"SUNMARK ASPIRIN","id":"-1752372923","lang":"en"},{"level":"6","name":"SUNMARK ASPIRIN ADULT LOW STRENGTH","id":"-316875986","lang":"en"},{"level":"6","name":"SUNMARK ASPIRIN LOW DOSE","id":"511760900","lang":"en"},{"level":"6","name":"SUNMARK ASPIRIN REGULAR STRENGTH","id":"-1870755360","lang":"en"},{"level":"6","name":"TENSION HEADACHE ASPIRIN FREE","id":"136084787","lang":"en"},{"level":"6","name":"TENSION HEADACHE ASPIRIN-FREE","id":"148090560","lang":"en"},{"level":"6","name":"TENSION HEADACHE RELIEF ASPIRIN FREE","id":"-224069412","lang":"en"},{"level":"6","name":"TENSION HEADACHE RELIEF ASPIRIN-FREE","id":"-212063639","lang":"en"},{"level":"6","name":"TOPCARE ASPIRIN","id":"-1129277678","lang":"en"},{"level":"6","name":"TRAVEL SAVVY ASPIRIN","id":"2141034065","lang":"en"},{"level":"6","name":"TRAVEL SAVVY NON-ASPIRIN","id":"1990897841","lang":"en"},{"level":"6","name":"TRI-BUFFERED ASPIRIN","id":"267649325","lang":"en"},{"level":"6","name":"TRI-BUFFERED ASPIRIN REGULAR STRENGTH","id":"1383939832","lang":"en"},{"level":"6","name":"UNCOATED ASPIRIN","id":"61413027","lang":"en"},{"level":"6","name":"UP AND UP ASPIRIN","id":"-1661489899","lang":"en"},{"level":"6","name":"UP AND UP CHEWABLE ASPIRIN","id":"1733486708","lang":"en"},{"level":"6","name":"VALUMEDS ASPIRIN FREE HEADACHE RELIEF PM","id":"-1636910714","lang":"en"},{"level":"6","name":"WALGREENSFASTACTINGODORLESSANDASPIRINFREE","id":"-2000706672","lang":"en"},{"level":"6","name":"ZEE ASPIRIN","id":"594208710","lang":"en"}]