[{"name":"ACETAMINOPHEN","id":"1608156302","lang":"en","level":2},{"name":"ALCOHOL","id":"-201686290","lang":"en","level":2},{"name":"ALLANTOIN","id":"-1544510642","lang":"en","level":2},{"name":"ALUMINUM HYDROXIDE","id":"706972386","lang":"en","level":2},{"name":"AMMONIA","id":"-163816360","lang":"en","level":2},{"name":"ANHYDROUS CITRIC ACID","id":"-1108853472","lang":"en","level":2},{"name":"ASCORBIC ACID","id":"943205749","lang":"en","level":2},{"name":"ASPARTAME","id":"1323955284","lang":"en","level":2},{"name":"ASPIRIN","id":"10554220","lang":"en","level":2},{"name":"BACITRACIN ZINC","id":"-1369301478","lang":"en","level":2},{"name":"BENZALKONIUM","id":"1155502897","lang":"en","level":2},{"name":"BENZETHONIUM","id":"-2038982952","lang":"en","level":2},{"name":"BENZOCAINE","id":"-1148502590","lang":"en","level":2},{"name":"BETAMETHASONE","id":"-456958376","lang":"en","level":2},{"name":"BICARBONATE ION","id":"147327558","lang":"en","level":2},{"name":"BROMHEXINE","id":"-278281581","lang":"en","level":2},{"name":"BROMPHENIRAMINE","id":"-319596068","lang":"en","level":2},{"name":"BUTALBITAL","id":"1064606476","lang":"en","level":2},{"name":"CAFFEIC ACID","id":"-1310121028","lang":"en","level":2},{"name":"CAFFEINE","id":"433187833","lang":"en","level":2},{"name":"CALCIUM","id":"1266355756","lang":"en","level":2},{"name":"CALCIUM CARBONATE","id":"-1527749391","lang":"en","level":2},{"name":"CALCIUM CATION","id":"572802278","lang":"en","level":2},{"name":"CARBONATE ION","id":"1979197229","lang":"en","level":2},{"name":"CARISOPRODOL","id":"-422342939","lang":"en","level":2},{"name":"CHLORAMPHENICOL","id":"1531726062","lang":"en","level":2},{"name":"CHLORIDE ION","id":"-26660504","lang":"en","level":2},{"name":"CHLOROXYLENOL","id":"-2071213140","lang":"en","level":2},{"name":"CHLORPHENIRAMINE","id":"-326473248","lang":"en","level":2},{"name":"CITRIC ACID MONOHYDRATE","id":"-1356187665","lang":"en","level":2},{"name":"CLOPIDOGREL","id":"1129306140","lang":"en","level":2},{"name":"CODEINE","id":"1659835059","lang":"en","level":2},{"name":"CODEINE ANHYDROUS","id":"1180188532","lang":"en","level":2},{"name":"DEXCHLORPHENIRAMINE","id":"1132635095","lang":"en","level":2},{"name":"DEXTROMETHORPHAN","id":"1715228494","lang":"en","level":2},{"name":"DICLOFENAC","id":"-1709712880","lang":"en","level":2},{"name":"DIHYDROCODEINE","id":"-1030187288","lang":"en","level":2},{"name":"DIHYDROXYALUMINUM AMINOACETATE ANHYDROUS","id":"800485208","lang":"en","level":2},{"name":"DIMETHICONE","id":"-1467747973","lang":"en","level":2},{"name":"DIPHENHYDRAMINE","id":"-154603985","lang":"en","level":2},{"name":"DIPHENYLPYRALINE","id":"15729957","lang":"en","level":2},{"name":"DIPYRIDAMOLE","id":"917360861","lang":"en","level":2},{"name":"DOXYLAMINE","id":"1132115732","lang":"en","level":2},{"name":"EPHEDRINE","id":"-952918390","lang":"en","level":2},{"name":"ERGOTAMINE","id":"189132501","lang":"en","level":2},{"name":"GLYCERIN","id":"528292289","lang":"en","level":2},{"name":"GLYCINE","id":"848329393","lang":"en","level":2},{"name":"HOMATROPINE","id":"666207558","lang":"en","level":2},{"name":"HYDROCODONE","id":"1073925310","lang":"en","level":2},{"name":"HYDROCORTISONE","id":"-223304418","lang":"en","level":2},{"name":"HYDROTALCITE","id":"740825222","lang":"en","level":2},{"name":"HYDROXIDE ION","id":"-1846270774","lang":"en","level":2},{"name":"IBUPROFEN","id":"758060830","lang":"en","level":2},{"name":"IODINE","id":"-2129982686","lang":"en","level":2},{"name":"ISOPROPYL ALCOHOL","id":"-1577358807","lang":"en","level":2},{"name":"ISOSORBIDE","id":"2075445625","lang":"en","level":2},{"name":"ISOSORBIDE MONONITRATE","id":"641347055","lang":"en","level":2},{"name":"LANSOPRAZOLE","id":"-1116093640","lang":"en","level":2},{"name":"LIDOCAINE","id":"994845914","lang":"en","level":2},{"name":"LITHIUM CATION","id":"-1391642558","lang":"en","level":2},{"name":"LYSINE","id":"-2034413158","lang":"en","level":2},{"name":"MAGNESITE","id":"766076017","lang":"en","level":2},{"name":"MAGNESIUM","id":"766076056","lang":"en","level":2},{"name":"MAGNESIUM CATION","id":"-2008539910","lang":"en","level":2},{"name":"MAGNESIUM HYDROXIDE","id":"-1554777990","lang":"en","level":2},{"name":"MAGNESIUM OXIDE","id":"501154425","lang":"en","level":2},{"name":"MELALEUCA ALTERNIFOLIA LEAF","id":"-970725535","lang":"en","level":2},{"name":"MENTHOL","id":"1668326919","lang":"en","level":2},{"name":"MEPROBAMATE","id":"58485241","lang":"en","level":2},{"name":"METHOCARBAMOL","id":"1328362458","lang":"en","level":2},{"name":"METHOXYPHENAMINE","id":"372409999","lang":"en","level":2},{"name":"NEOMYCIN","id":"1943996676","lang":"en","level":2},{"name":"NIACIN","id":"-1992473342","lang":"en","level":2},{"name":"OMEPRAZOLE","id":"311320166","lang":"en","level":2},{"name":"ORPHENADRINE","id":"-1410555179","lang":"en","level":2},{"name":"OXEDRINE","id":"-1220265354","lang":"en","level":2},{"name":"OXYCODONE","id":"1365136766","lang":"en","level":2},{"name":"OYSTER SHELL CALCIUM CARBONATE, CRUDE","id":"-567604422","lang":"en","level":2},{"name":"PHENACETIN","id":"-1698332393","lang":"en","level":2},{"name":"PHENAGLYCODOL","id":"130994529","lang":"en","level":2},{"name":"PHENYLALANINE","id":"-1720779468","lang":"en","level":2},{"name":"PHENYLEPHRINE","id":"1950335671","lang":"en","level":2},{"name":"PHENYLPROPANOLAMINE","id":"-1083151213","lang":"en","level":2},{"name":"PHOSPHATE ION","id":"1739247078","lang":"en","level":2},{"name":"PHYTOSTERYL ISOSTEARATE","id":"-554012193","lang":"en","level":2},{"name":"POLYMYXIN B","id":"-1848319769","lang":"en","level":2},{"name":"POTASSIUM CATION","id":"-565151267","lang":"en","level":2},{"name":"POTASSIUM CHLORIDE","id":"-250335157","lang":"en","level":2},{"name":"POVIDONE-IODINE","id":"52856731","lang":"en","level":2},{"name":"PRAVASTATIN","id":"1389963363","lang":"en","level":2},{"name":"PREDNISONE","id":"1794989743","lang":"en","level":2},{"name":"PROMETHAZINE","id":"-304370066","lang":"en","level":2},{"name":"PROPOXYPHENE","id":"-1428476265","lang":"en","level":2},{"name":"PROPYLENE GLYCOL","id":"-2121890074","lang":"en","level":2},{"name":"PSEUDOEPHEDRINE","id":"-580698484","lang":"en","level":2},{"name":"QUINIDINE","id":"105948188","lang":"en","level":2},{"name":"QUININE","id":"1376645335","lang":"en","level":2},{"name":"RAMIPRIL","id":"1009049904","lang":"en","level":2},{"name":"RAMIPRILAT","id":"-965649053","lang":"en","level":2},{"name":"SALICYLAMIDE","id":"861730643","lang":"en","level":2},{"name":"SALICYLANILIDE","id":"-776666705","lang":"en","level":2},{"name":"SALICYLIC ACID","id":"1675277112","lang":"en","level":2},{"name":"SIMVASTATIN","id":"1848081051","lang":"en","level":2},{"name":"SODIUM","id":"-1843690951","lang":"en","level":2},{"name":"SODIUM BICARBONATE","id":"2099442199","lang":"en","level":2},{"name":"TEA TREE OIL","id":"-1201785760","lang":"en","level":2},{"name":"TETRAHYDROZOLINE","id":"438270663","lang":"en","level":2},{"name":"WATER","id":"82365687","lang":"en","level":2},{"name":"WILLOW BARK","id":"121118174","lang":"en","level":2}]