[{"id":1,"name":"test_DrugClass","description":null,"noOfExecution":1,"isPublic":false,"dateCreated":"2019-11-05T14:26:11Z","createdBy":"Signal Dev","type":"Qualitative Configuration","isAdhocRun":false,"lastUpdated":"2019-11-06T05:21:47Z"},{"id":9,"name":"perf5","description":null,"noOfExecution":1,"isPublic":false,"dateCreated":"2019-11-06T05:12:57Z","createdBy":"Signal Dev","type":"Qualitative Configuration","isAdhocRun":false,"lastUpdated":"2019-11-06T05:23:26Z"},{"id":12,"name":"5-ALPHA REDUCTASE INHIBITOR (Therapeutic drug class) ACA prf test","description":null,"noOfExecution":1,"isPublic":false,"dateCreated":"2019-11-06T08:25:50Z","createdBy":"Signal Dev","type":"Quantitative Configuration","isAdhocRun":false,"lastUpdated":"2019-11-06T10:44:25Z"},{"id":13,"name":"ASPIRIN (Product Name) sca test","description":null,"noOfExecution":1,"isPublic":false,"dateCreated":"2019-11-06T09:07:17Z","createdBy":"Signal Dev","type":"Qualitative Configuration","isAdhocRun":false,"lastUpdated":"2019-11-06T12:04:14Z"},{"id":14,"name":"Perf8","description":null,"noOfExecution":1,"isPublic":false,"dateCreated":"2019-11-06T09:10:10Z","createdBy":"Signal Dev","type":"Quantitative Configuration","isAdhocRun":false,"lastUpdated":"2019-11-06T10:45:31Z"},{"id":30,"name":"PERF_QUANTI_24","description":null,"noOfExecution":1,"isPublic":false,"dateCreated":"2019-11-07T06:28:41Z","createdBy":"bhagya","type":"Quantitative Configuration","isAdhocRun":false,"lastUpdated":"2019-11-07T06:48:37Z"},{"id":31,"name":"PERF_QUANTI_25","description":null,"noOfExecution":1,"isPublic":false,"dateCreated":"2019-11-07T06:46:22Z","createdBy":"bhagya","type":"Quantitative Configuration","isAdhocRun":false,"lastUpdated":"2019-11-07T12:36:37Z"},{"id":32,"name":"PERF_QUANTI_26","description":null,"noOfExecution":1,"isPublic":false,"dateCreated":"2019-11-07T06:49:18Z","createdBy":"bhagya","type":"Quantitative Configuration","isAdhocRun":false,"lastUpdated":"2019-11-07T12:57:02Z"},{"id":33,"name":"Signal_ALert","description":null,"noOfExecution":1,"isPublic":false,"dateCreated":"2019-11-07T07:35:09Z","createdBy":"bhagya","type":"Qualitative Configuration","isAdhocRun":false,"lastUpdated":"2019-11-07T14:21:55Z"},{"id":37,"name":"PERF_QUANTI_86","description":null,"noOfExecution":1,"isPublic":false,"dateCreated":"2019-11-07T13:01:37Z","createdBy":"bhagya","type":"Quantitative Configuration","isAdhocRun":false,"lastUpdated":"2019-11-07T19:00:57Z"},{"id":38,"name":"PERF_QUAL_90","description":null,"noOfExecution":1,"isPublic":false,"dateCreated":"2019-11-07T13:01:49Z","createdBy":"bhagya","type":"Qualitative Configuration","isAdhocRun":false,"lastUpdated":"2019-11-07T18:51:25Z"},{"id":10,"name":"perf7","description":null,"noOfExecution":1,"isPublic":false,"dateCreated":"2019-11-06T06:22:17Z","createdBy":"Signal Dev","type":"Qualitative Configuration","isAdhocRun":false,"lastUpdated":"2019-11-06T06:24:02Z"},{"id":15,"name":"perf9ng","description":null,"noOfExecution":3,"isPublic":false,"dateCreated":"2019-11-06T09:24:51Z","createdBy":"Signal Dev","type":"Quantitative Configuration","isAdhocRun":false,"lastUpdated":"2019-11-06T12:10:47Z"},{"id":16,"name":"perf11","description":null,"noOfExecution":1,"isPublic":false,"dateCreated":"2019-11-06T10:52:02Z","createdBy":"Signal Dev","type":"Qualitative Configuration","isAdhocRun":false,"lastUpdated":"2019-11-06T10:53:27Z"},{"id":21,"name":"SK_Test_AOD","description":null,"noOfExecution":0,"isPublic":false,"dateCreated":"2019-11-06T14:52:52Z","createdBy":"Signal Dev","type":"Quantitative Configuration","isAdhocRun":false,"lastUpdated":"2019-11-06T14:52:52Z"},{"id":22,"name":"Perf_15","description":null,"noOfExecution":1,"isPublic":false,"dateCreated":"2019-11-07T04:04:22Z","createdBy":"Signal Dev","type":"Qualitative Configuration","isAdhocRun":false,"lastUpdated":"2019-11-07T04:20:04Z"},{"id":34,"name":"Singal_Alert_Perf","description":null,"noOfExecution":1,"isPublic":false,"dateCreated":"2019-11-07T07:57:02Z","createdBy":"bhagya","type":"Qualitative Configuration","isAdhocRun":false,"lastUpdated":"2019-11-07T08:28:13Z"},{"id":45,"name":"PERF_QUAL_60","description":null,"noOfExecution":1,"isPublic":false,"dateCreated":"2019-11-07T13:03:45Z","createdBy":"bhagya","type":"Qualitative Configuration","isAdhocRun":false,"lastUpdated":"2019-11-07T18:55:26Z"},{"id":46,"name":"PERF_QUANTI_266","description":null,"noOfExecution":1,"isPublic":false,"dateCreated":"2019-11-07T13:03:46Z","createdBy":"bhagya","type":"Quantitative Configuration","isAdhocRun":false,"lastUpdated":"2019-11-07T19:57:43Z"},{"id":19,"name":"DILTIAZEM (Product Name) test","description":null,"noOfExecution":1,"isPublic":false,"dateCreated":"2019-11-06T12:24:29Z","createdBy":"Signal Dev","type":"Qualitative Configuration","isAdhocRun":false,"lastUpdated":"2019-11-06T12:34:15Z"},{"id":20,"name":"PERF_QUAL_13","description":null,"noOfExecution":1,"isPublic":false,"dateCreated":"2019-11-06T12:45:23Z","createdBy":"Signal Dev","type":"Qualitative Configuration","isAdhocRun":false,"lastUpdated":"2019-11-06T13:01:51Z"},{"id":26,"name":"PERF_QUAL_25","description":null,"noOfExecution":1,"isPublic":false,"dateCreated":"2019-11-07T05:41:12Z","createdBy":"bhagya","type":"Qualitative Configuration","isAdhocRun":false,"lastUpdated":"2019-11-07T11:21:24Z"},{"id":35,"name":"PERF_QUAL_28","description":null,"noOfExecution":1,"isPublic":false,"dateCreated":"2019-11-07T13:00:23Z","createdBy":"bhagya","type":"Qualitative Configuration","isAdhocRun":false,"lastUpdated":"2019-11-07T18:44:10Z"},{"id":39,"name":"PERF_QUANTI_146","description":null,"noOfExecution":1,"isPublic":false,"dateCreated":"2019-11-07T13:02:11Z","createdBy":"bhagya","type":"Quantitative Configuration","isAdhocRun":false,"lastUpdated":"2019-11-07T19:19:57Z"},{"id":40,"name":"PERF_QUAL_121","description":null,"noOfExecution":1,"isPublic":false,"dateCreated":"2019-11-07T13:02:12Z","createdBy":"bhagya","type":"Qualitative Configuration","isAdhocRun":false,"lastUpdated":"2019-11-07T18:53:52Z"},{"id":43,"name":"PERF_QUAL_29","description":null,"noOfExecution":1,"isPublic":false,"dateCreated":"2019-11-07T13:03:40Z","createdBy":"bhagya","type":"Qualitative Configuration","isAdhocRun":false,"lastUpdated":"2019-11-07T18:55:23Z"},{"id":47,"name":"PERF_QUANTI_87","description":null,"noOfExecution":1,"isPublic":false,"dateCreated":"2019-11-07T13:04:25Z","createdBy":"bhagya","type":"Quantitative Configuration","isAdhocRun":false,"lastUpdated":"2019-11-07T20:16:44Z"},{"id":49,"name":"PERF_QUAL_91","description":null,"noOfExecution":1,"isPublic":false,"dateCreated":"2019-11-07T13:06:00Z","createdBy":"bhagya","type":"Qualitative Configuration","isAdhocRun":false,"lastUpdated":"2019-11-07T18:56:31Z"},{"id":50,"name":"PERF_QUANTI_207","description":null,"noOfExecution":1,"isPublic":false,"dateCreated":"2019-11-07T13:06:55Z","createdBy":"bhagya","type":"Quantitative Configuration","isAdhocRun":false,"lastUpdated":"2019-11-07T20:53:56Z"},{"id":51,"name":"test_1234r5_AS","description":null,"noOfExecution":2,"isPublic":false,"dateCreated":"2019-11-07T13:07:31Z","createdBy":"bhagya","type":"Qualitative Configuration","isAdhocRun":false,"lastUpdated":"2019-11-12T18:20:28Z"},{"id":4,"name":"test_ProductName","description":null,"noOfExecution":1,"isPublic":false,"dateCreated":"2019-11-05T14:29:35Z","createdBy":"Signal Dev","type":"Qualitative Configuration","isAdhocRun":false,"lastUpdated":"2019-11-05T14:29:53Z"},{"id":6,"name":"test_ApplicationNumber","description":null,"noOfExecution":1,"isPublic":false,"dateCreated":"2019-11-05T14:32:19Z","createdBy":"Signal Dev","type":"Qualitative Configuration","isAdhocRun":false,"lastUpdated":"2019-11-05T14:35:00Z"},{"id":7,"name":"perf56","description":null,"noOfExecution":1,"isPublic":false,"dateCreated":"2019-11-05T15:27:23Z","createdBy":"Signal Dev","type":"Qualitative Configuration","isAdhocRun":false,"lastUpdated":"2019-11-05T22:02:51Z"},{"id":11,"name":"5-ALPHA REDUCTASE INHIBITOR (Therapeutic drug class)  pef test","description":null,"noOfExecution":1,"isPublic":false,"dateCreated":"2019-11-06T08:22:30Z","createdBy":"Signal Dev","type":"Qualitative Configuration","isAdhocRun":false,"lastUpdated":"2019-11-06T12:04:31Z"},{"id":25,"name":"PERF_QUAL_24","description":null,"noOfExecution":1,"isPublic":false,"dateCreated":"2019-11-07T05:37:39Z","createdBy":"bhagya","type":"Qualitative Configuration","isAdhocRun":false,"lastUpdated":"2019-11-07T05:48:00Z"},{"id":27,"name":"PERF_QUAL_26","description":null,"noOfExecution":1,"isPublic":false,"dateCreated":"2019-11-07T05:52:18Z","createdBy":"bhagya","type":"Qualitative Configuration","isAdhocRun":false,"lastUpdated":"2019-11-07T11:32:04Z"},{"id":36,"name":"PERF_QUAL_59","description":null,"noOfExecution":1,"isPublic":false,"dateCreated":"2019-11-07T13:01:07Z","createdBy":"bhagya","type":"Qualitative Configuration","isAdhocRun":false,"lastUpdated":"2019-11-07T18:52:20Z"},{"id":41,"name":"PERF_QUANTI_206","description":null,"noOfExecution":1,"isPublic":false,"dateCreated":"2019-11-07T13:02:55Z","createdBy":"bhagya","type":"Quantitative Configuration","isAdhocRun":false,"lastUpdated":"2019-11-07T19:38:34Z"},{"id":42,"name":"PERF_QUAL_152","description":null,"noOfExecution":1,"isPublic":false,"dateCreated":"2019-11-07T13:03:16Z","createdBy":"bhagya","type":"Qualitative Configuration","isAdhocRun":false,"lastUpdated":"2019-11-07T18:55:24Z"},{"id":48,"name":"PERF_QUANTI_147","description":null,"noOfExecution":1,"isPublic":false,"dateCreated":"2019-11-07T13:06:00Z","createdBy":"bhagya","type":"Quantitative Configuration","isAdhocRun":false,"lastUpdated":"2019-11-07T20:35:34Z"},{"id":52,"name":"PERF_QUANTI_88","description":null,"noOfExecution":1,"isPublic":false,"dateCreated":"2019-11-07T13:08:24Z","createdBy":"bhagya","type":"Quantitative Configuration","isAdhocRun":false,"lastUpdated":"2019-11-07T21:12:51Z"},{"id":2,"name":"test_ActiveMoeity","description":null,"noOfExecution":1,"isPublic":false,"dateCreated":"2019-11-05T14:27:28Z","createdBy":"Signal Dev","type":"Qualitative Configuration","isAdhocRun":false,"lastUpdated":"2019-11-05T18:16:11Z"},{"id":3,"name":"test_productActiveMoiety","description":null,"noOfExecution":1,"isPublic":false,"dateCreated":"2019-11-05T14:28:37Z","createdBy":"Signal Dev","type":"Qualitative Configuration","isAdhocRun":false,"lastUpdated":"2019-11-05T18:15:57Z"},{"id":5,"name":"test_UserAssignment","description":null,"noOfExecution":1,"isPublic":false,"dateCreated":"2019-11-05T14:30:59Z","createdBy":"Signal Dev","type":"Qualitative Configuration","isAdhocRun":false,"lastUpdated":"2019-11-05T17:26:47Z"},{"id":8,"name":"METHOTREXATE Qual DM","description":null,"noOfExecution":1,"isPublic":false,"dateCreated":"2019-11-05T19:12:24Z","createdBy":"Signal Dev","type":"Qualitative Configuration","isAdhocRun":false,"lastUpdated":"2019-11-05T21:50:28Z"},{"id":17,"name":"TESTNGQUAL_1234567","description":null,"noOfExecution":2,"isPublic":false,"dateCreated":"2019-11-06T11:52:03Z","createdBy":"Signal Dev","type":"Qualitative Configuration","isAdhocRun":false,"lastUpdated":"2019-11-12T18:55:33Z"},{"id":18,"name":"PERF_Qual_12","description":null,"noOfExecution":1,"isPublic":false,"dateCreated":"2019-11-06T12:03:33Z","createdBy":"Signal Dev","type":"Qualitative Configuration","isAdhocRun":false,"lastUpdated":"2019-11-06T12:09:10Z"},{"id":23,"name":"PERF_QUAL_21","description":null,"noOfExecution":1,"isPublic":false,"dateCreated":"2019-11-07T05:10:23Z","createdBy":"bhagya","type":"Qualitative Configuration","isAdhocRun":false,"lastUpdated":"2019-11-07T05:20:17Z"},{"id":24,"name":"PERF_QUAL_23","description":null,"noOfExecution":1,"isPublic":false,"dateCreated":"2019-11-07T05:33:53Z","createdBy":"bhagya","type":"Qualitative Configuration","isAdhocRun":false,"lastUpdated":"2019-11-07T05:43:23Z"},{"id":28,"name":"PERF_QUAL_27","description":null,"noOfExecution":1,"isPublic":false,"dateCreated":"2019-11-07T05:55:12Z","createdBy":"bhagya","type":"Qualitative Configuration","isAdhocRun":false,"lastUpdated":"2019-11-07T11:35:27Z"},{"id":29,"name":"PERF_quant_13","description":null,"noOfExecution":1,"isPublic":false,"dateCreated":"2019-11-07T06:06:19Z","createdBy":"bhagya","type":"Quantitative Configuration","isAdhocRun":false,"lastUpdated":"2019-11-07T06:26:06Z"},{"id":63,"name":"test_doxo_123458","description":null,"noOfExecution":1,"isPublic":false,"dateCreated":"2019-11-12T17:54:23Z","createdBy":"Signal Dev","type":"Qualitative Configuration","isAdhocRun":false,"lastUpdated":"2019-11-12T17:55:48Z"},{"id":65,"name":"PERF_QUANTI_29","description":null,"noOfExecution":1,"isPublic":false,"dateCreated":"2019-11-13T06:57:13Z","createdBy":"bhagya","type":"Quantitative Configuration","isAdhocRun":false,"lastUpdated":"2019-11-13T12:46:30Z"},{"id":53,"name":"PERF_QUANTI_148","description":null,"noOfExecution":1,"isPublic":false,"dateCreated":"2019-11-07T13:09:28Z","createdBy":"bhagya","type":"Quantitative Configuration","isAdhocRun":false,"lastUpdated":"2019-11-07T21:31:19Z"},{"id":55,"name":"PERF_QUANTI_89","description":null,"noOfExecution":1,"isPublic":false,"dateCreated":"2019-11-07T13:11:48Z","createdBy":"bhagya","type":"Quantitative Configuration","isAdhocRun":false,"lastUpdated":"2019-11-07T22:09:02Z"},{"id":56,"name":"PERF_QUANTI_149","description":null,"noOfExecution":1,"isPublic":false,"dateCreated":"2019-11-07T13:12:54Z","createdBy":"bhagya","type":"Quantitative Configuration","isAdhocRun":false,"lastUpdated":"2019-11-07T22:27:53Z"},{"id":57,"name":"PERF_QUANTI_209","description":null,"noOfExecution":1,"isPublic":false,"dateCreated":"2019-11-07T13:13:37Z","createdBy":"bhagya","type":"Quantitative Configuration","isAdhocRun":false,"lastUpdated":"2019-11-07T22:46:39Z"},{"id":58,"name":"Perf1_AlertExecutionTime","description":null,"noOfExecution":1,"isPublic":false,"dateCreated":"2019-11-08T07:45:20Z","createdBy":"bhagya","type":"Qualitative Configuration","isAdhocRun":false,"lastUpdated":"2019-11-08T08:11:25Z"},{"id":59,"name":"PERF_Quantitative_AlertExectiontime","description":null,"noOfExecution":1,"isPublic":false,"dateCreated":"2019-11-08T08:54:35Z","createdBy":"bhagya","type":"Quantitative Configuration","isAdhocRun":false,"lastUpdated":"2019-11-08T09:12:11Z"},{"id":60,"name":"Test spotfire drug","description":null,"noOfExecution":0,"isPublic":false,"dateCreated":"2019-11-08T11:04:39Z","createdBy":"Signal Dev","type":"Qualitative Configuration","isAdhocRun":false,"lastUpdated":"2019-11-15T05:28:01Z"},{"id":64,"name":"Quant_PERF1","description":null,"noOfExecution":1,"isPublic":false,"dateCreated":"2019-11-13T06:32:42Z","createdBy":"bhagya","type":"Quantitative Configuration","isAdhocRun":false,"lastUpdated":"2019-11-13T06:53:38Z"},{"id":62,"name":"doxo-12-11-19-1","description":null,"noOfExecution":1,"isPublic":false,"dateCreated":"2019-11-12T13:05:41Z","createdBy":"Signal Dev","type":"Quantitative Configuration","isAdhocRun":false,"lastUpdated":"2019-11-12T13:27:29Z"},{"id":54,"name":"PERF_QUANTI_208","description":null,"noOfExecution":1,"isPublic":false,"dateCreated":"2019-11-07T13:10:35Z","createdBy":"bhagya","type":"Quantitative Configuration","isAdhocRun":false,"lastUpdated":"2019-11-07T21:49:52Z"},{"id":75,"name":"PERF_QUAL_41","description":null,"noOfExecution":1,"isPublic":false,"dateCreated":"2019-11-14T11:04:43Z","createdBy":"bhagya","type":"Qualitative Configuration","isAdhocRun":false,"lastUpdated":"2019-11-14T16:45:59Z"},{"id":76,"name":"PERF_QUANTI_31","description":null,"noOfExecution":1,"isPublic":false,"dateCreated":"2019-11-14T11:07:55Z","createdBy":"bhagya","type":"Quantitative Configuration","isAdhocRun":false,"lastUpdated":"2019-11-14T16:57:43Z"},{"id":66,"name":"PERF_QUAL_40","description":null,"noOfExecution":1,"isPublic":false,"dateCreated":"2019-11-13T07:39:59Z","createdBy":"bhagya","type":"Qualitative Configuration","isAdhocRun":false,"lastUpdated":"2019-11-13T13:19:27Z"},{"id":12339,"name":"lit_tes_aler","description":"","noOfExecution":1,"tags":"","isPublic":true,"dateCreated":"2019-11-07T21:33:30Z","createdBy":"Signal Dev","type":"Literature Configuration","isAdhocRun":false,"lastUpdated":"2019-11-07T21:33:48Z"},{"id":10365,"name":"LITE_PERF_!","description":"","noOfExecution":1,"tags":"","isPublic":true,"dateCreated":"2019-11-07T10:55:01Z","createdBy":"bhagya","type":"Literature Configuration","isAdhocRun":false,"lastUpdated":"2019-11-07T10:55:11Z"},{"id":19818,"name":"Lit-Asthma","description":"","noOfExecution":1,"tags":"","isPublic":true,"dateCreated":"2019-11-12T13:51:06Z","createdBy":"Signal Dev","type":"Literature Configuration","isAdhocRun":false,"lastUpdated":"2019-11-12T13:54:58Z"},{"id":18870,"name":"Alert-Literature-Calpol","description":"","noOfExecution":1,"tags":"","isPublic":true,"dateCreated":"2019-11-12T13:28:18Z","createdBy":"Signal Dev","type":"Literature Configuration","isAdhocRun":false,"lastUpdated":"2019-11-12T13:28:29Z"},{"id":18405,"name":"Fever 101","description":"","noOfExecution":1,"tags":"","isPublic":true,"dateCreated":"2019-11-12T10:29:00Z","createdBy":"Signal Dev","type":"Literature Configuration","isAdhocRun":false,"lastUpdated":"2019-11-12T10:29:09Z"},{"id":18554,"name":"Alert-Literature-test","description":"","noOfExecution":3,"tags":"","isPublic":true,"dateCreated":"2019-11-12T12:59:31Z","createdBy":"Signal Dev","type":"Literature Configuration","isAdhocRun":false,"lastUpdated":"2019-11-12T13:26:40Z"},{"id":19780,"name":"Alert_Lit_Data","description":"","noOfExecution":1,"tags":"","isPublic":true,"dateCreated":"2019-11-12T13:48:33Z","createdBy":"Signal Dev","type":"Literature Configuration","isAdhocRun":false,"lastUpdated":"2019-11-12T13:48:39Z"},{"id":19849,"name":"Alert-CALPOL (Product Name)","description":"","noOfExecution":1,"tags":"","isPublic":true,"dateCreated":"2019-11-12T13:54:29Z","createdBy":"Signal Dev","type":"Literature Configuration","isAdhocRun":false,"lastUpdated":"2019-11-12T13:54:39Z"}]