{"aaData":[{"id":75,"name":"PERF_QUAL_41","frequency":"Run Once","runDate":"2019-11-14T16:34:00Z","executionTime":716978,"owner":"bhagya","executionStatus":"Completed","errorMessage":"Default Error Message","errorTitle":null,"dateCreated":"2019-11-14T16:34:02Z","alertType":"Qualitative Configuration"},{"id":66,"name":"PERF_QUAL_40","frequency":"Run Once","runDate":"2019-11-13T13:09:00Z","executionTime":617532,"owner":"bhagya","executionStatus":"Completed","errorMessage":"Default Error Message","errorTitle":null,"dateCreated":"2019-11-13T13:09:09Z","alertType":"Qualitative Configuration"},{"id":17,"name":"TESTNGQUAL_1234567","frequency":"Run Once","runDate":"2019-11-12T18:21:52Z","executionTime":2015799,"owner":"Signal Dev","executionStatus":"Completed","errorMessage":"Default Error Message","errorTitle":null,"dateCreated":"2019-11-12T18:21:57Z","alertType":"Qualitative Configuration"},{"id":51,"name":"test_1234r5_AS","frequency":"Run Once","runDate":"2019-11-12T18:19:58Z","executionTime":20683,"owner":"bhagya","executionStatus":"Completed","errorMessage":"Default Error Message","errorTitle":null,"dateCreated":"2019-11-12T18:20:07Z","alertType":"Qualitative Configuration"},{"id":63,"name":"test_doxo_123458","frequency":"Run Once","runDate":"2019-11-12T17:54:23Z","executionTime":80295,"owner":"Signal Dev","executionStatus":"Completed","errorMessage":"Default Error Message","errorTitle":null,"dateCreated":"2019-11-12T17:54:27Z","alertType":"Qualitative Configuration"},{"id":58,"name":"Perf1_AlertExecutionTime","frequency":"Run Once","runDate":"2019-11-08T07:45:20Z","executionTime":1555300,"owner":"bhagya","executionStatus":"Completed","errorMessage":"Default Error Message","errorTitle":null,"dateCreated":"2019-11-08T07:45:29Z","alertType":"Qualitative Configuration"},{"id":49,"name":"PERF_QUAL_91","frequency":"Run Once","runDate":"2019-11-07T18:35:00Z","executionTime":1281902,"owner":"bhagya","executionStatus":"Completed","errorMessage":"Default Error Message","errorTitle":null,"dateCreated":"2019-11-07T18:35:09Z","alertType":"Qualitative Configuration"},{"id":45,"name":"PERF_QUAL_60","frequency":"Run Once","runDate":"2019-11-07T18:33:00Z","executionTime":1336508,"owner":"bhagya","executionStatus":"Completed","errorMessage":"Default Error Message","errorTitle":null,"dateCreated":"2019-11-07T18:33:09Z","alertType":"Qualitative Configuration"},{"id":42,"name":"PERF_QUAL_152","frequency":"Run Once","runDate":"2019-11-07T18:33:00Z","executionTime":1314136,"owner":"bhagya","executionStatus":"Completed","errorMessage":"Default Error Message","errorTitle":null,"dateCreated":"2019-11-07T18:33:29Z","alertType":"Qualitative Configuration"},{"id":43,"name":"PERF_QUAL_29","frequency":"Run Once","runDate":"2019-11-07T18:33:00Z","executionTime":1323506,"owner":"bhagya","executionStatus":"Completed","errorMessage":"Default Error Message","errorTitle":null,"dateCreated":"2019-11-07T18:33:19Z","alertType":"Qualitative Configuration"},{"id":40,"name":"PERF_QUAL_121","frequency":"Run Once","runDate":"2019-11-07T18:32:00Z","executionTime":1302375,"owner":"bhagya","executionStatus":"Completed","errorMessage":"Default Error Message","errorTitle":null,"dateCreated":"2019-11-07T18:32:09Z","alertType":"Qualitative Configuration"},{"id":38,"name":"PERF_QUAL_90","frequency":"Run Once","runDate":"2019-11-07T18:31:00Z","executionTime":1215094,"owner":"bhagya","executionStatus":"Completed","errorMessage":"Default Error Message","errorTitle":null,"dateCreated":"2019-11-07T18:31:09Z","alertType":"Qualitative Configuration"},{"id":36,"name":"PERF_QUAL_59","frequency":"Run Once","runDate":"2019-11-07T18:31:00Z","executionTime":1260841,"owner":"bhagya","executionStatus":"Completed","errorMessage":"Default Error Message","errorTitle":null,"dateCreated":"2019-11-07T18:31:19Z","alertType":"Qualitative Configuration"},{"id":35,"name":"PERF_QUAL_28","frequency":"Run Once","runDate":"2019-11-07T18:30:00Z","executionTime":840967,"owner":"bhagya","executionStatus":"Completed","errorMessage":"Default Error Message","errorTitle":null,"dateCreated":"2019-11-07T18:30:09Z","alertType":"Qualitative Configuration"},{"id":28,"name":"PERF_QUAL_27","frequency":"Run Once","runDate":"2019-11-07T11:25:00Z","executionTime":617841,"owner":"bhagya","executionStatus":"Completed","errorMessage":"Default Error Message","errorTitle":null,"dateCreated":"2019-11-07T11:25:09Z","alertType":"Qualitative Configuration"},{"id":27,"name":"PERF_QUAL_26","frequency":"Run Once","runDate":"2019-11-07T11:22:00Z","executionTime":594352,"owner":"bhagya","executionStatus":"Completed","errorMessage":"Default Error Message","errorTitle":null,"dateCreated":"2019-11-07T11:22:09Z","alertType":"Qualitative Configuration"},{"id":26,"name":"PERF_QUAL_25","frequency":"Run Once","runDate":"2019-11-07T11:11:00Z","executionTime":614597,"owner":"bhagya","executionStatus":"Completed","errorMessage":"Default Error Message","errorTitle":null,"dateCreated":"2019-11-07T11:11:09Z","alertType":"Qualitative Configuration"},{"id":34,"name":"Singal_Alert_Perf","frequency":"Run Once","runDate":"2019-11-07T07:57:02Z","executionTime":1863098,"owner":"bhagya","executionStatus":"Completed","errorMessage":"Default Error Message","errorTitle":null,"dateCreated":"2019-11-07T07:57:09Z","alertType":"Qualitative Configuration"},{"id":33,"name":"Signal_ALert","frequency":"Run Once","runDate":"2019-11-07T07:35:09Z","executionTime":24405823,"owner":"bhagya","executionStatus":"Completed","errorMessage":"Default Error Message","errorTitle":null,"dateCreated":"2019-11-07T07:35:09Z","alertType":"Qualitative Configuration"},{"id":25,"name":"PERF_QUAL_24","frequency":"Run Once","runDate":"2019-11-07T05:37:39Z","executionTime":610950,"owner":"bhagya","executionStatus":"Completed","errorMessage":"Default Error Message","errorTitle":null,"dateCreated":"2019-11-07T05:37:49Z","alertType":"Qualitative Configuration"},{"id":24,"name":"PERF_QUAL_23","frequency":"Run Once","runDate":"2019-11-07T05:33:53Z","executionTime":563400,"owner":"bhagya","executionStatus":"Completed","errorMessage":"Default Error Message","errorTitle":null,"dateCreated":"2019-11-07T05:33:59Z","alertType":"Qualitative Configuration"},{"id":23,"name":"PERF_QUAL_21","frequency":"Run Once","runDate":"2019-11-07T05:10:23Z","executionTime":587648,"owner":"bhagya","executionStatus":"Completed","errorMessage":"Default Error Message","errorTitle":null,"dateCreated":"2019-11-07T05:10:29Z","alertType":"Qualitative Configuration"},{"id":22,"name":"Perf_15","frequency":"Run Once","runDate":"2019-11-07T04:04:22Z","executionTime":934933,"owner":"Signal Dev","executionStatus":"Completed","errorMessage":"Default Error Message","errorTitle":null,"dateCreated":"2019-11-07T04:04:29Z","alertType":"Qualitative Configuration"},{"id":20,"name":"PERF_QUAL_13","frequency":"Run Once","runDate":"2019-11-06T12:45:23Z","executionTime":985110,"owner":"Signal Dev","executionStatus":"Completed","errorMessage":"Default Error Message","errorTitle":null,"dateCreated":"2019-11-06T12:45:26Z","alertType":"Qualitative Configuration"},{"id":19,"name":"DILTIAZEM (Product Name) test","frequency":"Run Once","runDate":"2019-11-06T12:24:29Z","executionTime":579392,"owner":"Signal Dev","executionStatus":"Completed","errorMessage":"Default Error Message","errorTitle":null,"dateCreated":"2019-11-06T12:24:36Z","alertType":"Qualitative Configuration"},{"id":18,"name":"PERF_Qual_12","frequency":"Run Once","runDate":"2019-11-06T12:03:33Z","executionTime":334569,"owner":"Signal Dev","executionStatus":"Completed","errorMessage":"Default Error Message","errorTitle":null,"dateCreated":"2019-11-06T12:03:36Z","alertType":"Qualitative Configuration"},{"id":16,"name":"perf11","frequency":"Run Once","runDate":"2019-11-06T10:52:02Z","executionTime":81252,"owner":"Signal Dev","executionStatus":"Completed","errorMessage":"Default Error Message","errorTitle":null,"dateCreated":"2019-11-06T10:52:06Z","alertType":"Qualitative Configuration"}],"recordsTotal":27,"recordsFiltered":27}