[{"name":"HuCNgL","product":"VOLTAREN","dueIn":-25,"priority":"Urgent","id":1210,"frequency":"","lastRunDate":"03-Dec-2019","nextRunDate":"02-Dec-2019","executed":true,"type":"Quantitative","total":13,"new":13,"requiresReview":13,"assignedToMe":13,"closed":0},{"name":"IAypwN","product":"VOLTAREN","dueIn":-25,"priority":"Urgent","id":1209,"frequency":"","lastRunDate":"03-Dec-2019","nextRunDate":"02-Dec-2019","executed":true,"type":"Quantitative","total":13,"new":13,"requiresReview":13,"assignedToMe":13,"closed":0},{"name":"jzR0vy","product":"VOLTAREN","dueIn":-25,"priority":"Urgent","id":1208,"frequency":"","lastRunDate":"03-Dec-2019","nextRunDate":"02-Dec-2019","executed":true,"type":"Quantitative","total":13,"new":13,"requiresReview":13,"assignedToMe":13,"closed":0},{"name":"6hiEFm","product":"VOLTAREN","dueIn":-25,"priority":"Urgent","id":1207,"frequency":"","lastRunDate":"03-Dec-2019","nextRunDate":"02-Dec-2019","executed":true,"type":"Quantitative","total":13,"new":13,"requiresReview":13,"assignedToMe":13,"closed":0},{"name":"mAacCZ","product":"VOLTAREN","dueIn":-25,"priority":"Urgent","id":1206,"frequency":"","lastRunDate":"03-Dec-2019","nextRunDate":"02-Dec-2019","executed":true,"type":"Quantitative","total":13,"new":13,"requiresReview":13,"assignedToMe":13,"closed":0},{"name":"oryVyB","product":"VOLTAREN","dueIn":-25,"priority":"Urgent","id":1205,"frequency":"","lastRunDate":"03-Dec-2019","nextRunDate":"02-Dec-2019","executed":true,"type":"Quantitative","total":13,"new":13,"requiresReview":13,"assignedToMe":13,"closed":0},{"name":"Th6J8l","product":"VOLTAREN","dueIn":-25,"priority":"Urgent","id":1204,"frequency":"","lastRunDate":"03-Dec-2019","nextRunDate":"02-Dec-2019","executed":true,"type":"Quantitative","total":13,"new":13,"requiresReview":13,"assignedToMe":13,"closed":0},{"name":"Ymwzhf","product":"VOLTAREN","dueIn":-25,"priority":"Urgent","id":1203,"frequency":"","lastRunDate":"03-Dec-2019","nextRunDate":"02-Dec-2019","executed":true,"type":"Quantitative","total":13,"new":13,"requiresReview":13,"assignedToMe":13,"closed":0},{"name":"cwdZr5","product":"VOLTAREN","dueIn":-25,"priority":"Urgent","id":1202,"frequency":"","lastRunDate":"03-Dec-2019","nextRunDate":"02-Dec-2019","executed":true,"type":"Quantitative","total":13,"new":13,"requiresReview":13,"assignedToMe":13,"closed":0},{"name":"IqXIhQ","product":"VOLTAREN","dueIn":-25,"priority":"Urgent","id":1201,"frequency":"","lastRunDate":"03-Dec-2019","nextRunDate":"02-Dec-2019","executed":true,"type":"Quantitative","total":13,"new":13,"requiresReview":13,"assignedToMe":13,"closed":0},{"name":"BmKLk6","product":"VOLTAREN","dueIn":-25,"priority":"Urgent","id":1200,"frequency":"","lastRunDate":"03-Dec-2019","nextRunDate":"02-Dec-2019","executed":true,"type":"Quantitative","total":13,"new":13,"requiresReview":13,"assignedToMe":13,"closed":0},{"name":"wVZ6Jp","product":"VOLTAREN","dueIn":-25,"priority":"Urgent","id":1199,"frequency":"","lastRunDate":"03-Dec-2019","nextRunDate":"02-Dec-2019","executed":true,"type":"Quantitative","total":13,"new":13,"requiresReview":13,"assignedToMe":13,"closed":0},{"name":"tWIsvn","product":"VOLTAREN","dueIn":-25,"priority":"Urgent","id":1198,"frequency":"","lastRunDate":"03-Dec-2019","nextRunDate":"02-Dec-2019","executed":true,"type":"Quantitative","total":13,"new":13,"requiresReview":13,"assignedToMe":13,"closed":0},{"name":"B3PSQT","product":"VOLTAREN","dueIn":-25,"priority":"Urgent","id":1197,"frequency":"","lastRunDate":"03-Dec-2019","nextRunDate":"02-Dec-2019","executed":true,"type":"Quantitative","total":13,"new":13,"requiresReview":13,"assignedToMe":13,"closed":0},{"name":"y0a6cvti","product":"VOLTAREN","dueIn":-25,"priority":"Urgent","id":1196,"frequency":"","lastRunDate":"03-Dec-2019","nextRunDate":"02-Dec-2019","executed":true,"type":"Quantitative","total":13,"new":13,"requiresReview":13,"assignedToMe":13,"closed":0},{"name":"8a7dimnp","product":"VOLTAREN","dueIn":-25,"priority":"Urgent","id":1195,"frequency":"","lastRunDate":"03-Dec-2019","nextRunDate":"02-Dec-2019","executed":true,"type":"Quantitative","total":13,"new":13,"requiresReview":13,"assignedToMe":13,"closed":0},{"name":"m26zzwox","product":"VOLTAREN","dueIn":-25,"priority":"Urgent","id":1194,"frequency":"","lastRunDate":"03-Dec-2019","nextRunDate":"02-Dec-2019","executed":true,"type":"Quantitative","total":13,"new":13,"requiresReview":13,"assignedToMe":13,"closed":0},{"name":"ei66bwyn","product":"VOLTAREN","dueIn":-25,"priority":"Urgent","id":1193,"frequency":"","lastRunDate":"03-Dec-2019","nextRunDate":"02-Dec-2019","executed":true,"type":"Quantitative","total":13,"new":13,"requiresReview":13,"assignedToMe":13,"closed":0},{"name":"dmv4gt7t","product":"VOLTAREN","dueIn":-25,"priority":"Urgent","id":1192,"frequency":"","lastRunDate":"03-Dec-2019","nextRunDate":"02-Dec-2019","executed":true,"type":"Quantitative","total":13,"new":13,"requiresReview":13,"assignedToMe":13,"closed":0},{"name":"mdidoawk","product":"VOLTAREN","dueIn":-25,"priority":"Urgent","id":1191,"frequency":"","lastRunDate":"03-Dec-2019","nextRunDate":"02-Dec-2019","executed":true,"type":"Quantitative","total":13,"new":13,"requiresReview":13,"assignedToMe":13,"closed":0},{"name":"0u2tdqeb","product":"VOLTAREN","dueIn":-25,"priority":"Urgent","id":1190,"frequency":"","lastRunDate":"03-Dec-2019","nextRunDate":"02-Dec-2019","executed":true,"type":"Quantitative","total":13,"new":13,"requiresReview":13,"assignedToMe":13,"closed":0},{"name":"vdxl7mts","product":"VOLTAREN","dueIn":-25,"priority":"Urgent","id":1189,"frequency":"","lastRunDate":"03-Dec-2019","nextRunDate":"02-Dec-2019","executed":true,"type":"Quantitative","total":13,"new":13,"requiresReview":13,"assignedToMe":13,"closed":0},{"name":"0djr1se2","product":"VOLTAREN","dueIn":-25,"priority":"Urgent","id":1188,"frequency":"","lastRunDate":"03-Dec-2019","nextRunDate":"02-Dec-2019","executed":true,"type":"Quantitative","total":13,"new":13,"requiresReview":13,"assignedToMe":13,"closed":0},{"name":"d0deo2zy","product":"VOLTAREN","dueIn":-25,"priority":"Urgent","id":1187,"frequency":"","lastRunDate":"03-Dec-2019","nextRunDate":"02-Dec-2019","executed":true,"type":"Quantitative","total":13,"new":13,"requiresReview":13,"assignedToMe":13,"closed":0},{"name":"4b1i5okf","product":"VOLTAREN","dueIn":-25,"priority":"Urgent","id":1186,"frequency":"","lastRunDate":"03-Dec-2019","nextRunDate":"02-Dec-2019","executed":true,"type":"Quantitative","total":13,"new":13,"requiresReview":13,"assignedToMe":13,"closed":0},{"name":"ca1clbg3","product":"VOLTAREN","dueIn":-25,"priority":"Urgent","id":1185,"frequency":"","lastRunDate":"03-Dec-2019","nextRunDate":"02-Dec-2019","executed":true,"type":"Quantitative","total":13,"new":13,"requiresReview":13,"assignedToMe":13,"closed":0},{"name":"jvua9pmz","product":"VOLTAREN","dueIn":-25,"priority":"Urgent","id":1184,"frequency":"","lastRunDate":"03-Dec-2019","nextRunDate":"02-Dec-2019","executed":true,"type":"Quantitative","total":13,"new":13,"requiresReview":13,"assignedToMe":13,"closed":0},{"name":"jv62wf9d","product":"VOLTAREN","dueIn":-25,"priority":"Urgent","id":1183,"frequency":"","lastRunDate":"03-Dec-2019","nextRunDate":"02-Dec-2019","executed":true,"type":"Quantitative","total":13,"new":13,"requiresReview":13,"assignedToMe":13,"closed":0},{"name":"3y2wmip2","product":"VOLTAREN","dueIn":-25,"priority":"Urgent","id":1182,"frequency":"","lastRunDate":"03-Dec-2019","nextRunDate":"02-Dec-2019","executed":true,"type":"Quantitative","total":13,"new":13,"requiresReview":13,"assignedToMe":13,"closed":0},{"name":"bw1dds78","product":"VOLTAREN","dueIn":-25,"priority":"Urgent","id":1181,"frequency":"","lastRunDate":"03-Dec-2019","nextRunDate":"02-Dec-2019","executed":true,"type":"Quantitative","total":13,"new":13,"requiresReview":13,"assignedToMe":13,"closed":0},{"name":"3h2ylmly","product":"VOLTAREN","dueIn":-25,"priority":"Urgent","id":1180,"frequency":"","lastRunDate":"03-Dec-2019","nextRunDate":"02-Dec-2019","executed":true,"type":"Quantitative","total":13,"new":13,"requiresReview":13,"assignedToMe":13,"closed":0},{"name":"s9lyuej6","product":"VOLTAREN","dueIn":-25,"priority":"Urgent","id":1179,"frequency":"","lastRunDate":"03-Dec-2019","nextRunDate":"02-Dec-2019","executed":true,"type":"Quantitative","total":13,"new":13,"requiresReview":13,"assignedToMe":13,"closed":0},{"name":"3upn9t83","product":"VOLTAREN","dueIn":-25,"priority":"Urgent","id":1178,"frequency":"","lastRunDate":"03-Dec-2019","nextRunDate":"02-Dec-2019","executed":true,"type":"Quantitative","total":13,"new":13,"requiresReview":13,"assignedToMe":13,"closed":0},{"name":"1xqvr74r","product":"VOLTAREN","dueIn":-25,"priority":"Urgent","id":1177,"frequency":"","lastRunDate":"03-Dec-2019","nextRunDate":"02-Dec-2019","executed":true,"type":"Quantitative","total":13,"new":13,"requiresReview":13,"assignedToMe":13,"closed":0},{"name":"i4x1r2i8","product":"VOLTAREN","dueIn":-25,"priority":"Urgent","id":1176,"frequency":"","lastRunDate":"03-Dec-2019","nextRunDate":"02-Dec-2019","executed":true,"type":"Quantitative","total":13,"new":13,"requiresReview":13,"assignedToMe":13,"closed":0},{"name":"oo2la6bv","product":"VOLTAREN","dueIn":-25,"priority":"Urgent","id":1175,"frequency":"","lastRunDate":"03-Dec-2019","nextRunDate":"02-Dec-2019","executed":true,"type":"Quantitative","total":13,"new":13,"requiresReview":13,"assignedToMe":13,"closed":0},{"name":"tuj8snid","product":"VOLTAREN","dueIn":-25,"priority":"Urgent","id":1174,"frequency":"","lastRunDate":"03-Dec-2019","nextRunDate":"02-Dec-2019","executed":true,"type":"Quantitative","total":13,"new":13,"requiresReview":13,"assignedToMe":13,"closed":0},{"name":"4771qH","product":"VOLTAREN","dueIn":-24,"priority":"Urgent","id":1218,"frequency":"","lastRunDate":"04-Dec-2019","nextRunDate":"02-Dec-2019","executed":true,"type":"Quantitative","total":13,"new":13,"requiresReview":13,"assignedToMe":13,"closed":0},{"name":"O9j7vo","product":"VOLTAREN","dueIn":-24,"priority":"Urgent","id":1217,"frequency":"","lastRunDate":"04-Dec-2019","nextRunDate":"02-Dec-2019","executed":true,"type":"Quantitative","total":13,"new":13,"requiresReview":13,"assignedToMe":13,"closed":0},{"name":"5w5hjL","product":"VOLTAREN","dueIn":-24,"priority":"Urgent","id":1216,"frequency":"","lastRunDate":"04-Dec-2019","nextRunDate":"02-Dec-2019","executed":true,"type":"Quantitative","total":13,"new":13,"requiresReview":13,"assignedToMe":13,"closed":0},{"name":"FMpzQi","product":"VOLTAREN","dueIn":-24,"priority":"Urgent","id":1215,"frequency":"","lastRunDate":"04-Dec-2019","nextRunDate":"02-Dec-2019","executed":true,"type":"Quantitative","total":13,"new":13,"requiresReview":13,"assignedToMe":13,"closed":0},{"name":"wxxE5K","product":"VOLTAREN","dueIn":-24,"priority":"Urgent","id":1214,"frequency":"","lastRunDate":"04-Dec-2019","nextRunDate":"02-Dec-2019","executed":true,"type":"Quantitative","total":13,"new":13,"requiresReview":13,"assignedToMe":13,"closed":0},{"name":"DDC9wW","product":"VOLTAREN","dueIn":-24,"priority":"Urgent","id":1213,"frequency":"","lastRunDate":"04-Dec-2019","nextRunDate":"02-Dec-2019","executed":true,"type":"Quantitative","total":13,"new":13,"requiresReview":13,"assignedToMe":13,"closed":0},{"name":"zV3nW2","product":"VOLTAREN","dueIn":-24,"priority":"Urgent","id":1212,"frequency":"","lastRunDate":"04-Dec-2019","nextRunDate":"02-Dec-2019","executed":true,"type":"Quantitative","total":13,"new":13,"requiresReview":13,"assignedToMe":13,"closed":0},{"name":"uB9I19","product":"VOLTAREN","dueIn":-24,"priority":"Urgent","id":1211,"frequency":"","lastRunDate":"04-Dec-2019","nextRunDate":"02-Dec-2019","executed":true,"type":"Quantitative","total":13,"new":13,"requiresReview":13,"assignedToMe":13,"closed":0},{"name":"Perf_businessrules","product":"PENICILLIN G","dueIn":-23,"priority":"Urgent","id":1219,"frequency":"","lastRunDate":"05-Dec-2019","nextRunDate":"05-Dec-2019","executed":true,"type":"Qualitative","total":0,"new":0,"requiresReview":0,"assignedToMe":0,"closed":0},{"name":"tjk43k1","product":"VOLTAREN","dueIn":-12,"priority":"Urgent","id":1236,"frequency":"","lastRunDate":"16-Dec-2019","nextRunDate":"16-Dec-2019","executed":true,"type":"Quantitative","total":13,"new":13,"requiresReview":13,"assignedToMe":13,"closed":0},{"name":"hdpnsb1","product":"VOLTAREN","dueIn":-12,"priority":"Urgent","id":1235,"frequency":"","lastRunDate":"16-Dec-2019","nextRunDate":"16-Dec-2019","executed":true,"type":"Quantitative","total":13,"new":13,"requiresReview":13,"assignedToMe":13,"closed":0},{"name":"xpaoNr1","product":"VOLTAREN","dueIn":-12,"priority":"Urgent","id":1234,"frequency":"","lastRunDate":"16-Dec-2019","nextRunDate":"16-Dec-2019","executed":true,"type":"Quantitative","total":13,"new":13,"requiresReview":13,"assignedToMe":13,"closed":0},{"name":"nlSkIn1","product":"VOLTAREN","dueIn":-12,"priority":"Urgent","id":1229,"frequency":"","lastRunDate":"16-Dec-2019","nextRunDate":"16-Dec-2019","executed":true,"type":"Quantitative","total":13,"new":13,"requiresReview":13,"assignedToMe":13,"closed":0}]