[{"containerView":1,"label":"Product","name":"productSelection","listOrder":0,"seq":4},{"containerView":1,"label":"Event","name":"eventSelection","listOrder":1,"seq":5},{"containerView":1,"label":"Issues Tracked","name":"issueTracked","listOrder":2,"seq":6},{"containerView":1,"label":"Num of ICSRs","name":"numOfIcsrs","listOrder":3,"seq":7},{"containerView":3,"label":"Init Data Source","name":"initDataSrc","listOrder":9999,"seq":8},{"containerView":1,"label":"Signal","name":"signalsAndTopics","listOrder":5,"seq":9},{"containerView":1,"label":"Disposition","name":"currentDisposition","listOrder":6,"seq":10},{"containerView":3,"label":"Current Disposition","name":"disposition","listOrder":9999,"seq":11},{"containerView":1,"label":"Assigned To","name":"assignedTo","listOrder":8,"seq":12},{"containerView":1,"label":"Detected Date","name":"detectedDate","listOrder":9,"seq":13},{"containerView":1,"label":"Due In","name":"dueIn","listOrder":10,"seq":14}]