[{"label":"Article ID","name":"articleId","containerView":1,"seq":4,"listOrder":0},{"label":"Tags","name":"alertTags","containerView":1,"seq":5,"listOrder":1},{"label":"Current Disposition","name":"disposition","containerView":1,"seq":15,"listOrder":2},{"label":"Alert Name","name":"alertName","containerView":1,"seq":6,"listOrder":3},{"label":"Product Name","name":"productName","containerView":1,"seq":13,"listOrder":4},{"label":"Event Name","name":"eventName","containerView":1,"seq":14,"listOrder":5},{"label":"Title","name":"title","containerView":1,"seq":7,"listOrder":6},{"label":"Authors","name":"authors","containerView":1,"seq":8,"listOrder":7},{"label":"Publication Date","name":"publicationDate","containerView":1,"seq":9,"listOrder":8},{"label":"Signal","name":"signal","containerView":1,"seq":10,"listOrder":9},{"label":"Disposition","name":"currentDisposition","containerView":1,"seq":11,"listOrder":10},{"label":"Assigned To","name":"assignedTo","containerView":1,"seq":12,"listOrder":11}]