[{"id":1222,"title":"newquant1","color":"#acd3e1","allDay":false,"textColor":"#ffffff","eventType":"AGGREGATE_CASE_ALERT","startDate":"01/20/2020 15:33:00","endDate":"01/20/2020 15:33:00"},{"id":1221,"title":"newquant","color":"#acd3e1","allDay":false,"textColor":"#ffffff","eventType":"AGGREGATE_CASE_ALERT","startDate":"01/20/2020 14:31:00","endDate":"01/20/2020 14:31:00"},{"id":1214,"title":"hdpnFb11123","color":"#3b789e","allDay":false,"textColor":"#ffffff","eventType":"SINGLE_CASE_ALERT","startDate":"01/19/2020 19:04:00","endDate":"01/19/2020 19:04:00"},{"id":1215,"title":"ggggg","color":"#3b789e","allDay":false,"textColor":"#ffffff","eventType":"SINGLE_CASE_ALERT","startDate":"01/19/2020 19:30:00","endDate":"01/19/2020 19:30:00"}]