{
  "FilterHeaders": [
    {
      "Header": "x-requested-with",
      "IncludeInScript": true
    },
    {
      "Header": "x-csrf-token",
      "IncludeInScript": true
    },
    {
      "Header": "user-agent",
      "IncludeInScript": false
    },
    {
      "Header": "upgrade-insecure-requests",
      "IncludeInScript": true
    },
    {
      "Header": "upgrade",
      "IncludeInScript": true
    },
    {
      "Header": "sec-websocket-version",
      "IncludeInScript": true
    },
    {
      "Header": "sec-websocket-key",
      "IncludeInScript": true
    },
    {
      "Header": "sec-websocket-extensions",
      "IncludeInScript": true
    },
    {
      "Header": "pragma",
      "IncludeInScript": true
    },
    {
      "Header": "origin",
      "IncludeInScript": true
    },
    {
      "Header": "dnt",
      "IncludeInScript": true
    },
    {
      "Header": "cache-control",
      "IncludeInScript": true
    },
    {
      "Header": "accept-language",
      "IncludeInScript": true
    },
    {
      "Header": "accept-encoding",
      "IncludeInScript": true
    },
    {
      "Header": "accept",
      "IncludeInScript": true
    }
  ],
  "FilterResources": [
    {
      "IsNonResource": false,
      "type": "text/plain"
    },
    {
      "IsNonResource": true,
      "type": "text/html"
    },
    {
      "IsNonResource": false,
      "type": "text/css"
    },
    {
      "IsNonResource": false,
      "type": "image/x-icon"
    },
    {
      "IsNonResource": false,
      "type": "image/png"
    },
    {
      "IsNonResource": false,
      "type": "image/jpeg"
    },
    {
      "IsNonResource": false,
      "type": "image/gif"
    },
    {
      "IsNonResource": false,
      "type": "font/woff2"
    },
    {
      "IsNonResource": false,
      "type": "font/woff"
    },
    {
      "IsNonResource": true,
      "type": "application/json"
    },
    {
      "IsNonResource": false,
      "type": "application/javascript"
    }
  ],
  "GeneralInfo": {
    "BrowserVersion": "",
    "IsWinInetMode": false,
    "MaxUsedConnections": 25,
    "RecordedBrowser": "Firefox",
    "RecordingDate": "Jan-19-2020",
    "RecordingDuration": 283875,
    "RecordingMode": "N/A",
    "RecordingTimeStamp": 1579450828,
    "RecordingType": "Browser",
    "TotalBytesReceived": 2791883,
    "TotalBytesSent": 85636,
    "TotalRequests": 190,
    "UserAgent": "Mozilla/5.0 (Windows NT 10.0; Win64; x64; rv:72.0) Gecko/20100101 Firefox/72.0"
  },
  "HostInfo": [
    {
      "DomainName": "firefox.com",
      "Domains": [
        {
          "HTTPVersion": "HTTP/1.1",
          "IP": "184.86.250.103",
          "IncludeInScript": true,
          "Name": "detectportal.firefox.com",
          "Port": 80,
          "Requests": [
            {
              "CompressionType": "",
              "DataType": "text/plain",
              "DownloadTime": 93,
              "EventId": 1522,
              "HttpStatus": 200,
              "Size": 8,
              "URL": "http://detectportal.firefox.com/success.txt?ipv4"
            },
            {
              "CompressionType": "",
              "DataType": "text/plain",
              "DownloadTime": 172,
              "EventId": 1498,
              "HttpStatus": 200,
              "Size": 8,
              "URL": "http://detectportal.firefox.com/success.txt"
            },
            {
              "CompressionType": "",
              "DataType": "text/plain",
              "DownloadTime": 109,
              "EventId": 1492,
              "HttpStatus": 200,
              "Size": 8,
              "URL": "http://detectportal.firefox.com/success.txt?ipv4"
            },
            {
              "CompressionType": "",
              "DataType": "text/plain",
              "DownloadTime": 187,
              "EventId": 1477,
              "HttpStatus": 200,
              "Size": 8,
              "URL": "http://detectportal.firefox.com/success.txt"
            },
            {
              "CompressionType": "",
              "DataType": "text/plain",
              "DownloadTime": 94,
              "EventId": 1405,
              "HttpStatus": 200,
              "Size": 8,
              "URL": "http://detectportal.firefox.com/success.txt?ipv4"
            },
            {
              "CompressionType": "",
              "DataType": "text/plain",
              "DownloadTime": 94,
              "EventId": 1373,
              "HttpStatus": 200,
              "Size": 8,
              "URL": "http://detectportal.firefox.com/success.txt"
            },
            {
              "CompressionType": "",
              "DataType": "text/plain",
              "DownloadTime": 109,
              "EventId": 1244,
              "HttpStatus": 200,
              "Size": 8,
              "URL": "http://detectportal.firefox.com/success.txt?ipv4"
            },
            {
              "CompressionType": "",
              "DataType": "text/plain",
              "DownloadTime": 125,
              "EventId": 1228,
              "HttpStatus": 200,
              "Size": 8,
              "URL": "http://detectportal.firefox.com/success.txt"
            },
            {
              "CompressionType": "",
              "DataType": "text/plain",
              "DownloadTime": 125,
              "EventId": 886,
              "HttpStatus": 200,
              "Size": 8,
              "URL": "http://detectportal.firefox.com/success.txt?ipv4"
            },
            {
              "CompressionType": "",
              "DataType": "text/plain",
              "DownloadTime": 140,
              "EventId": 870,
              "HttpStatus": 200,
              "Size": 8,
              "URL": "http://detectportal.firefox.com/success.txt"
            },
            {
              "CompressionType": "",
              "DataType": "text/plain",
              "DownloadTime": 110,
              "EventId": 847,
              "HttpStatus": 200,
              "Size": 8,
              "URL": "http://detectportal.firefox.com/success.txt?ipv4"
            },
            {
              "CompressionType": "",
              "DataType": "text/plain",
              "DownloadTime": 156,
              "EventId": 829,
              "HttpStatus": 200,
              "Size": 8,
              "URL": "http://detectportal.firefox.com/success.txt"
            },
            {
              "CompressionType": "",
              "DataType": "text/plain",
              "DownloadTime": 109,
              "EventId": 798,
              "HttpStatus": 200,
              "Size": 8,
              "URL": "http://detectportal.firefox.com/success.txt?ipv4"
            },
            {
              "CompressionType": "",
              "DataType": "text/plain",
              "DownloadTime": 125,
              "EventId": 784,
              "HttpStatus": 200,
              "Size": 8,
              "URL": "http://detectportal.firefox.com/success.txt"
            },
            {
              "CompressionType": "",
              "DataType": "text/plain",
              "DownloadTime": 125,
              "EventId": 752,
              "HttpStatus": 200,
              "Size": 8,
              "URL": "http://detectportal.firefox.com/success.txt?ipv4"
            },
            {
              "CompressionType": "",
              "DataType": "text/plain",
              "DownloadTime": 141,
              "EventId": 714,
              "HttpStatus": 200,
              "Size": 8,
              "URL": "http://detectportal.firefox.com/success.txt"
            },
            {
              "CompressionType": "",
              "DataType": "text/plain",
              "DownloadTime": 125,
              "EventId": 643,
              "HttpStatus": 200,
              "Size": 8,
              "URL": "http://detectportal.firefox.com/success.txt?ipv4"
            },
            {
              "CompressionType": "",
              "DataType": "text/plain",
              "DownloadTime": 109,
              "EventId": 620,
              "HttpStatus": 200,
              "Size": 8,
              "URL": "http://detectportal.firefox.com/success.txt"
            },
            {
              "CompressionType": "",
              "DataType": "text/plain",
              "DownloadTime": 110,
              "EventId": 589,
              "HttpStatus": 200,
              "Size": 8,
              "URL": "http://detectportal.firefox.com/success.txt?ipv4"
            },
            {
              "CompressionType": "",
              "DataType": "text/plain",
              "DownloadTime": 94,
              "EventId": 541,
              "HttpStatus": 200,
              "Size": 8,
              "URL": "http://detectportal.firefox.com/success.txt"
            },
            {
              "CompressionType": "",
              "DataType": "text/plain",
              "DownloadTime": 156,
              "EventId": 507,
              "HttpStatus": 200,
              "Size": 8,
              "URL": "http://detectportal.firefox.com/success.txt?ipv4"
            },
            {
              "CompressionType": "",
              "DataType": "text/plain",
              "DownloadTime": 94,
              "EventId": 485,
              "HttpStatus": 200,
              "Size": 8,
              "URL": "http://detectportal.firefox.com/success.txt"
            },
            {
              "CompressionType": "",
              "DataType": "text/plain",
              "DownloadTime": 203,
              "EventId": 409,
              "HttpStatus": 200,
              "Size": 8,
              "URL": "http://detectportal.firefox.com/success.txt?ipv4"
            },
            {
              "CompressionType": "",
              "DataType": "text/plain",
              "DownloadTime": 94,
              "EventId": 377,
              "HttpStatus": 200,
              "Size": 8,
              "URL": "http://detectportal.firefox.com/success.txt"
            },
            {
              "CompressionType": "",
              "DataType": "text/plain",
              "DownloadTime": 203,
              "EventId": 160,
              "HttpStatus": 200,
              "Size": 8,
              "URL": "http://detectportal.firefox.com/success.txt"
            }
          ],
          "SSLCipher": "None",
          "SSLVersion": "None"
        }
      ],
      "IncludeInScript": true
    },
    {
      "DomainName": "10.100.22.24",
      "Domains": [
        {
          "HTTPVersion": "HTTP/1.1",
          "IP": "10.100.22.24",
          "IncludeInScript": true,
          "Name": "10.100.22.24",
          "Port": 8181,
          "Requests": [
            {
              "CompressionType": "",
              "DataType": "text/html",
              "DownloadTime": 282,
              "EventId": 1506,
              "HttpStatus": 200,
              "Size": 2397,
              "URL": "http://10.100.22.24:8181/signal/login/auth"
            },
            {
              "CompressionType": "",
              "DataType": "",
              "DownloadTime": 281,
              "EventId": 1481,
              "HttpStatus": 302,
              "Size": 0,
              "URL": "http://10.100.22.24:8181/signal/logoff"
            },
            {
              "CompressionType": "",
              "DataType": "",
              "DownloadTime": 265,
              "EventId": 1458,
              "HttpStatus": 302,
              "Size": 0,
              "URL": "http://10.100.22.24:8181/signal/logout/index"
            },
            {
              "CompressionType": "",
              "DataType": "application/json",
              "DownloadTime": 687,
              "EventId": 1450,
              "HttpStatus": 200,
              "Size": 26320,
              "URL": "http://10.100.22.24:8181/signal/inboxLog/forUser/8877?_=1579451090951"
            },
            {
              "CompressionType": "",
              "DataType": "application/json",
              "DownloadTime": 640,
              "EventId": 1446,
              "HttpStatus": 200,
              "Size": 26320,
              "URL": "http://10.100.22.24:8181/signal/inboxLog/forUser/8877?_=1579451090950"
            },
            {
              "CompressionType": "",
              "DataType": "",
              "DownloadTime": 484,
              "EventId": 1444,
              "HttpStatus": 101,
              "Size": 0,
              "URL": "http://10.100.22.24:8181/signal/stomp/464/b_f2iay1/websocket"
            },
            {
              "CompressionType": "",
              "DataType": "application/json",
              "DownloadTime": 297,
              "EventId": 1440,
              "HttpStatus": 200,
              "Size": 50,
              "URL": "http://10.100.22.24:8181/signal/configurationRest/executionStatus?draw=1&columns%5B0%5D%5Bdata%5D=name&columns%5B0%5D%5Bname%5D=&columns%5B0%5D%5Bsearchable%5D=true&columns%5B0%5D%5Borderable%5D=true&columns%5B0%5D%5Bsearch%5D%5Bvalue%5D=&columns%5B0%5D%5Bsearch%5D%5Bregex%5D=false&columns%5B1%5D%5Bdata%5D=alertType&columns%5B1%5D%5Bname%5D=&columns%5B1%5D%5Bsearchable%5D=true&columns%5B1%5D%5Borderable%5D=false&columns%5B1%5D%5Bsearch%5D%5Bvalue%5D=&columns%5B1%5D%5Bsearch%5D%5Bregex%5D=false&columns%5B2%5D%5Bdata%5D=frequency&columns%5B2%5D%5Bname%5D=&columns%5B2%5D%5Bsearchable%5D=true&columns%5B2%5D%5Borderable%5D=false&columns%5B2%5D%5Bsearch%5D%5Bvalue%5D=&columns%5B2%5D%5Bsearch%5D%5Bregex%5D=false&columns%5B3%5D%5Bdata%5D=runDate&columns%5B3%5D%5Bname%5D=&columns%5B3%5D%5Bsearchable%5D=true&columns%5B3%5D%5Borderable%5D=true&columns%5B3%5D%5Bsearch%5D%5Bvalue%5D=&columns%5B3%5D%5Bsearch%5D%5Bregex%5D=false&columns%5B4%5D%5Bdata%5D=executionTime&columns%5B4%5D%5Bname%5D=&columns%5B4%5D%5Bsearchable%5D=true&columns%5B4%5D%5Borderable%5D=false&columns%5B4%5D%5Bsearch%5D%5Bvalue%5D=&columns%5B4%5D%5Bsearch%5D%5Bregex%5D=false&columns%5B5%5D%5Bdata%5D=owner&columns%5B5%5D%5Bname%5D=&columns%5B5%5D%5Bsearchable%5D=true&columns%5B5%5D%5Borderable%5D=true&columns%5B5%5D%5Bsearch%5D%5Bvalue%5D=&columns%5B5%5D%5Bsearch%5D%5Bregex%5D=false&columns%5B6%5D%5Bdata%5D=executionStatus&columns%5B6%5D%5Bname%5D=&columns%5B6%5D%5Bsearchable%5D=true&columns%5B6%5D%5Borderable%5D=false&columns%5B6%5D%5Bsearch%5D%5Bvalue%5D=&columns%5B6%5D%5Bsearch%5D%5Bregex%5D=false&order%5B0%5D%5Bcolumn%5D=3&order%5B0%5D%5Bdir%5D=desc&start=0&length=50&search%5Bvalue%5D=&search%5Bregex%5D=false&searchString=&direction=desc&sort=runDate&status=GENERATING&alertType=LITERATURE_SEARCH_ALERT&_=1579451090949"
            },
            {
              "CompressionType": "",
              "DataType": "application/json",
              "DownloadTime": 672,
              "EventId": 1438,
              "HttpStatus": 200,
              "Size": 26309,
              "URL": "http://10.100.22.24:8181/signal/inboxLog/forUser/8877?_=1579451090948"
            },
            {
              "CompressionType": "",
              "DataType": "application/json",
              "DownloadTime": 281,
              "EventId": 1434,
              "HttpStatus": 200,
              "Size": 78,
              "URL": "http://10.100.22.24:8181/signal/stomp/info"
            },
            {
              "CompressionType": "gzip",
              "DataType": "application/json",
              "DownloadTime": 281,
              "EventId": 1432,
              "HttpStatus": 200,
              "Size": 387,
              "URL": "http://10.100.22.24:8181/signal/assets/i18n/dataTables_en.json"
            },
            {
              "CompressionType": "gzip",
              "DataType": "text/css",
              "DownloadTime": 813,
              "EventId": 1430,
              "HttpStatus": 200,
              "Size": 12207,
              "URL": "http://10.100.22.24:8181/signal/assets/fuelux-6f987968c570ff7348ebf0d29c49fdbe.css"
            },
            {
              "CompressionType": "gzip",
              "DataType": "application/javascript",
              "DownloadTime": 782,
              "EventId": 1426,
              "HttpStatus": 200,
              "Size": 30146,
              "URL": "http://10.100.22.24:8181/signal/assets/fuelux/fuelux-f9b4ad7ab3a7ffc6f349ea76f519d981.js"
            },
            {
              "CompressionType": "gzip",
              "DataType": "text/css",
              "DownloadTime": 547,
              "EventId": 1424,
              "HttpStatus": 200,
              "Size": 280,
              "URL": "http://10.100.22.24:8181/signal/assets/executionStatus-e35e74007b0b5422a22b611690365bff.css"
            },
            {
              "CompressionType": "gzip",
              "DataType": "application/javascript",
              "DownloadTime": 516,
              "EventId": 1422,
              "HttpStatus": 200,
              "Size": 263,
              "URL": "http://10.100.22.24:8181/signal/assets/app/pvs/dataTablesActionButtons-50a104b30cb3aa5d21eb1f1f33f1d835.js"
            },
            {
              "CompressionType": "gzip",
              "DataType": "application/javascript",
              "DownloadTime": 266,
              "EventId": 1420,
              "HttpStatus": 200,
              "Size": 1835,
              "URL": "http://10.100.22.24:8181/signal/assets/app/pvs/configuration/executionStatus-8725fcdfa337d82dd022ca3ec2bde5f2.js"
            },
            {
              "CompressionType": "",
              "DataType": "text/html",
              "DownloadTime": 875,
              "EventId": 1407,
              "HttpStatus": 200,
              "Size": 39017,
              "URL": "http://10.100.22.24:8181/signal/configuration/executionStatus?alertType=LITERATURE_SEARCH_ALERT"
            },
            {
              "CompressionType": "",
              "DataType": "",
              "DownloadTime": 500,
              "EventId": 1371,
              "HttpStatus": 302,
              "Size": 0,
              "URL": "http://10.100.22.24:8181/signal/literatureAlert/run"
            },
            {
              "CompressionType": "",
              "DataType": "application/json",
              "DownloadTime": 719,
              "EventId": 1365,
              "HttpStatus": 200,
              "Size": 26309,
              "URL": "http://10.100.22.24:8181/signal/inboxLog/forUser/8877?_=1579451032495"
            },
            {
              "CompressionType": "",
              "DataType": "application/json",
              "DownloadTime": 657,
              "EventId": 1361,
              "HttpStatus": 200,
              "Size": 26309,
              "URL": "http://10.100.22.24:8181/signal/inboxLog/forUser/8877?_=1579451032494"
            },
            {
              "CompressionType": "",
              "DataType": "application/json",
              "DownloadTime": 328,
              "EventId": 1359,
              "HttpStatus": 200,
              "Size": 80,
              "URL": "http://10.100.22.24:8181/signal/user/searchUserGroupList?term=bha&max=10&lang=en"
            },
            {
              "CompressionType": "",
              "DataType": "application/json",
              "DownloadTime": 562,
              "EventId": 1357,
              "HttpStatus": 200,
              "Size": 143,
              "URL": "http://10.100.22.24:8181/signal/user/searchUserGroupList?term=bh&max=10&lang=en"
            },
            {
              "CompressionType": "",
              "DataType": "application/json",
              "DownloadTime": 344,
              "EventId": 1352,
              "HttpStatus": 200,
              "Size": 560,
              "URL": "http://10.100.22.24:8181/signal/user/searchUserGroupList?max=10&lang=en"
            },
            {
              "CompressionType": "",
              "DataType": "application/json",
              "DownloadTime": 250,
              "EventId": 1350,
              "HttpStatus": 200,
              "Size": 2,
              "URL": "http://10.100.22.24:8181/signal/eventDictionary/getPreLevelEventParents"
            },
            {
              "CompressionType": "",
              "DataType": "application/json",
              "DownloadTime": 281,
              "EventId": 1346,
              "HttpStatus": 200,
              "Size": 171,
              "URL": "http://10.100.22.24:8181/signal/eventDictionary/getPreLevelEventParents"
            },
            {
              "CompressionType": "",
              "DataType": "application/json",
              "DownloadTime": 266,
              "EventId": 1344,
              "HttpStatus": 200,
              "Size": 156,
              "URL": "http://10.100.22.24:8181/signal/eventDictionary/getPreLevelEventParents"
            },
            {
              "CompressionType": "",
              "DataType": "application/json",
              "DownloadTime": 297,
              "EventId": 1342,
              "HttpStatus": 200,
              "Size": 152,
              "URL": "http://10.100.22.24:8181/signal/eventDictionary/getPreLevelEventParents"
            },
            {
              "CompressionType": "",
              "DataType": "application/json",
              "DownloadTime": 281,
              "EventId": 1340,
              "HttpStatus": 200,
              "Size": 2537,
              "URL": "http://10.100.22.24:8181/signal/eventDictionary/getSelectedEvent?eventId=10003553&dataSource=pva&dictionaryLevel=4&currentLang=en"
            },
            {
              "CompressionType": "",
              "DataType": "application/json",
              "DownloadTime": 343,
              "EventId": 1335,
              "HttpStatus": 200,
              "Size": 1251,
              "URL": "http://10.100.22.24:8181/signal/eventDictionary/searchEvents"
            },
            {
              "CompressionType": "",
              "DataType": "application/json",
              "DownloadTime": 688,
              "EventId": 1331,
              "HttpStatus": 200,
              "Size": 26309,
              "URL": "http://10.100.22.24:8181/signal/inboxLog/forUser/8877?_=1579451032493"
            },
            {
              "CompressionType": "gzip",
              "DataType": "application/javascript",
              "DownloadTime": 297,
              "EventId": 1328,
              "HttpStatus": 200,
              "Size": 5250,
              "URL": "http://10.100.22.24:8181/signal/assets/plugin/dictionary/column-view-lib-bd7bc6ac60142802df527fb4fdd3a579.js"
            },
            {
              "CompressionType": "gzip",
              "DataType": "text/html",
              "DownloadTime": 297,
              "EventId": 1325,
              "HttpStatus": 200,
              "Size": 4251,
              "URL": "http://10.100.22.24:8181/signal/assets/plugin/dictionary/polymer-micro.html"
            },
            {
              "CompressionType": "gzip",
              "DataType": "text/html",
              "DownloadTime": 281,
              "EventId": 1322,
              "HttpStatus": 200,
              "Size": 8921,
              "URL": "http://10.100.22.24:8181/signal/assets/plugin/dictionary/polymer-mini.html"
            },
            {
              "CompressionType": "gzip",
              "DataType": "text/html",
              "DownloadTime": 516,
              "EventId": 1319,
              "HttpStatus": 200,
              "Size": 25982,
              "URL": "http://10.100.22.24:8181/signal/assets/plugin/dictionary/polymer.html"
            },
            {
              "CompressionType": "",
              "DataType": "",
              "DownloadTime": 469,
              "EventId": 1317,
              "HttpStatus": 101,
              "Size": 0,
              "URL": "http://10.100.22.24:8181/signal/stomp/612/2rhffwbr/websocket"
            },
            {
              "CompressionType": "",
              "DataType": "application/json",
              "DownloadTime": 703,
              "EventId": 1313,
              "HttpStatus": 200,
              "Size": 26309,
              "URL": "http://10.100.22.24:8181/signal/inboxLog/forUser/8877?_=1579451032492"
            },
            {
              "CompressionType": "gzip",
              "DataType": "text/html",
              "DownloadTime": 281,
              "EventId": 1309,
              "HttpStatus": 200,
              "Size": 1985,
              "URL": "http://10.100.22.24:8181/signal/assets/plugin/dictionary/column-view-64c0085c608464f4a6f66e33d985ae27.html"
            },
            {
              "CompressionType": "",
              "DataType": "application/json",
              "DownloadTime": 250,
              "EventId": 1307,
              "HttpStatus": 200,
              "Size": 77,
              "URL": "http://10.100.22.24:8181/signal/stomp/info"
            },
            {
              "CompressionType": "",
              "DataType": "image/jpeg",
              "DownloadTime": 266,
              "EventId": 1303,
              "HttpStatus": 200,
              "Size": 1550,
              "URL": "http://10.100.22.24:8181/signal/assets/pv-btn-bg3-1e05f4eeb9f3efb885b2c05a0bea4ab4.jpg"
            },
            {
              "CompressionType": "",
              "DataType": "image/gif",
              "DownloadTime": 282,
              "EventId": 1301,
              "HttpStatus": 200,
              "Size": 1849,
              "URL": "http://10.100.22.24:8181/signal/assets/select2-spinner-7b9776076d5fceef4993b55c9383dedd.gif"
            },
            {
              "CompressionType": "gzip",
              "DataType": "application/javascript",
              "DownloadTime": 282,
              "EventId": 1299,
              "HttpStatus": 200,
              "Size": 320,
              "URL": "http://10.100.22.24:8181/signal/assets/plugin/dictionary/studyCompounds-d1264ac301b89c2be214faf502830ceb.js"
            },
            {
              "CompressionType": "gzip",
              "DataType": "application/javascript",
              "DownloadTime": 343,
              "EventId": 1297,
              "HttpStatus": 200,
              "Size": 348,
              "URL": "http://10.100.22.24:8181/signal/assets/plugin/dictionary/studyDrugs-9650caca7b2eaad47de57af7bbefe066.js"
            },
            {
              "CompressionType": "gzip",
              "DataType": "application/javascript",
              "DownloadTime": 344,
              "EventId": 1295,
              "HttpStatus": 200,
              "Size": 4524,
              "URL": "http://10.100.22.24:8181/signal/assets/plugin/dictionary/dictionaries-28bdb28ccc79e1b54cfb9c2a829ce561.js"
            },
            {
              "CompressionType": "gzip",
              "DataType": "application/javascript",
              "DownloadTime": 328,
              "EventId": 1293,
              "HttpStatus": 200,
              "Size": 529,
              "URL": "http://10.100.22.24:8181/signal/assets/plugin/dictionary/productDictionary-eeaadfef73b9e8aa3d5bbccd020fbe0e.js"
            },
            {
              "CompressionType": "gzip",
              "DataType": "text/css",
              "DownloadTime": 297,
              "EventId": 1291,
              "HttpStatus": 200,
              "Size": 920,
              "URL": "http://10.100.22.24:8181/signal/assets/plugin/dictionary/dictionaries-a389940428e37a7d9156a6bb1e25e277.css"
            },
            {
              "CompressionType": "gzip",
              "DataType": "text/css",
              "DownloadTime": 313,
              "EventId": 1289,
              "HttpStatus": 200,
              "Size": 494,
              "URL": "http://10.100.22.24:8181/signal/assets/configuration-a161b5c4d73be3b8064380a1a3b2d4cc.css"
            },
            {
              "CompressionType": "gzip",
              "DataType": "text/css",
              "DownloadTime": 313,
              "EventId": 1287,
              "HttpStatus": 200,
              "Size": 496,
              "URL": "http://10.100.22.24:8181/signal/assets/copyPasteModal-23c4a55ddeb74fe71b7e63fa6978b420.css"
            },
            {
              "CompressionType": "gzip",
              "DataType": "application/javascript",
              "DownloadTime": 281,
              "EventId": 1285,
              "HttpStatus": 200,
              "Size": 592,
              "URL": "http://10.100.22.24:8181/signal/assets/app/pvs/configuration/dictionaryMultiSearch-0c56737ef3e5624d8c3dc9c884e3ac04.js"
            },
            {
              "CompressionType": "gzip",
              "DataType": "application/javascript",
              "DownloadTime": 500,
              "EventId": 1283,
              "HttpStatus": 200,
              "Size": 1926,
              "URL": "http://10.100.22.24:8181/signal/assets/app/pvs/configuration/copyPasteValues-dd8a34b0c3cea622c5bf12b4b7b0747e.js"
            },
            {
              "CompressionType": "gzip",
              "DataType": "application/javascript",
              "DownloadTime": 500,
              "EventId": 1281,
              "HttpStatus": 200,
              "Size": 90,
              "URL": "http://10.100.22.24:8181/signal/assets/app/pvs/disableAutocomplete-4b64c67585270722b33b13c06f9e5327.js"
            },
            {
              "CompressionType": "gzip",
              "DataType": "application/javascript",
              "DownloadTime": 515,
              "EventId": 1279,
              "HttpStatus": 200,
              "Size": 1268,
              "URL": "http://10.100.22.24:8181/signal/assets/app/pvs/literatureSearch/dateRangeLiterature-c3b0611a9416ab79b58c7a10d4e88796.js"
            },
            {
              "CompressionType": "gzip",
              "DataType": "application/javascript",
              "DownloadTime": 500,
              "EventId": 1277,
              "HttpStatus": 200,
              "Size": 1007,
              "URL": "http://10.100.22.24:8181/signal/assets/app/pvs/configuration/configurationCommon-f8f219758a6f70b184f12e4897ae1571.js"
            },
            {
              "CompressionType": "gzip",
              "DataType": "application/javascript",
              "DownloadTime": 500,
              "EventId": 1275,
              "HttpStatus": 200,
              "Size": 973,
              "URL": "http://10.100.22.24:8181/signal/assets/app/pvs/scheduler-82d3be00264ea2ea812cb92114db899e.js"
            },
            {
              "CompressionType": "gzip",
              "DataType": "application/javascript",
              "DownloadTime": 313,
              "EventId": 1273,
              "HttpStatus": 200,
              "Size": 890,
              "URL": "http://10.100.22.24:8181/signal/assets/app/pvs/alert_utils/dictionary-utils-b1fcdae2ebabda73b7bf23a9cc971c24.js"
            },
            {
              "CompressionType": "",
              "DataType": "text/html",
              "DownloadTime": 1328,
              "EventId": 1247,
              "HttpStatus": 200,
              "Size": 217202,
              "URL": "http://10.100.22.24:8181/signal/literatureAlert/create"
            },
            {
              "CompressionType": "",
              "DataType": "application/json",
              "DownloadTime": 687,
              "EventId": 1194,
              "HttpStatus": 200,
              "Size": 26309,
              "URL": "http://10.100.22.24:8181/signal/inboxLog/forUser/8877?_=1579450976721"
            },
            {
              "CompressionType": "",
              "DataType": "application/json",
              "DownloadTime": 703,
              "EventId": 1189,
              "HttpStatus": 200,
              "Size": 26309,
              "URL": "http://10.100.22.24:8181/signal/inboxLog/forUser/8877?_=1579450976720"
            },
            {
              "CompressionType": "",
              "DataType": "application/json",
              "DownloadTime": 10844,
              "EventId": 1183,
              "HttpStatus": 200,
              "Size": 256,
              "URL": "http://10.100.22.24:8181/signal/dashboard/getProductByStatus?type=Single%20Case%20Alert&_=1579450976714"
            },
            {
              "CompressionType": "",
              "DataType": "application/json",
              "DownloadTime": 8765,
              "EventId": 1181,
              "HttpStatus": 200,
              "Size": 147,
              "URL": "http://10.100.22.24:8181/signal/dashboard/alertByDueDate?_=1579450976713"
            },
            {
              "CompressionType": "",
              "DataType": "application/json",
              "DownloadTime": 4813,
              "EventId": 1179,
              "HttpStatus": 200,
              "Size": 73,
              "URL": "http://10.100.22.24:8181/signal/dashboard/caseByStatus?_=1579450976710"
            },
            {
              "CompressionType": "",
              "DataType": "application/json",
              "DownloadTime": 4343,
              "EventId": 1177,
              "HttpStatus": 200,
              "Size": 85,
              "URL": "http://10.100.22.24:8181/signal/dashboard/sideBar?_=1579450976709"
            },
            {
              "CompressionType": "",
              "DataType": "",
              "DownloadTime": 469,
              "EventId": 1175,
              "HttpStatus": 101,
              "Size": 5,
              "URL": "http://10.100.22.24:8181/signal/stomp/778/79480rp_/websocket"
            },
            {
              "CompressionType": "gzip",
              "DataType": "image/x-icon",
              "DownloadTime": 282,
              "EventId": 1173,
              "HttpStatus": 200,
              "Size": 537,
              "URL": "http://10.100.22.24:8181/signal/assets/favicon-2ba00fd40faca3ac3c2e810a7412bceb.ico"
            },
            {
              "CompressionType": "",
              "DataType": "application/json",
              "DownloadTime": 1766,
              "EventId": 1166,
              "HttpStatus": 200,
              "Size": 36817,
              "URL": "http://10.100.22.24:8181/signal/dashboard/signalList?_=1579450976718"
            },
            {
              "CompressionType": "",
              "DataType": "",
              "DownloadTime": 250,
              "EventId": 1164,
              "HttpStatus": 404,
              "Size": 0,
              "URL": "http://10.100.22.24:8181/signal/assets/apple-touch-icon-retina.png"
            },
            {
              "CompressionType": "",
              "DataType": "application/json",
              "DownloadTime": 407,
              "EventId": 1162,
              "HttpStatus": 200,
              "Size": 466,
              "URL": "http://10.100.22.24:8181/signal/dashboard/actionList?_=1579450976719"
            },
            {
              "CompressionType": "",
              "DataType": "application/json",
              "DownloadTime": 953,
              "EventId": 1159,
              "HttpStatus": 200,
              "Size": 13066,
              "URL": "http://10.100.22.24:8181/signal/dashboard/alertList?_=1579450976717"
            },
            {
              "CompressionType": "",
              "DataType": "application/json",
              "DownloadTime": 297,
              "EventId": 1157,
              "HttpStatus": 200,
              "Size": 79,
              "URL": "http://10.100.22.24:8181/signal/stomp/info"
            },
            {
              "CompressionType": "",
              "DataType": "application/json",
              "DownloadTime": 312,
              "EventId": 1155,
              "HttpStatus": 200,
              "Size": 744,
              "URL": "http://10.100.22.24:8181/signal/calendar/events"
            },
            {
              "CompressionType": "",
              "DataType": "application/json",
              "DownloadTime": 359,
              "EventId": 1151,
              "HttpStatus": 200,
              "Size": 26309,
              "URL": "http://10.100.22.24:8181/signal/inboxLog/forUser/8877?_=1579450976716"
            },
            {
              "CompressionType": "",
              "DataType": "application/json",
              "DownloadTime": 375,
              "EventId": 1149,
              "HttpStatus": 200,
              "Size": 167,
              "URL": "http://10.100.22.24:8181/signal/dashboard/getProductByStatus?type=Aggregate%20Case%20Alert&_=1579450976715"
            },
            {
              "CompressionType": "",
              "DataType": "font/woff2",
              "DownloadTime": 985,
              "EventId": 1136,
              "HttpStatus": 200,
              "Size": 169440,
              "URL": "http://10.100.22.24:8181/signal/assets/mdi-fonts/fonts/materialdesignicons-webfont-d1bdfb3838e2f78edf1ede85f56eabc9.woff2?v=3.2.89"
            },
            {
              "CompressionType": "",
              "DataType": "application/json",
              "DownloadTime": 328,
              "EventId": 1134,
              "HttpStatus": 200,
              "Size": 2,
              "URL": "http://10.100.22.24:8181/signal/dashboard/ahaByStatus?_=1579450976712"
            },
            {
              "CompressionType": "",
              "DataType": "application/json",
              "DownloadTime": 390,
              "EventId": 1132,
              "HttpStatus": 200,
              "Size": 37,
              "URL": "http://10.100.22.24:8181/signal/dashboard/aggAlertByStatus?_=1579450976711"
            },
            {
              "CompressionType": "",
              "DataType": "font/woff2",
              "DownloadTime": 750,
              "EventId": 1125,
              "HttpStatus": 200,
              "Size": 77160,
              "URL": "http://10.100.22.24:8181/signal/assets/fontawesome-webfont-af7ae505a9eed503f8b8e6982036873e.woff2?v=4.7.0"
            },
            {
              "CompressionType": "",
              "DataType": "text/html",
              "DownloadTime": 281,
              "EventId": 1123,
              "HttpStatus": 404,
              "Size": 1112,
              "URL": "http://10.100.22.24:8181/assets/i18n/dataTables_en.json"
            },
            {
              "CompressionType": "",
              "DataType": "text/html",
              "DownloadTime": 297,
              "EventId": 1121,
              "HttpStatus": 404,
              "Size": 1112,
              "URL": "http://10.100.22.24:8181/assets/i18n/dataTables_en.json"
            },
            {
              "CompressionType": "",
              "DataType": "text/html",
              "DownloadTime": 250,
              "EventId": 1119,
              "HttpStatus": 404,
              "Size": 1112,
              "URL": "http://10.100.22.24:8181/assets/i18n/dataTables_en.json"
            },
            {
              "CompressionType": "",
              "DataType": "font/woff",
              "DownloadTime": 766,
              "EventId": 1108,
              "HttpStatus": 200,
              "Size": 143628,
              "URL": "http://10.100.22.24:8181/signal/assets/Material-Design-Iconic-Font-a2a1ba89e7f9d29f7d5aee76e8b9f7ab.woff?v=1.0.1"
            },
            {
              "CompressionType": "",
              "DataType": "image/jpeg",
              "DownloadTime": 266,
              "EventId": 1106,
              "HttpStatus": 200,
              "Size": 1606,
              "URL": "http://10.100.22.24:8181/signal/assets/section-hd-bg-8eaf77fc4a1a47c48ca4b2e3d5a96340.jpg"
            },
            {
              "CompressionType": "",
              "DataType": "image/png",
              "DownloadTime": 547,
              "EventId": 1100,
              "HttpStatus": 200,
              "Size": 80381,
              "URL": "http://10.100.22.24:8181/signal/assets/bg2-a39cb4fbdd9436c08ad118995fc95c46.png"
            },
            {
              "CompressionType": "",
              "DataType": "image/png",
              "DownloadTime": 532,
              "EventId": 1094,
              "HttpStatus": 200,
              "Size": 53624,
              "URL": "http://10.100.22.24:8181/signal/assets/left_bg-b4ea12efc891fcaf7bd4c4b3ba9828cf.png"
            },
            {
              "CompressionType": "gzip",
              "DataType": "",
              "DownloadTime": 282,
              "EventId": 1092,
              "HttpStatus": 200,
              "Size": 1246,
              "URL": "http://10.100.22.24:8181/signal/assets/app/pvs/hbs-templates/dashboard_widget.hbs"
            },
            {
              "CompressionType": "",
              "DataType": "font/woff2",
              "DownloadTime": 250,
              "EventId": 1089,
              "HttpStatus": 200,
              "Size": 18028,
              "URL": "http://10.100.22.24:8181/signal/assets/glyphicons-halflings-regular-448c34a56d699c29117adc64c43affeb.woff2"
            },
            {
              "CompressionType": "gzip",
              "DataType": "application/json",
              "DownloadTime": 281,
              "EventId": 1087,
              "HttpStatus": 200,
              "Size": 3106,
              "URL": "http://10.100.22.24:8181/signal/assets/i18n/en.json"
            },
            {
              "CompressionType": "gzip",
              "DataType": "",
              "DownloadTime": 297,
              "EventId": 1085,
              "HttpStatus": 200,
              "Size": 780,
              "URL": "http://10.100.22.24:8181/signal/assets/app/pvs/hbs-templates/date_picker_template.hbs"
            },
            {
              "CompressionType": "gzip",
              "DataType": "application/javascript",
              "DownloadTime": 297,
              "EventId": 1083,
              "HttpStatus": 200,
              "Size": 1398,
              "URL": "http://10.100.22.24:8181/signal/assets/app/jquery.core-9088768891f7d43af5ab8c8d642e5301.js"
            },
            {
              "CompressionType": "gzip",
              "DataType": "application/javascript",
              "DownloadTime": 266,
              "EventId": 1081,
              "HttpStatus": 200,
              "Size": 2019,
              "URL": "http://10.100.22.24:8181/signal/assets/app/jquery.app-1aff8addfae2d2b238c1047c506c75b4.js"
            },
            {
              "CompressionType": "gzip",
              "DataType": "application/javascript",
              "DownloadTime": 266,
              "EventId": 1079,
              "HttpStatus": 200,
              "Size": 1621,
              "URL": "http://10.100.22.24:8181/signal/assets/app/pvs/pushNotification-901fe923ae1e5cbf77d556f25e065418.js"
            },
            {
              "CompressionType": "gzip",
              "DataType": "application/javascript",
              "DownloadTime": 250,
              "EventId": 1077,
              "HttpStatus": 200,
              "Size": 2859,
              "URL": "http://10.100.22.24:8181/signal/assets/app/pvs/calendar-fc6eda81299841e4d5296e64fa1ce858.js"
            },
            {
              "CompressionType": "gzip",
              "DataType": "text/css",
              "DownloadTime": 297,
              "EventId": 1075,
              "HttpStatus": 200,
              "Size": 573,
              "URL": "http://10.100.22.24:8181/signal/assets/vendorUi/fullcalendar.print-b8f18e9775afba153b4abfbc5f9baaf6.css"
            },
            {
              "CompressionType": "gzip",
              "DataType": "text/css",
              "DownloadTime": 266,
              "EventId": 1073,
              "HttpStatus": 200,
              "Size": 3176,
              "URL": "http://10.100.22.24:8181/signal/assets/vendorUi/fullcalendar.min-537e31219634a1a50bfc6c265c08a05f.css"
            },
            {
              "CompressionType": "gzip",
              "DataType": "text/css",
              "DownloadTime": 297,
              "EventId": 1071,
              "HttpStatus": 200,
              "Size": 106,
              "URL": "http://10.100.22.24:8181/signal/assets/workflowModal-8863a855e0d38b1c16a0b929c87a1eb2.css"
            },
            {
              "CompressionType": "gzip",
              "DataType": "text/css",
              "DownloadTime": 266,
              "EventId": 1069,
              "HttpStatus": 200,
              "Size": 1517,
              "URL": "http://10.100.22.24:8181/signal/assets/app/pvs/bootstrap-datetimepicker-c0f52e788c9b52855aeb720838b56db9.css"
            },
            {
              "CompressionType": "gzip",
              "DataType": "text/css",
              "DownloadTime": 281,
              "EventId": 1067,
              "HttpStatus": 200,
              "Size": 1218,
              "URL": "http://10.100.22.24:8181/signal/assets/dashboard-7d6d721454def651262f344c8062d5e4.css"
            },
            {
              "CompressionType": "gzip",
              "DataType": "application/javascript",
              "DownloadTime": 250,
              "EventId": 1064,
              "HttpStatus": 200,
              "Size": 9610,
              "URL": "http://10.100.22.24:8181/signal/assets/app/pvs/date-time/bootstrap-datetimepicker-5aa81b54c1dd973165b56d66567b57d6.js"
            },
            {
              "CompressionType": "gzip",
              "DataType": "application/javascript",
              "DownloadTime": 531,
              "EventId": 1056,
              "HttpStatus": 200,
              "Size": 94906,
              "URL": "http://10.100.22.24:8181/signal/assets/app/pvs/dashboard/dashboard-7c3ebe508164986a823f76e4f031d18c.js"
            },
            {
              "CompressionType": "gzip",
              "DataType": "application/javascript",
              "DownloadTime": 297,
              "EventId": 1054,
              "HttpStatus": 200,
              "Size": 907,
              "URL": "http://10.100.22.24:8181/signal/assets/vendorUi/gridstack/gridstack.jQueryUI.min-4850183e36adcd62a4e2c741ae857fc4.js"
            },
            {
              "CompressionType": "gzip",
              "DataType": "application/javascript",
              "DownloadTime": 312,
              "EventId": 1052,
              "HttpStatus": 200,
              "Size": 8743,
              "URL": "http://10.100.22.24:8181/signal/assets/vendorUi/gridstack/gridstack.min-8243969940fd3f8d9a2116948054084f.js"
            },
            {
              "CompressionType": "gzip",
              "DataType": "text/css",
              "DownloadTime": 282,
              "EventId": 1050,
              "HttpStatus": 200,
              "Size": 2218,
              "URL": "http://10.100.22.24:8181/signal/assets/vendorUi/gridstack.min-82a5fabd01f65ac4b5e87078091be104.css"
            },
            {
              "CompressionType": "gzip",
              "DataType": "application/javascript",
              "DownloadTime": 296,
              "EventId": 1046,
              "HttpStatus": 200,
              "Size": 34179,
              "URL": "http://10.100.22.24:8181/signal/assets/vendorUi/fullcalendar.min-eadac4139211e13292deb9473e638d45.js"
            },
            {
              "CompressionType": "gzip",
              "DataType": "application/javascript",
              "DownloadTime": 281,
              "EventId": 1044,
              "HttpStatus": 200,
              "Size": 664,
              "URL": "http://10.100.22.24:8181/signal/assets/vendorUi/highcharts/modules/no-data-to-display-fc44762af3aab44deb8317659be156a6.js"
            },
            {
              "CompressionType": "gzip",
              "DataType": "application/javascript",
              "DownloadTime": 328,
              "EventId": 1042,
              "HttpStatus": 200,
              "Size": 1618,
              "URL": "http://10.100.22.24:8181/signal/assets/app/pvs/userGroupSelect-553b5ae7ef103ca5f8b7f5bea948eebb.js"
            },
            {
              "CompressionType": "gzip",
              "DataType": "application/javascript",
              "DownloadTime": 313,
              "EventId": 1039,
              "HttpStatus": 200,
              "Size": 2104,
              "URL": "http://10.100.22.24:8181/signal/assets/app/pvs/dashboard/dashboardWidget-24248f37a4de46fe75c68afd1bc9dca6.js"
            },
            {
              "CompressionType": "gzip",
              "DataType": "application/javascript",
              "DownloadTime": 313,
              "EventId": 1037,
              "HttpStatus": 200,
              "Size": 12764,
              "URL": "http://10.100.22.24:8181/signal/assets/spring-websocket-867783f03d5a8005372950a4b8cac2a4.js"
            },
            {
              "CompressionType": "gzip",
              "DataType": "application/javascript",
              "DownloadTime": 297,
              "EventId": 1035,
              "HttpStatus": 200,
              "Size": 1589,
              "URL": "http://10.100.22.24:8181/signal/assets/app/pvs/pvs_app_widget-1f7bb23afecbe0b5fa95eb23984df79b.js"
            },
            {
              "CompressionType": "gzip",
              "DataType": "application/javascript",
              "DownloadTime": 281,
              "EventId": 1033,
              "HttpStatus": 200,
              "Size": 2999,
              "URL": "http://10.100.22.24:8181/signal/assets/app/pvs/actions/actions-512c6421ca405c7eabb6d90acbf71826.js"
            },
            {
              "CompressionType": "gzip",
              "DataType": "application/javascript",
              "DownloadTime": 282,
              "EventId": 1031,
              "HttpStatus": 200,
              "Size": 325,
              "URL": "http://10.100.22.24:8181/signal/assets/app/pvs/menu-e9f9c79de11e89cfb0d2f7ae1cd80554.js"
            },
            {
              "CompressionType": "gzip",
              "DataType": "application/javascript",
              "DownloadTime": 344,
              "EventId": 1029,
              "HttpStatus": 200,
              "Size": 873,
              "URL": "http://10.100.22.24:8181/signal/assets/app/pvs/rxTitleOptions-1279146f661735d9e94cde274342b25c.js"
            },
            {
              "CompressionType": "gzip",
              "DataType": "application/javascript",
              "DownloadTime": 328,
              "EventId": 1027,
              "HttpStatus": 200,
              "Size": 5293,
              "URL": "http://10.100.22.24:8181/signal/assets/vendorUi/datatable/dataTables.buttons.min-99ef2a29fc5b51a6f8f392977c2e34b1.js"
            },
            {
              "CompressionType": "gzip",
              "DataType": "application/javascript",
              "DownloadTime": 297,
              "EventId": 1025,
              "HttpStatus": 200,
              "Size": 412,
              "URL": "http://10.100.22.24:8181/signal/assets/datatables/buttons.bootstrap-acac51d5cf162bd14f44ad66a6f275f5.js"
            },
            {
              "CompressionType": "gzip",
              "DataType": "application/javascript",
              "DownloadTime": 297,
              "EventId": 1022,
              "HttpStatus": 200,
              "Size": 20241,
              "URL": "http://10.100.22.24:8181/signal/assets/vendorUi/waves/waves-2d20efe8b7228bbc963944ac22c9667c.js"
            },
            {
              "CompressionType": "gzip",
              "DataType": "application/javascript",
              "DownloadTime": 313,
              "EventId": 1019,
              "HttpStatus": 200,
              "Size": 5795,
              "URL": "http://10.100.22.24:8181/signal/assets/bootstrap-multiselect/bootstrap-multiselect-7b500966794478e2792eea0659e0aa96.js"
            },
            {
              "CompressionType": "gzip",
              "DataType": "application/javascript",
              "DownloadTime": 313,
              "EventId": 1017,
              "HttpStatus": 200,
              "Size": 11998,
              "URL": "http://10.100.22.24:8181/signal/assets/vendorUi/bower_components/webcomponentsjs/webcomponents-lite-c806470ac3182eedbb9de677fde922de.js"
            },
            {
              "CompressionType": "gzip",
              "DataType": "application/javascript",
              "DownloadTime": 313,
              "EventId": 1013,
              "HttpStatus": 200,
              "Size": 21231,
              "URL": "http://10.100.22.24:8181/signal/assets/vendorUi/handlebar/handlebars-v4.0.5-8ad4263f81c714ada4985affb687f12b.js"
            },
            {
              "CompressionType": "gzip",
              "DataType": "application/javascript",
              "DownloadTime": 297,
              "EventId": 1011,
              "HttpStatus": 200,
              "Size": 309,
              "URL": "http://10.100.22.24:8181/signal/assets/vendorUi/jquery.ba-throttle-debounce-876f6988f0a240fd9c49f09c5d71b994.js"
            },
            {
              "CompressionType": "gzip",
              "DataType": "application/javascript",
              "DownloadTime": 313,
              "EventId": 1009,
              "HttpStatus": 200,
              "Size": 3007,
              "URL": "http://10.100.22.24:8181/signal/assets/vendorUi/bootstrap-switch/bootstrap-switch-732d14990dba7f4fff6b5b441177c905.js"
            },
            {
              "CompressionType": "gzip",
              "DataType": "application/javascript",
              "DownloadTime": 250,
              "EventId": 1007,
              "HttpStatus": 200,
              "Size": 1404,
              "URL": "http://10.100.22.24:8181/signal/assets/common/jquery.core-2f63ea2ce21973031b9685e36eba0731.js"
            },
            {
              "CompressionType": "gzip",
              "DataType": "application/javascript",
              "DownloadTime": 312,
              "EventId": 1005,
              "HttpStatus": 200,
              "Size": 2681,
              "URL": "http://10.100.22.24:8181/signal/assets/vendorUi/waypoints/lib/jquery.waypoints.min-4471999ef1b83a94d41d3cebb887c349.js"
            },
            {
              "CompressionType": "gzip",
              "DataType": "application/javascript",
              "DownloadTime": 297,
              "EventId": 1003,
              "HttpStatus": 200,
              "Size": 579,
              "URL": "http://10.100.22.24:8181/signal/assets/vendorUi/counterup/jquery.counterup.min-86f52f47d4c325261bf7d36b09dcf216.js"
            },
            {
              "CompressionType": "gzip",
              "DataType": "application/javascript",
              "DownloadTime": 312,
              "EventId": 1001,
              "HttpStatus": 200,
              "Size": 1156,
              "URL": "http://10.100.22.24:8181/signal/assets/vendorUi/bootstrapUploader/bootstrap-uploader-265e387a3ec58973abdfae04a79862b2.js"
            },
            {
              "CompressionType": "gzip",
              "DataType": "application/javascript",
              "DownloadTime": 312,
              "EventId": 999,
              "HttpStatus": 200,
              "Size": 5189,
              "URL": "http://10.100.22.24:8181/signal/assets/vendorUi/sweet-alert/sweet-alert.min-792598f1e6bac9b4f7cc6f060ae6b454.js"
            },
            {
              "CompressionType": "gzip",
              "DataType": "application/javascript",
              "DownloadTime": 313,
              "EventId": 997,
              "HttpStatus": 200,
              "Size": 355,
              "URL": "http://10.100.22.24:8181/signal/assets/vendorUi/notifications/notify-metro-9a1cf25a956b601aedd486c779986df7.js"
            },
            {
              "CompressionType": "gzip",
              "DataType": "application/javascript",
              "DownloadTime": 266,
              "EventId": 995,
              "HttpStatus": 200,
              "Size": 84,
              "URL": "http://10.100.22.24:8181/signal/assets/vendorUi/sweet-alert/rx-notify-db0528274130516c271389cccac65e17.js"
            },
            {
              "CompressionType": "gzip",
              "DataType": "application/javascript",
              "DownloadTime": 297,
              "EventId": 993,
              "HttpStatus": 200,
              "Size": 3422,
              "URL": "http://10.100.22.24:8181/signal/assets/vendorUi/notifyjs/dist/notify.min-1dba61fec15a5d71814b2c2cb69f65bf.js"
            },
            {
              "CompressionType": "gzip",
              "DataType": "application/javascript",
              "DownloadTime": 297,
              "EventId": 991,
              "HttpStatus": 200,
              "Size": 1256,
              "URL": "http://10.100.22.24:8181/signal/assets/vendorUi/jquery/jquery.scrollTo.min-240b8d54661c5e0500b96b9594d60b62.js"
            },
            {
              "CompressionType": "gzip",
              "DataType": "application/javascript",
              "DownloadTime": 313,
              "EventId": 989,
              "HttpStatus": 200,
              "Size": 1735,
              "URL": "http://10.100.22.24:8181/signal/assets/vendorUi/jquery/jquery.slimscroll-6a314b5f0344bf7ef8e1e0c948bb75f9.js"
            },
            {
              "CompressionType": "gzip",
              "DataType": "application/javascript",
              "DownloadTime": 250,
              "EventId": 987,
              "HttpStatus": 200,
              "Size": 3258,
              "URL": "http://10.100.22.24:8181/signal/assets/vendorUi/jquery/jquery.blockUI-7aa9ac8e34d97a945dbf467d99fda834.js"
            },
            {
              "CompressionType": "gzip",
              "DataType": "application/javascript",
              "DownloadTime": 297,
              "EventId": 984,
              "HttpStatus": 200,
              "Size": 15946,
              "URL": "http://10.100.22.24:8181/signal/assets/vendorUi/jquery/jquery.nicescroll-09e3ca9889499cfb15271ad8dc51f842.js"
            },
            {
              "CompressionType": "gzip",
              "DataType": "application/javascript",
              "DownloadTime": 297,
              "EventId": 982,
              "HttpStatus": 200,
              "Size": 1323,
              "URL": "http://10.100.22.24:8181/signal/assets/vendorUi/mobile/detect-fd56173b9f1574612026ca4bd0f9ce20.js"
            },
            {
              "CompressionType": "gzip",
              "DataType": "application/javascript",
              "DownloadTime": 312,
              "EventId": 980,
              "HttpStatus": 200,
              "Size": 1704,
              "URL": "http://10.100.22.24:8181/signal/assets/vendorUi/wow/wow.min-237e66d720861f3cc99ee444887b7c32.js"
            },
            {
              "CompressionType": "gzip",
              "DataType": "application/javascript",
              "DownloadTime": 281,
              "EventId": 978,
              "HttpStatus": 200,
              "Size": 2629,
              "URL": "http://10.100.22.24:8181/signal/assets/vendorUi/mobile/fastclick-c74606809464116f3413064b0e200023.js"
            },
            {
              "CompressionType": "gzip",
              "DataType": "application/javascript",
              "DownloadTime": 312,
              "EventId": 975,
              "HttpStatus": 200,
              "Size": 5862,
              "URL": "http://10.100.22.24:8181/signal/assets/vendorUi/multiselect/jquery.multi-select2.0-c2649a518d094dac8d3e66aaba1e4501.js"
            },
            {
              "CompressionType": "gzip",
              "DataType": "application/javascript",
              "DownloadTime": 297,
              "EventId": 973,
              "HttpStatus": 200,
              "Size": 1136,
              "URL": "http://10.100.22.24:8181/signal/assets/vendorUi/spinner/spinner.min-6f6eab72fd2531bea7514cc0d9830665.js"
            },
            {
              "CompressionType": "gzip",
              "DataType": "application/javascript",
              "DownloadTime": 359,
              "EventId": 970,
              "HttpStatus": 200,
              "Size": 284,
              "URL": "http://10.100.22.24:8181/signal/assets/vendorUi/datatables/datetime-moment-3fa3fc8eaf60abe3fae2bae2fb4328b0.js"
            },
            {
              "CompressionType": "gzip",
              "DataType": "application/javascript",
              "DownloadTime": 312,
              "EventId": 968,
              "HttpStatus": 200,
              "Size": 12852,
              "URL": "http://10.100.22.24:8181/signal/assets/vendorUi/datatables/dataTables.fixedColumns.min-acc90a700b69150380759567188a8cd0.js"
            },
            {
              "CompressionType": "gzip",
              "DataType": "application/javascript",
              "DownloadTime": 297,
              "EventId": 966,
              "HttpStatus": 200,
              "Size": 953,
              "URL": "http://10.100.22.24:8181/signal/assets/vendorUi/datatables/dataTables.bootstrap-93e0b2f3576484b422f6e4a29b3e6037.js"
            },
            {
              "CompressionType": "gzip",
              "DataType": "application/javascript",
              "DownloadTime": 281,
              "EventId": 964,
              "HttpStatus": 200,
              "Size": 1038,
              "URL": "http://10.100.22.24:8181/signal/assets/vendorUi/datatables/dataTables.bootstrapPagination-d133da3f3570036f8532207affa78bd9.js"
            },
            {
              "CompressionType": "gzip",
              "DataType": "application/javascript",
              "DownloadTime": 297,
              "EventId": 961,
              "HttpStatus": 200,
              "Size": 27953,
              "URL": "http://10.100.22.24:8181/signal/assets/datatables/jquery.dataTables_custom-8dad82f79087bc7c28eeb9b403e756b8.js"
            },
            {
              "CompressionType": "gzip",
              "DataType": "application/javascript",
              "DownloadTime": 297,
              "EventId": 958,
              "HttpStatus": 200,
              "Size": 18982,
              "URL": "http://10.100.22.24:8181/signal/assets/vendorUi/select2/select2-911832dffdffb9e7bafb38412a68f445.js"
            },
            {
              "CompressionType": "gzip",
              "DataType": "application/javascript",
              "DownloadTime": 844,
              "EventId": 952,
              "HttpStatus": 200,
              "Size": 68070,
              "URL": "http://10.100.22.24:8181/signal/assets/vendorUi/jquery-ui/jquery-ui.min-b0582f2d27fdc676c34681e0c96aac0c.js"
            },
            {
              "CompressionType": "gzip",
              "DataType": "application/javascript",
              "DownloadTime": 547,
              "EventId": 947,
              "HttpStatus": 200,
              "Size": 42281,
              "URL": "http://10.100.22.24:8181/signal/assets/vendorUi/moment/momentTimezones-with-data-c15ec3e27a3263556fdbb96b61f9206f.js"
            },
            {
              "CompressionType": "gzip",
              "DataType": "application/javascript",
              "DownloadTime": 547,
              "EventId": 940,
              "HttpStatus": 200,
              "Size": 65035,
              "URL": "http://10.100.22.24:8181/signal/assets/vendorUi/moment/momentlocales-bd0407faadf015b0c0b0d49b831aeb7b.js"
            },
            {
              "CompressionType": "gzip",
              "DataType": "application/javascript",
              "DownloadTime": 297,
              "EventId": 938,
              "HttpStatus": 200,
              "Size": 25858,
              "URL": "http://10.100.22.24:8181/signal/assets/vendorUi/fuelux/fuelux.min-d30fb133a2493fadc38faabf3f226bc4.js"
            },
            {
              "CompressionType": "gzip",
              "DataType": "application/javascript",
              "DownloadTime": 250,
              "EventId": 935,
              "HttpStatus": 200,
              "Size": 4914,
              "URL": "http://10.100.22.24:8181/signal/assets/vendorUi/popover/popover.min-a48d28e289c6932042ffa0ab05e7bf68.js"
            },
            {
              "CompressionType": "gzip",
              "DataType": "application/javascript",
              "DownloadTime": 516,
              "EventId": 932,
              "HttpStatus": 200,
              "Size": 16444,
              "URL": "http://10.100.22.24:8181/signal/assets/vendorUi/moment/moment-434aaa1704890766125108c94efbb50c.js"
            },
            {
              "CompressionType": "gzip",
              "DataType": "application/javascript",
              "DownloadTime": 969,
              "EventId": 926,
              "HttpStatus": 200,
              "Size": 64206,
              "URL": "http://10.100.22.24:8181/signal/assets/vendorUi/jquery/jquery-2.2.4-986b7af813adeaf9e589ef20bcc97bb0.js"
            },
            {
              "CompressionType": "gzip",
              "DataType": "application/javascript",
              "DownloadTime": 266,
              "EventId": 923,
              "HttpStatus": 200,
              "Size": 9839,
              "URL": "http://10.100.22.24:8181/signal/assets/vendorUi/bootstrap/bootstrap.min-3f6aa77f4768de267c35a96028599ce3.js"
            },
            {
              "CompressionType": "gzip",
              "DataType": "application/javascript",
              "DownloadTime": 297,
              "EventId": 920,
              "HttpStatus": 200,
              "Size": 5829,
              "URL": "http://10.100.22.24:8181/signal/assets/vendorUi/underscore/underscore.min-e6d41cd714673035a7f8a65c30f3dcb1.js"
            },
            {
              "CompressionType": "gzip",
              "DataType": "text/css",
              "DownloadTime": 750,
              "EventId": 916,
              "HttpStatus": 200,
              "Size": 25427,
              "URL": "http://10.100.22.24:8181/signal/assets/mdi-fonts/css/materialdesignicons-2f254cfdb2b23bcf596ab766574b3675.css"
            },
            {
              "CompressionType": "gzip",
              "DataType": "application/javascript",
              "DownloadTime": 500,
              "EventId": 914,
              "HttpStatus": 200,
              "Size": 6141,
              "URL": "http://10.100.22.24:8181/signal/assets/vendorUi/modernizr.min-23fa28ce275880746945a2305077eebc.js"
            },
            {
              "CompressionType": "gzip",
              "DataType": "application/javascript",
              "DownloadTime": 297,
              "EventId": 912,
              "HttpStatus": 200,
              "Size": 407,
              "URL": "http://10.100.22.24:8181/signal/assets/vendorUi/jquery.i18n-61406922e05804e4abe8c8360ec862fa.js"
            },
            {
              "CompressionType": "gzip",
              "DataType": "text/css",
              "DownloadTime": 468,
              "EventId": 910,
              "HttpStatus": 200,
              "Size": 707,
              "URL": "http://10.100.22.24:8181/signal/assets/app/pvs/pvs_508c-fd4a301235dfeff417d96bed64e8429d.css"
            },
            {
              "CompressionType": "gzip",
              "DataType": "text/css",
              "DownloadTime": 500,
              "EventId": 907,
              "HttpStatus": 200,
              "Size": 9576,
              "URL": "http://10.100.22.24:8181/signal/assets/app/pvs/pvs_app_css-c2d58d18dbca625fbbade8faec60f573.css"
            },
            {
              "CompressionType": "gzip",
              "DataType": "text/css",
              "DownloadTime": 266,
              "EventId": 905,
              "HttpStatus": 200,
              "Size": 605,
              "URL": "http://10.100.22.24:8181/signal/assets/theme_gradient_blue-82b8663def72c9ceff32d61e0b4a5253.css"
            },
            {
              "CompressionType": "",
              "DataType": "text/html",
              "DownloadTime": 1000,
              "EventId": 888,
              "HttpStatus": 200,
              "Size": 78230,
              "URL": "http://10.100.22.24:8181/signal/"
            },
            {
              "CompressionType": "",
              "DataType": "",
              "DownloadTime": 578,
              "EventId": 852,
              "HttpStatus": 302,
              "Size": 0,
              "URL": "http://10.100.22.24:8181/signal/login/authenticate"
            },
            {
              "CompressionType": "",
              "DataType": "image/jpeg",
              "DownloadTime": 3828,
              "EventId": 646,
              "HttpStatus": 200,
              "Size": 546257,
              "URL": "http://10.100.22.24:8181/signal/assets/background-4c8c4fd7df1b6436735eac4cfed91698.jpg"
            },
            {
              "CompressionType": "",
              "DataType": "font/woff2",
              "DownloadTime": 1047,
              "EventId": 615,
              "HttpStatus": 200,
              "Size": 47016,
              "URL": "http://10.100.22.24:8181/signal/assets/OpenSans-Regular-55835483c304eaa8477fea2c36abba17.woff2?v=1.1.0"
            },
            {
              "CompressionType": "",
              "DataType": "image/x-icon",
              "DownloadTime": 484,
              "EventId": 591,
              "HttpStatus": 200,
              "Size": 21630,
              "URL": "http://10.100.22.24:8181/favicon.ico"
            },
            {
              "CompressionType": "",
              "DataType": "image/png",
              "DownloadTime": 281,
              "EventId": 527,
              "HttpStatus": 200,
              "Size": 3310,
              "URL": "http://10.100.22.24:8181/signal/assets/pv-signal-logo-61161afba9a8a8e20ebe65b7f0973c2a.png"
            },
            {
              "CompressionType": "gzip",
              "DataType": "text/css",
              "DownloadTime": 2484,
              "EventId": 511,
              "HttpStatus": 200,
              "Size": 132815,
              "URL": "http://10.100.22.24:8181/signal/assets/application-b3f48b83f9b7c2d3cbf01ec2a4664551.css"
            },
            {
              "CompressionType": "gzip",
              "DataType": "application/javascript",
              "DownloadTime": 516,
              "EventId": 406,
              "HttpStatus": 200,
              "Size": 4628,
              "URL": "http://10.100.22.24:8181/signal/assets/application-60c3bacc1cf9e35c43698ae86e662966.js"
            },
            {
              "CompressionType": "gzip",
              "DataType": "text/css",
              "DownloadTime": 359,
              "EventId": 338,
              "HttpStatus": 200,
              "Size": 924,
              "URL": "http://10.100.22.24:8181/signal/assets/login-23162286b278bf1e48cb0201c9e9a644.css"
            },
            {
              "CompressionType": "",
              "DataType": "text/html",
              "DownloadTime": 266,
              "EventId": 305,
              "HttpStatus": 200,
              "Size": 2397,
              "URL": "http://10.100.22.24:8181/signal/login/auth"
            },
            {
              "CompressionType": "",
              "DataType": "",
              "DownloadTime": 469,
              "EventId": 205,
              "HttpStatus": 302,
              "Size": 0,
              "URL": "http://10.100.22.24:8181/signal/"
            }
          ],
          "SSLCipher": "None",
          "SSLVersion": "None"
        }
      ],
      "IncludeInScript": true
    }
  ],
  "WebSocket": {
    "IncludeInScript": false,
    "IsScriptIncludeWebSocket": true
  },
  "NumberOfCorrelations": 9
}