[{"name":"AN1","product":["DOXORUBICIN"],"dueIn":11,"priority":"Urgent","id":72,"frequency":"","lastRunDate":"01-Nov-2019","nextRunDate":"01-Nov-2019","executed":true,"type":"Qualitative","total":27,"new":27,"requiresReview":27,"assignedToMe":0,"closed":0},{"name":"User alert","product":["Newusers-1109210143","Newusers-1238445461"],"dueIn":14,"priority":"Urgent","id":77,"frequency":"","lastRunDate":"04-Nov-2019","nextRunDate":"04-Nov-2019","executed":true,"type":"Quantitative","total":255,"new":255,"requiresReview":255,"assignedToMe":0,"closed":0},{"name":"APP NO.","product":["ANDA005264","ANDA007581","ANDA010228"],"dueIn":14,"priority":"Urgent","id":75,"frequency":"","lastRunDate":"04-Nov-2019","nextRunDate":"04-Nov-2019","executed":true,"type":"Quantitative","total":42,"new":42,"requiresReview":42,"assignedToMe":0,"closed":0},{"name":"PERF_QUAL_6","product":["ASPIRIN"],"dueIn":15,"priority":"Urgent","id":91,"frequency":"","lastRunDate":"05-Nov-2019","nextRunDate":"05-Nov-2019","executed":true,"type":"Qualitative","total":28,"new":28,"requiresReview":28,"assignedToMe":28,"closed":0},{"name":"PERF_QUAL_5","product":["ASPIRIN"],"dueIn":15,"priority":"Urgent","id":90,"frequency":"","lastRunDate":"05-Nov-2019","nextRunDate":"05-Nov-2019","executed":true,"type":"Qualitative","total":28,"new":28,"requiresReview":28,"assignedToMe":28,"closed":0},{"name":"PERF_QUAL_4","product":["ASPIRIN"],"dueIn":15,"priority":"Urgent","id":89,"frequency":"","lastRunDate":"05-Nov-2019","nextRunDate":"05-Nov-2019","executed":true,"type":"Qualitative","total":28,"new":28,"requiresReview":28,"assignedToMe":28,"closed":0},{"name":"PERF_QUANT_1","product":["ASPIRIN"],"dueIn":15,"priority":"Urgent","id":88,"frequency":"","lastRunDate":"05-Nov-2019","nextRunDate":"05-Nov-2019","executed":true,"type":"Quantitative","total":56,"new":56,"requiresReview":56,"assignedToMe":56,"closed":0},{"name":"PERF_QUAL_2","product":["ASPIRIN"],"dueIn":15,"priority":"Urgent","id":87,"frequency":"","lastRunDate":"05-Nov-2019","nextRunDate":"05-Nov-2019","executed":true,"type":"Qualitative","total":28,"new":28,"requiresReview":28,"assignedToMe":28,"closed":0},{"name":"Perf_Qual_1","product":["ASPIRIN"],"dueIn":15,"priority":"Urgent","id":86,"frequency":"","lastRunDate":"05-Nov-2019","nextRunDate":"05-Nov-2019","executed":true,"type":"Qualitative","total":28,"new":28,"requiresReview":28,"assignedToMe":28,"closed":0},{"name":"Doxo 1","product":["DOXORUBICIN"],"dueIn":89,"priority":"Medium","id":74,"frequency":"","lastRunDate":"04-Nov-2019","nextRunDate":"04-Nov-2019","executed":true,"type":"Quantitative","total":59,"new":59,"requiresReview":59,"assignedToMe":0,"closed":0}]