[{"value":"EQUALS","display":"Equals"},{"value":"NOT_EQUAL","display":"Not Equal"},{"value":"LESS_THAN","display":"Less than"},{"value":"LESS_THAN_OR_EQUAL","display":"Less than or equal"},{"value":"GREATER_THAN","display":"Greater than"},{"value":"GREATER_THAN_OR_EQUAL","display":"Greater than or equal"},{"value":"IS_EMPTY","display":"Is Empty"},{"value":"IS_NOT_EMPTY","display":"Is Not Empty"},{"value":"YESTERDAY","display":"Yesterday"},{"value":"LAST_WEEK","display":"Last Week"},{"value":"LAST_MONTH","display":"Last Month"},{"value":"LAST_YEAR","display":"Last Year"},{"value":"LAST_X_DAYS","display":"Last X Days"},{"value":"LAST_X_WEEKS","display":"Last X Weeks"},{"value":"LAST_X_MONTHS","display":"Last X Months"},{"value":"LAST_X_YEARS","display":"Last X Years"}]