[{"name":"ACETAMINOPHEN\\ALCOHOL\\AMMONIA\\ASPIRIN\\BACITRACIN ZINC\\BENZALKONIUM\\BENZETHONIUM\\BENZOCAINE\\CAFFEINE\\CALCIUM CARBONATE\\HYDROCORTISONE\\ISOPROPYL ALCOHOL\\LIDOCAINE\\MENTHOL\\NEOMYCIN\\PHENYLEPHRINE\\POLYMYXIN B\\SALICYLAMIDE\\TETRAHYDROZOLINE\\WATER","id":"-274751486","lang":"en","level":3},{"name":"ACETAMINOPHEN\\ALCOHOL\\AMMONIA\\ASPIRIN\\BENZALKONIUM\\ISOPROPYL ALCOHOL\\LIDOCAINE\\WATER","id":"950858247","lang":"en","level":3},{"name":"ACETAMINOPHEN\\ALCOHOL\\ASPIRIN\\BACITRACIN ZINC\\BENZALKONIUM\\BENZOCAINE\\IBUPROFEN\\IODINE\\ISOPROPYL ALCOHOL\\LIDOCAINE\\NEOMYCIN\\POLYMYXIN B\\POVIDONE-IODINE\\WATER","id":"-976978627","lang":"en","level":3},{"name":"ACETAMINOPHEN\\ALCOHOL\\ASPIRIN\\BACITRACIN ZINC\\BENZALKONIUM\\BENZOCAINE\\IBUPROFEN\\ISOPROPYL ALCOHOL\\LIDOCAINE\\NEOMYCIN\\POLYMYXIN B","id":"1038349823","lang":"en","level":3},{"name":"ACETAMINOPHEN\\ALCOHOL\\ASPIRIN\\BACITRACIN ZINC\\BENZALKONIUM\\BENZOCAINE\\IBUPROFEN\\ISOPROPYL ALCOHOL\\LIDOCAINE\\NEOMYCIN\\POLYMYXIN B\\WATER","id":"-1315708710","lang":"en","level":3},{"name":"ACETAMINOPHEN\\ALCOHOL\\ASPIRIN\\BACITRACIN ZINC\\BENZALKONIUM\\BENZOCAINE\\IBUPROFEN\\LIDOCAINE\\NEOMYCIN\\POLYMYXIN B\\WATER","id":"957301703","lang":"en","level":3},{"name":"ACETAMINOPHEN\\ALCOHOL\\ASPIRIN\\BENZALKONIUM\\BENZOCAINE\\IBUPROFEN\\LIDOCAINE","id":"1584349665","lang":"en","level":3},{"name":"ACETAMINOPHEN\\AMMONIA\\ASPIRIN\\BACITRACIN ZINC\\BENZALKONIUM\\DIPHENHYDRAMINE\\ISOPROPYL ALCOHOL\\NEOMYCIN\\POLYMYXIN B","id":"-425321930","lang":"en","level":3},{"name":"ACETAMINOPHEN\\AMMONIA\\ASPIRIN\\BACITRACIN ZINC\\BENZALKONIUM\\IBUPROFEN\\LIDOCAINE\\NEOMYCIN\\POLYMYXIN B","id":"490063510","lang":"en","level":3},{"name":"ACETAMINOPHEN\\AMMONIA\\ASPIRIN\\BENZALKONIUM\\DIPHENHYDRAMINE\\IBUPROFEN\\LIDOCAINE","id":"1603970118","lang":"en","level":3},{"name":"ACETAMINOPHEN\\AMMONIA\\ASPIRIN\\BENZOCAINE\\CHLOROXYLENOL\\HYDROCORTISONE\\IODINE\\ISOPROPYL ALCOHOL\\LIDOCAINE\\POVIDONE-IODINE\\WATER","id":"-553761475","lang":"en","level":3},{"name":"ACETAMINOPHEN\\ANHYDROUS CITRIC ACID\\ASPIRIN\\CALCIUM\\PHOSPHATE ION\\SODIUM BICARBONATE","id":"-70441929","lang":"en","level":3},{"name":"ACETAMINOPHEN\\ANHYDROUS CITRIC ACID\\ASPIRIN\\CALCIUM\\SODIUM BICARBONATE","id":"-1723271167","lang":"en","level":3},{"name":"ACETAMINOPHEN\\ANHYDROUS CITRIC ACID\\ASPIRIN\\CALCIUM\\SODIUM\\SODIUM BICARBONATE","id":"1494575984","lang":"en","level":3},{"name":"ACETAMINOPHEN\\ANHYDROUS CITRIC ACID\\ASPIRIN\\SODIUM BICARBONATE","id":"-1974360495","lang":"en","level":3},{"name":"ACETAMINOPHEN\\ASPARTAME\\ASPIRIN\\PHENYLALANINE\\PHENYLPROPANOLAMINE\\SODIUM BICARBONATE","id":"-1562113106","lang":"en","level":3},{"name":"ACETAMINOPHEN\\ASPIRIN","id":"-1030143458","lang":"en","level":3},{"name":"ACETAMINOPHEN\\ASPIRIN\\BACITRACIN ZINC\\BENZALKONIUM\\DIPHENHYDRAMINE\\IBUPROFEN\\IODINE\\NEOMYCIN\\POLYMYXIN B\\POVIDONE-IODINE","id":"891296178","lang":"en","level":3},{"name":"ACETAMINOPHEN\\ASPIRIN\\BACITRACIN ZINC\\BENZALKONIUM\\IBUPROFEN\\ISOPROPYL ALCOHOL\\NEOMYCIN\\POLYMYXIN B","id":"796375595","lang":"en","level":3},{"name":"ACETAMINOPHEN\\ASPIRIN\\BACITRACIN ZINC\\BENZALKONIUM\\IBUPROFEN\\LIDOCAINE\\NEOMYCIN\\POLYMYXIN B","id":"-2043764454","lang":"en","level":3},{"name":"ACETAMINOPHEN\\ASPIRIN\\BROMPHENIRAMINE\\PHENYLPROPANOLAMINE\\SODIUM BICARBONATE","id":"-1726252674","lang":"en","level":3},{"name":"ACETAMINOPHEN\\ASPIRIN\\BUTALBITAL","id":"1222621066","lang":"en","level":3},{"name":"ACETAMINOPHEN\\ASPIRIN\\CAFFEINE","id":"196481015","lang":"en","level":3},{"name":"ACETAMINOPHEN\\ASPIRIN\\CAFFEINE\\CHLORPHENIRAMINE\\DIHYDROCODEINE\\EPHEDRINE","id":"1135983469","lang":"en","level":3},{"name":"ACETAMINOPHEN\\ASPIRIN\\CAFFEINE\\CODEINE","id":"-1105634354","lang":"en","level":3},{"name":"ACETAMINOPHEN\\ASPIRIN\\CAFFEINE\\DIPHENHYDRAMINE","id":"-1361974198","lang":"en","level":3},{"name":"ACETAMINOPHEN\\ASPIRIN\\CAFFEINE\\HYDROCODONE","id":"-61009831","lang":"en","level":3},{"name":"ACETAMINOPHEN\\ASPIRIN\\CAFFEINE\\IBUPROFEN\\QUININE SULFATE","id":"-55254294","lang":"en","level":3},{"name":"ACETAMINOPHEN\\ASPIRIN\\CAFFEINE\\PHENYLEPHRINE","id":"-2095608942","lang":"en","level":3},{"name":"ACETAMINOPHEN\\ASPIRIN\\CAFFEINE\\POTASSIUM CHLORIDE","id":"1334753360","lang":"en","level":3},{"name":"ACETAMINOPHEN\\ASPIRIN\\CAFFEINE\\PROMETHAZINE","id":"-1127621069","lang":"en","level":3},{"name":"ACETAMINOPHEN\\ASPIRIN\\CAFFEINE\\QUININE SULFATE","id":"315011432","lang":"en","level":3},{"name":"ACETAMINOPHEN\\ASPIRIN\\CAFFEINE\\SALICYLAMIDE","id":"38479640","lang":"en","level":3},{"name":"ACETAMINOPHEN\\ASPIRIN\\CALCIUM\\SODIUM\\SODIUM BICARBONATE","id":"1066406060","lang":"en","level":3},{"name":"ACETAMINOPHEN\\ASPIRIN\\CHLORPHENIRAMINE\\DEXTROMETHORPHAN\\PHENYLPROPANOLAMINE\\SODIUM BICARBONATE","id":"-1628727728","lang":"en","level":3},{"name":"ACETAMINOPHEN\\ASPIRIN\\CHLORPHENIRAMINE\\DEXTROMETHORPHAN\\PSEUDOEPHEDRINE\\SODIUM BICARBONATE","id":"1466847159","lang":"en","level":3},{"name":"ACETAMINOPHEN\\ASPIRIN\\CHLORPHENIRAMINE\\PHENYLEPHRINE","id":"-2053256391","lang":"en","level":3},{"name":"ACETAMINOPHEN\\ASPIRIN\\CHLORPHENIRAMINE\\PHENYLEPHRINE\\PHENYLPROPANOLAMINE\\SODIUM BICARBONATE","id":"1293128195","lang":"en","level":3},{"name":"ACETAMINOPHEN\\ASPIRIN\\CHLORPHENIRAMINE\\PHENYLPROPANOLAMINE","id":"-518878315","lang":"en","level":3},{"name":"ACETAMINOPHEN\\ASPIRIN\\CHLORPHENIRAMINE\\PHENYLPROPANOLAMINE\\PSEUDOEPHEDRINE","id":"-1723220923","lang":"en","level":3},{"name":"ACETAMINOPHEN\\ASPIRIN\\CHLORPHENIRAMINE\\PHENYLPROPANOLAMINE\\PSEUDOEPHEDRINE\\SODIUM BICARBONATE","id":"-1769890034","lang":"en","level":3},{"name":"ACETAMINOPHEN\\ASPIRIN\\CHLORPHENIRAMINE\\PHENYLPROPANOLAMINE\\SODIUM BICARBONATE","id":"-1465684546","lang":"en","level":3},{"name":"ACETAMINOPHEN\\ASPIRIN\\CHLORPHENIRAMINE\\PHENYLPROPANOLAMINE\\SODIUM\\SODIUM BICARBONATE","id":"-885295341","lang":"en","level":3},{"name":"ACETAMINOPHEN\\ASPIRIN\\CHLORPHENIRAMINE\\PROPOXYPHENE","id":"-449245739","lang":"en","level":3},{"name":"ACETAMINOPHEN\\ASPIRIN\\CHLORPHENIRAMINE\\PSEUDOEPHEDRINE","id":"258027150","lang":"en","level":3},{"name":"ACETAMINOPHEN\\ASPIRIN\\CODEINE","id":"-703105291","lang":"en","level":3},{"name":"ACETAMINOPHEN\\ASPIRIN\\DIMETHICONE\\SODIUM BICARBONATE","id":"714765206","lang":"en","level":3},{"name":"ACETAMINOPHEN\\ASPIRIN\\DIPHENHYDRAMINE","id":"-1225658255","lang":"en","level":3},{"name":"ACETAMINOPHEN\\ASPIRIN\\DIPHENHYDRAMINE\\PHENYLPROPANOLAMINE\\SODIUM BICARBONATE","id":"1738309067","lang":"en","level":3},{"name":"ACETAMINOPHEN\\ASPIRIN\\DOXYLAMINE\\PHENYLALANINE\\PHENYLPROPANOLAMINE\\SODIUM BICARBONATE","id":"1811315122","lang":"en","level":3},{"name":"ACETAMINOPHEN\\ASPIRIN\\PHENYLEPHRINE\\PHENYLPROPANOLAMINE\\SODIUM BICARBONATE","id":"-244127805","lang":"en","level":3},{"name":"ACETAMINOPHEN\\ASPIRIN\\PHENYLPROPANOLAMINE","id":"1659534805","lang":"en","level":3},{"name":"ACETAMINOPHEN\\ASPIRIN\\PSEUDOEPHEDRINE\\SODIUM BICARBONATE","id":"-1088138267","lang":"en","level":3},{"name":"ACETAMINOPHEN\\ASPIRIN\\SODIUM BICARBONATE","id":"1633726613","lang":"en","level":3},{"name":"ALCOHOL\\AMMONIA\\ASPIRIN\\BENZALKONIUM\\ISOPROPYL ALCOHOL\\LIDOCAINE","id":"-940175522","lang":"en","level":3},{"name":"ALCOHOL\\ASPIRIN\\BACITRACIN ZINC\\BENZALKONIUM\\BENZOCAINE\\ISOPROPYL ALCOHOL\\LIDOCAINE\\NEOMYCIN\\POLYMYXIN B\\WATER","id":"-1695381106","lang":"en","level":3},{"name":"ALCOHOL\\ASPIRIN\\BENZALKONIUM\\BENZOCAINE\\ISOPROPYL ALCOHOL\\LIDOCAINE\\WATER","id":"1109197077","lang":"en","level":3},{"name":"ALCOHOL\\ASPIRIN\\BENZOCAINE\\ISOPROPYL ALCOHOL","id":"-1535740627","lang":"en","level":3},{"name":"ALCOHOL\\ASPIRIN\\DEXTROMETHORPHAN\\DOXYLAMINE\\EPHEDRINE","id":"-2033109326","lang":"en","level":3},{"name":"ALLANTOIN\\ASPIRIN\\GLYCERIN\\MELALEUCA ALTERNIFOLIA LEAF\\PROPYLENE GLYCOL\\TEA TREE OIL\\WILLOW BARK","id":"913716928","lang":"en","level":3},{"name":"ALUMINUM HYDROXIDE\\ASPIRIN\\CODEINE\\MAGNESIUM HYDROXIDE","id":"-781199001","lang":"en","level":3},{"name":"AMMONIA\\ASPIRIN\\BACITRACIN ZINC\\BENZALKONIUM\\BENZETHONIUM\\BENZOCAINE\\NEOMYCIN\\POLYMYXIN B\\WATER","id":"1886946837","lang":"en","level":3},{"name":"AMMONIA\\ASPIRIN\\BACITRACIN ZINC\\BENZALKONIUM\\ISOPROPYL ALCOHOL\\LIDOCAINE\\NEOMYCIN\\POLYMYXIN B\\WATER","id":"-322474668","lang":"en","level":3},{"name":"AMMONIA\\ASPIRIN\\BACITRACIN ZINC\\BENZALKONIUM\\LIDOCAINE\\NEOMYCIN\\POLYMYXIN B\\WATER","id":"1188616897","lang":"en","level":3},{"name":"AMMONIA\\ASPIRIN\\BACITRACIN ZINC\\BENZETHONIUM\\BENZOCAINE\\ISOPROPYL ALCOHOL\\MENTHOL\\NEOMYCIN\\POLYMYXIN B\\WATER","id":"-1513316034","lang":"en","level":3},{"name":"AMMONIA\\ASPIRIN\\BENZALKONIUM\\BENZETHONIUM\\BENZOCAINE\\LIDOCAINE\\WATER","id":"-664668504","lang":"en","level":3},{"name":"AMMONIA\\ASPIRIN\\BENZALKONIUM\\IODINE\\ISOPROPYL ALCOHOL\\POVIDONE-IODINE","id":"-1167845115","lang":"en","level":3},{"name":"AMMONIA\\ASPIRIN\\BENZALKONIUM\\LIDOCAINE","id":"-1517366173","lang":"en","level":3},{"name":"AMMONIA\\ASPIRIN\\BENZALKONIUM\\WATER","id":"-1023760128","lang":"en","level":3},{"name":"AMMONIA\\ASPIRIN\\IODINE\\LIDOCAINE\\POVIDONE-IODINE\\WATER","id":"33821102","lang":"en","level":3},{"name":"ANHYDROUS CITRIC ACID\\ASPIRIN\\CALCIUM PHOSPHATE\\SODIUM BICARBONATE","id":"1934513845","lang":"en","level":3},{"name":"ANHYDROUS CITRIC ACID\\ASPIRIN\\CALCIUM\\SODIUM BICARBONATE","id":"2067852403","lang":"en","level":3},{"name":"ANHYDROUS CITRIC ACID\\ASPIRIN\\PHENYLALANINE","id":"1037354760","lang":"en","level":3},{"name":"ANHYDROUS CITRIC ACID\\ASPIRIN\\PHENYLEPHRINE\\SODIUM BICARBONATE","id":"-1078694648","lang":"en","level":3},{"name":"ANHYDROUS CITRIC ACID\\ASPIRIN\\SODIUM BICARBONATE","id":"934685891","lang":"en","level":3},{"name":"ANHYDROUS CITRIC ACID\\ASPIRIN\\SODIUM CARBONATE","id":"1969676906","lang":"en","level":3},{"name":"ANHYDROUS CITRIC ACID\\ASPIRIN\\SODIUM\\SODIUM BICARBONATE","id":"-1949714322","lang":"en","level":3},{"name":"ASCORBIC ACID\\ASPIRIN","id":"-1601235963","lang":"en","level":3},{"name":"ASCORBIC ACID\\ASPIRIN\\CAFFEINE","id":"1962963440","lang":"en","level":3},{"name":"ASCORBIC ACID\\ASPIRIN\\CAFFEINE\\CODEINE\\SALICYLAMIDE","id":"-522398648","lang":"en","level":3},{"name":"ASCORBIC ACID\\ASPIRIN\\CAFFEINE\\PHENACETIN","id":"679458435","lang":"en","level":3},{"name":"ASCORBIC ACID\\ASPIRIN\\PHENYLEPHRINE","id":"2144952096","lang":"en","level":3},{"name":"ASPIRIN","id":"10554220","lang":"en","level":3},{"name":"ASPIRIN\\BACITRACIN ZINC\\BENZALKONIUM\\ISOPROPYL ALCOHOL\\LIDOCAINE\\NEOMYCIN\\POLYMYXIN B","id":"-2011190659","lang":"en","level":3},{"name":"ASPIRIN\\BENZALKONIUM\\ISOPROPYL ALCOHOL\\LIDOCAINE\\WATER","id":"-1009413049","lang":"en","level":3},{"name":"ASPIRIN\\BENZALKONIUM\\LIDOCAINE\\WATER","id":"-825465030","lang":"en","level":3},{"name":"ASPIRIN\\BETAMETHASONE","id":"964325864","lang":"en","level":3},{"name":"ASPIRIN\\BROMHEXINE\\CODEINE","id":"-1792714534","lang":"en","level":3},{"name":"ASPIRIN\\BROMPHENIRAMINE\\DEXTROMETHORPHAN\\PHENYLPROPANOLAMINE","id":"939720565","lang":"en","level":3},{"name":"ASPIRIN\\BROMPHENIRAMINE\\PHENYLPROPANOLAMINE","id":"1066816035","lang":"en","level":3},{"name":"ASPIRIN\\BUTALBITAL","id":"-1552895620","lang":"en","level":3},{"name":"ASPIRIN\\BUTALBITAL\\CAFFEINE","id":"-1211954599","lang":"en","level":3},{"name":"ASPIRIN\\BUTALBITAL\\CAFFEINE\\CODEINE","id":"884921392","lang":"en","level":3},{"name":"ASPIRIN\\BUTALBITAL\\CAFFEINE\\CODEINE\\PHENACETIN","id":"-1279693757","lang":"en","level":3},{"name":"ASPIRIN\\BUTALBITAL\\CAFFEINE\\PHENACETIN","id":"-1702169990","lang":"en","level":3},{"name":"ASPIRIN\\CAFFEIC ACID\\SALICYLAMIDE","id":"1778472707","lang":"en","level":3},{"name":"ASPIRIN\\CAFFEINE","id":"-1111433623","lang":"en","level":3},{"name":"ASPIRIN\\CAFFEINE\\CHLORPHENIRAMINE","id":"-2050829581","lang":"en","level":3},{"name":"ASPIRIN\\CAFFEINE\\CHLORPHENIRAMINE\\METHOXYPHENAMINE","id":"-877436840","lang":"en","level":3},{"name":"ASPIRIN\\CAFFEINE\\CHLORPHENIRAMINE\\PHENACETIN","id":"-784620128","lang":"en","level":3},{"name":"ASPIRIN\\CAFFEINE\\CHLORPHENIRAMINE\\PHENACETIN\\PHENYLPROPANOLAMINE","id":"1495927895","lang":"en","level":3},{"name":"ASPIRIN\\CAFFEINE\\CHLORPHENIRAMINE\\PHENYLPROPANOLAMINE","id":"2096124458","lang":"en","level":3},{"name":"ASPIRIN\\CAFFEINE\\CHLORPHENIRAMINE\\SALICYLAMIDE","id":"-1529078372","lang":"en","level":3},{"name":"ASPIRIN\\CAFFEINE\\DEXCHLORPHENIRAMINE\\PHENYLEPHRINE","id":"775837375","lang":"en","level":3},{"name":"ASPIRIN\\CAFFEINE\\DIHYDROCODEINE","id":"451815611","lang":"en","level":3},{"name":"ASPIRIN\\CAFFEINE\\DIHYDROCODEINE\\PHENACETIN\\PROMETHAZINE","id":"-593428238","lang":"en","level":3},{"name":"ASPIRIN\\CAFFEINE\\EPHEDRINE\\OXEDRINE","id":"-768365605","lang":"en","level":3},{"name":"ASPIRIN\\CAFFEINE\\ERGOTAMINE\\HOMATROPINE","id":"-1526834798","lang":"en","level":3},{"name":"ASPIRIN\\CAFFEINE\\MAGNESIUM CARBONATE","id":"900873834","lang":"en","level":3},{"name":"ASPIRIN\\CAFFEINE\\ORPHENADRINE","id":"-166556312","lang":"en","level":3},{"name":"ASPIRIN\\CAFFEINE\\ORPHENADRINE\\PHENACETIN","id":"-1818613","lang":"en","level":3},{"name":"ASPIRIN\\CAFFEINE\\OXYCODONE\\PHENACETIN","id":"-1340647992","lang":"en","level":3},{"name":"ASPIRIN\\CAFFEINE\\PHENACETIN","id":"2088432746","lang":"en","level":3},{"name":"ASPIRIN\\CAFFEINE\\PHENACETIN\\PROPOXYPHENE","id":"1706593481","lang":"en","level":3},{"name":"ASPIRIN\\CAFFEINE\\PHENYLPROPANOLAMINE","id":"721159840","lang":"en","level":3},{"name":"ASPIRIN\\CAFFEINE\\PHENYLPROPANOLAMINE\\SALICYLAMIDE","id":"-699462897","lang":"en","level":3},{"name":"ASPIRIN\\CAFFEINE\\PROMETHAZINE\\SALICYLAMIDE","id":"-344973746","lang":"en","level":3},{"name":"ASPIRIN\\CAFFEINE\\PROPOXYPHENE","id":"-184477398","lang":"en","level":3},{"name":"ASPIRIN\\CAFFEINE\\PSEUDOEPHEDRINE","id":"-1883248871","lang":"en","level":3},{"name":"ASPIRIN\\CAFFEINE\\PSEUDOEPHEDRINE\\SALICYLAMIDE","id":"1487632182","lang":"en","level":3},{"name":"ASPIRIN\\CAFFEINE\\QUINIDINE SULFATE","id":"182717151","lang":"en","level":3},{"name":"ASPIRIN\\CAFFEINE\\SALICYLANILIDE","id":"705336194","lang":"en","level":3},{"name":"ASPIRIN\\CAFFEINE\\SALICYLIC ACID","id":"-1137687285","lang":"en","level":3},{"name":"ASPIRIN\\CALCIUM","id":"-307491396","lang":"en","level":3},{"name":"ASPIRIN\\CALCIUM CARBONATE\\CITRIC ACID MONOHYDRATE","id":"995331476","lang":"en","level":3},{"name":"ASPIRIN\\CALCIUM CARBONATE\\MAGNESIUM CARBONATE\\MAGNESIUM OXIDE","id":"-559673569","lang":"en","level":3},{"name":"ASPIRIN\\CALCIUM\\GLYCINE","id":"1695362193","lang":"en","level":3},{"name":"ASPIRIN\\CALCIUM\\MAGNESIUM","id":"-1279189384","lang":"en","level":3},{"name":"ASPIRIN\\CALCIUM\\SODIUM BICARBONATE","id":"-1276226505","lang":"en","level":3},{"name":"ASPIRIN\\CARISOPRODOL","id":"1008978261","lang":"en","level":3},{"name":"ASPIRIN\\CARISOPRODOL\\CODEINE","id":"383702828","lang":"en","level":3},{"name":"ASPIRIN\\CHLORAMPHENICOL\\PHENYLPROPANOLAMINE","id":"-1042086859","lang":"en","level":3},{"name":"ASPIRIN\\CHLORPHENIRAMINE","id":"1364716624","lang":"en","level":3},{"name":"ASPIRIN\\CHLORPHENIRAMINE\\DEXTROMETHORPHAN","id":"-186886822","lang":"en","level":3},{"name":"ASPIRIN\\CHLORPHENIRAMINE\\DEXTROMETHORPHAN\\PHENYLEPHRINE","id":"1429940149","lang":"en","level":3},{"name":"ASPIRIN\\CHLORPHENIRAMINE\\DEXTROMETHORPHAN\\PHENYLPROPANOLAMINE","id":"599759633","lang":"en","level":3},{"name":"ASPIRIN\\CHLORPHENIRAMINE\\DEXTROMETHORPHAN\\PHENYLPROPANOLAMINE\\PSEUDOEPHEDRINE","id":"-398437439","lang":"en","level":3},{"name":"ASPIRIN\\CHLORPHENIRAMINE\\DEXTROMETHORPHAN\\PSEUDOEPHEDRINE","id":"1830378506","lang":"en","level":3},{"name":"ASPIRIN\\CHLORPHENIRAMINE\\PHENYLEPHRINE","id":"-1483712469","lang":"en","level":3},{"name":"ASPIRIN\\CHLORPHENIRAMINE\\PHENYLPROPANOLAMINE","id":"797973255","lang":"en","level":3},{"name":"ASPIRIN\\CHLORPHENIRAMINE\\PHENYLPROPANOLAMINE\\PSEUDOEPHEDRINE","id":"476981175","lang":"en","level":3},{"name":"ASPIRIN\\CHLORPHENIRAMINE\\PHENYLPROPANOLAMINE\\SODIUM BICARBONATE","id":"-740887284","lang":"en","level":3},{"name":"ASPIRIN\\CHLORPHENIRAMINE\\PSEUDOEPHEDRINE","id":"2128889600","lang":"en","level":3},{"name":"ASPIRIN\\CLOPIDOGREL","id":"1591119788","lang":"en","level":3},{"name":"ASPIRIN\\CODEINE","id":"85987907","lang":"en","level":3},{"name":"ASPIRIN\\CODEINE\\METHOCARBAMOL","id":"-102299135","lang":"en","level":3},{"name":"ASPIRIN\\DEXTROMETHORPHAN\\DOXYLAMINE","id":"-1461895182","lang":"en","level":3},{"name":"ASPIRIN\\DEXTROMETHORPHAN\\DOXYLAMINE\\PHENYLALANINE\\PHENYLPROPANOLAMINE","id":"114757761","lang":"en","level":3},{"name":"ASPIRIN\\DEXTROMETHORPHAN\\DOXYLAMINE\\PHENYLEPHRINE","id":"-224286643","lang":"en","level":3},{"name":"ASPIRIN\\DEXTROMETHORPHAN\\DOXYLAMINE\\PSEUDOEPHEDRINE","id":"1256330914","lang":"en","level":3},{"name":"ASPIRIN\\DEXTROMETHORPHAN\\PHENYLEPHRINE","id":"-1177213671","lang":"en","level":3},{"name":"ASPIRIN\\DEXTROMETHORPHAN\\SODIUM BICARBONATE","id":"1322630389","lang":"en","level":3},{"name":"ASPIRIN\\DICLOFENAC","id":"-32247680","lang":"en","level":3},{"name":"ASPIRIN\\DIHYDROXYALUMINUM AMINOACETATE","id":"-370569721","lang":"en","level":3},{"name":"ASPIRIN\\DIHYDROXYALUMINUM AMINOACETATE\\MAGNESIUM CARBONATE","id":"336917256","lang":"en","level":3},{"name":"ASPIRIN\\DIMETHICONE","id":"-1005934325","lang":"en","level":3},{"name":"ASPIRIN\\DIPHENHYDRAMINE","id":"-100049473","lang":"en","level":3},{"name":"ASPIRIN\\DIPHENYLPYRALINE","id":"1706919829","lang":"en","level":3},{"name":"ASPIRIN\\DIPYRIDAMOLE","id":"-1946285235","lang":"en","level":3},{"name":"ASPIRIN\\GLYCINE","id":"-725517759","lang":"en","level":3},{"name":"ASPIRIN\\GLYCINE\\LYSINE","id":"-1188542571","lang":"en","level":3},{"name":"ASPIRIN\\HYDROTALCITE","id":"-2122820874","lang":"en","level":3},{"name":"ASPIRIN\\ISOSORBIDE MONONITRATE","id":"202906719","lang":"en","level":3},{"name":"ASPIRIN\\LANSOPRAZOLE","id":"315227560","lang":"en","level":3},{"name":"ASPIRIN\\LITHIUM\\QUININE CITRATE","id":"-1236275639","lang":"en","level":3},{"name":"ASPIRIN\\MAGNESIUM","id":"127451176","lang":"en","level":3},{"name":"ASPIRIN\\MAGNESIUM HYDROXIDE","id":"716316682","lang":"en","level":3},{"name":"ASPIRIN\\MAGNESIUM OXIDE","id":"555708937","lang":"en","level":3},{"name":"ASPIRIN\\MAGNESIUM SILICATE","id":"365147418","lang":"en","level":3},{"name":"ASPIRIN\\MAGNESIUM SULFATE\\PHENYLPROPANOLAMINE","id":"1679236437","lang":"en","level":3},{"name":"ASPIRIN\\MEPROBAMATE","id":"520298889","lang":"en","level":3},{"name":"ASPIRIN\\METHOCARBAMOL","id":"-1545320598","lang":"en","level":3},{"name":"ASPIRIN\\NIACIN","id":"1143346034","lang":"en","level":3},{"name":"ASPIRIN\\OMEPRAZOLE","id":"1988785366","lang":"en","level":3},{"name":"ASPIRIN\\OXYCODONE","id":"726511886","lang":"en","level":3},{"name":"ASPIRIN\\PHENAGLYCODOL\\PROPOXYPHENE","id":"1860759458","lang":"en","level":3},{"name":"ASPIRIN\\PHENYLEPHRINE","id":"-923347385","lang":"en","level":3},{"name":"ASPIRIN\\PHENYLPROPANOLAMINE\\PSEUDOEPHEDRINE","id":"338618579","lang":"en","level":3},{"name":"ASPIRIN\\PHYTOSTERYL ISOSTEARATE","id":"-1260760721","lang":"en","level":3},{"name":"ASPIRIN\\PRAVASTATIN","id":"1851777011","lang":"en","level":3},{"name":"ASPIRIN\\PREDNISONE","id":"-822512353","lang":"en","level":3},{"name":"ASPIRIN\\PROPOXYPHENE","id":"2844935","lang":"en","level":3},{"name":"ASPIRIN\\QUININE","id":"-197201817","lang":"en","level":3},{"name":"ASPIRIN\\RAMIPRILAT\\SIMVASTATIN","id":"-1831454702","lang":"en","level":3},{"name":"ASPIRIN\\SALICYLIC ACID","id":"-1509551704","lang":"en","level":3},{"name":"ASPIRIN\\SIMVASTATIN","id":"-1985072597","lang":"en","level":3},{"name":"ASPIRIN\\SODIUM BICARBONATE","id":"-459695993","lang":"en","level":3},{"name":"ASPIRIN\\SODIUM BICARBONATE\\SODIUM CARBONATE","id":"1492147059","lang":"en","level":3},{"name":"ASPIRIN\\SODIUM CARBONATE","id":"-1191547090","lang":"en","level":3}]