[{"name":"ADENOSINE RECEPTOR AGONIST","id":"1738679089","lang":"en","level":1},{"name":"ALKYLATING DRUG","id":"-2061928636","lang":"en","level":1},{"name":"ALPHA ADRENERGIC AGONIST","id":"682326307","lang":"en","level":1},{"name":"ALPHA-1 ADRENERGIC RECEPTOR AGONIST","id":"-567392665","lang":"en","level":1},{"name":"AMIDE LOCAL ANESTHETIC","id":"-505957169","lang":"en","level":1},{"name":"AMINO ACID","id":"-448311425","lang":"en","level":1},{"name":"AMINO ACID HYPERTONIC SOLUTION","id":"1608381911","lang":"en","level":1},{"name":"AMINOGLYCOSIDE ANTIBACTERIAL","id":"2068273390","lang":"en","level":1},{"name":"AMPHENICOL CLASS ANTIBACTERIAL","id":"-695518159","lang":"en","level":1},{"name":"ANGIOTENSIN CONVERTING ENZYME INHIBITOR","id":"-30902378","lang":"en","level":1},{"name":"ANGIOTENSIN II RECEPTOR BLOCKER","id":"2127233873","lang":"en","level":1},{"name":"ANTHRACYCLINE TOPOISOMERASE INHIBITOR","id":"1179218271","lang":"en","level":1},{"name":"ANTI-COAGULANT","id":"-1166366509","lang":"en","level":1},{"name":"ANTI-PLATELET AGENT","id":"1470132245","lang":"en","level":1},{"name":"ANTIARRHYTHMIC","id":"1221633091","lang":"en","level":1},{"name":"ANTICHOLINERGIC","id":"-98732565","lang":"en","level":1},{"name":"ANTICOAGULANT","id":"875909212","lang":"en","level":1},{"name":"ANTIDOTE","id":"298735262","lang":"en","level":1},{"name":"ANTIDOTE FOR ACETAMINOPHEN OVERDOSE","id":"-1756145060","lang":"en","level":1},{"name":"ANTIEMETIC","id":"-651870061","lang":"en","level":1},{"name":"ANTIEPILEPTIC DRUG (AED)","id":"1811470590","lang":"en","level":1},{"name":"ANTIFIBRINOLYTIC","id":"405735404","lang":"en","level":1},{"name":"ANTIMALARIAL","id":"-201299059","lang":"en","level":1},{"name":"ANTISEPTIC","id":"-258122414","lang":"en","level":1},{"name":"ARTERIOLAR VASODILATOR","id":"1358320093","lang":"en","level":1},{"name":"AZOLE ANTIFUNGAL","id":"-364217242","lang":"en","level":1},{"name":"BARBITURATE","id":"1499921115","lang":"en","level":1},{"name":"BENZODIAZEPINE","id":"-1525798505","lang":"en","level":1},{"name":"BETA ADRENERGIC AGONIST","id":"365081393","lang":"en","level":1},{"name":"BETA-ADRENERGIC RECEPTOR INHIBITOR","id":"83159981","lang":"en","level":1},{"name":"BILE ACID","id":"80995549","lang":"en","level":1},{"name":"BILE ACID SEQUESTRANT","id":"1229050658","lang":"en","level":1},{"name":"BISMUTH","id":"614659336","lang":"en","level":1},{"name":"BISPHOSPHONATE","id":"1873810291","lang":"en","level":1},{"name":"BLOOD COAGULATION FACTOR","id":"-274178263","lang":"en","level":1},{"name":"CALCIUM","id":"1266355756","lang":"en","level":1},{"name":"CATECHOLAMINE","id":"-252826141","lang":"en","level":1},{"name":"CD20-DIRECTED RADIOTHERAPEUTIC ANTIBODY","id":"-1969195801","lang":"en","level":1},{"name":"CENTRAL NERVOUS SYSTEM STIMULANT","id":"-2069325133","lang":"en","level":1},{"name":"CEPHALOSPORIN ANTIBACTERIAL","id":"-1763694588","lang":"en","level":1},{"name":"CHOLINESTERASE INHIBITOR","id":"-1989234415","lang":"en","level":1},{"name":"COLLAGEN-SPECIFIC ENZYME","id":"1792940636","lang":"en","level":1},{"name":"COPPER ABSORPTION INHIBITOR","id":"-868340992","lang":"en","level":1},{"name":"COPPER-CONTAINING INTRAUTERINE DEVICE (IUD)","id":"1146958011","lang":"en","level":1},{"name":"CORTICOSTEROID","id":"1219667509","lang":"en","level":1},{"name":"CYP450 2D6 INHIBITOR","id":"-1725417085","lang":"en","level":1},{"name":"DEMULCENT","id":"-528953429","lang":"en","level":1},{"name":"DIAGNOSTIC DYE","id":"-80989609","lang":"en","level":1},{"name":"DIETARY CHOLESTEROL ABSORPTION INHIBITOR","id":"-288777833","lang":"en","level":1},{"name":"DIETARY SUPPLEMENT","id":"2056972933","lang":"en","level":1},{"name":"DIHYDROFOLATE REDUCTASE INHIBITOR ANTIBACTERIAL","id":"-2146990281","lang":"en","level":1},{"name":"DIHYDROPYRIDINE CALCIUM CHANNEL BLOCKER","id":"1177552368","lang":"en","level":1},{"name":"DIPEPTIDYL PEPTIDASE 4 (DPP-4) INHIBITOR","id":"950788175","lang":"en","level":1},{"name":"DOPAMINE-2 (D2) ANTAGONIST","id":"489128927","lang":"en","level":1},{"name":"ERGOTAMINE DERIVATIVE","id":"-1628076110","lang":"en","level":1},{"name":"ESTER LOCAL ANESTHETIC","id":"76247994","lang":"en","level":1},{"name":"ESTROGEN","id":"-1168775635","lang":"en","level":1},{"name":"FOLATE ANALOG","id":"-2005769407","lang":"en","level":1},{"name":"GABA A AGONIST","id":"343177247","lang":"en","level":1},{"name":"GAMMA-AMINOBUTYRIC ACID (GABA)-ERGIC AGONIST","id":"-800750381","lang":"en","level":1},{"name":"GENERAL ANESTHETIC","id":"-272981456","lang":"en","level":1},{"name":"GLUCAGON-LIKE PEPTIDE-2 (GLP-2) ANALOG","id":"-281959955","lang":"en","level":1},{"name":"GLYCOSAMINOGLYCAN","id":"-795192825","lang":"en","level":1},{"name":"GONADOTROPIN RELEASING HORMONE (GNRH) AGONIST","id":"1628484855","lang":"en","level":1},{"name":"H. PYLORI DIAGNOSTIC","id":"-1566850390","lang":"en","level":1},{"name":"HERBALS","id":"1528926843","lang":"en","level":1},{"name":"HISTAMINE-1 (H1) RECEPTOR ANTAGONIST","id":"1940888356","lang":"en","level":1},{"name":"HISTAMINE-1 (H1) RECEPTOR INHIBITOR","id":"1916807332","lang":"en","level":1},{"name":"HISTAMINE-2 (H2) RECEPTOR ANTAGONIST","id":"-66148126","lang":"en","level":1},{"name":"HIV PROTEASE INHIBITOR","id":"932448874","lang":"en","level":1},{"name":"HMG COA-REDUCTASE INHIBITOR","id":"-2032771374","lang":"en","level":1},{"name":"HOMEOPATHICS","id":"-1758558492","lang":"en","level":1},{"name":"HUMAN ANTIHEMOPHILIC FACTOR","id":"-1439549082","lang":"en","level":1},{"name":"HUMAN BLOOD COAGULATION FACTOR","id":"-361435428","lang":"en","level":1},{"name":"HUMAN SERUM ALBUMIN","id":"-4523879","lang":"en","level":1},{"name":"INACTIVATED INFLUENZA A VIRUS VACCINE","id":"-1779296199","lang":"en","level":1},{"name":"INFLUENZA A M2 PROTEIN INHIBITOR","id":"2118377431","lang":"en","level":1},{"name":"IRON REPLACEMENT PRODUCT","id":"-919549623","lang":"en","level":1},{"name":"L-THYROXINE (T4)","id":"-509348392","lang":"en","level":1},{"name":"LEAD CHELATOR","id":"-1499175066","lang":"en","level":1},{"name":"LIPID EMULSION","id":"-665718394","lang":"en","level":1},{"name":"LOCAL ANESTHETIC","id":"820752333","lang":"en","level":1},{"name":"LOOP DIURETIC","id":"1140015335","lang":"en","level":1},{"name":"MACROLIDE","id":"1634571370","lang":"en","level":1},{"name":"MACROLIDE ANTIMICROBIAL","id":"880879870","lang":"en","level":1},{"name":"MELANIN SYNTHESIS INHIBITOR","id":"562344804","lang":"en","level":1},{"name":"METHYLXANTHINE","id":"1060387974","lang":"en","level":1},{"name":"MOOD STABILIZER","id":"1532265164","lang":"en","level":1},{"name":"MUCOLYTIC","id":"2042779693","lang":"en","level":1},{"name":"MUSCARINIC AGONIST","id":"1018772045","lang":"en","level":1},{"name":"MUSCARINIC ANTAGONIST","id":"-652754794","lang":"en","level":1},{"name":"MUSCLE RELAXANT","id":"-9021658","lang":"en","level":1},{"name":"NICOTINE AGONIST","id":"1511119224","lang":"en","level":1},{"name":"NICOTINIC ACID","id":"1796686865","lang":"en","level":1},{"name":"NITRATE VASODILATOR","id":"1462281935","lang":"en","level":1},{"name":"NITROFURAN ANTIBACTERIAL","id":"1127831887","lang":"en","level":1},{"name":"NITROGEN BINDING AGENT","id":"-1409631932","lang":"en","level":1},{"name":"NITROIMIDAZOLE ANTIMICROBIAL","id":"-620773202","lang":"en","level":1},{"name":"NON-STANDARDIZED CHEMICAL ALLERGEN","id":"491612765","lang":"en","level":1},{"name":"NON-STANDARDIZED FOOD ALLERGENIC EXTRACT","id":"-858452948","lang":"en","level":1},{"name":"NON-STANDARDIZED PLANT ALLERGENIC EXTRACT","id":"-425909467","lang":"en","level":1},{"name":"NON-STANDARDIZED POLLEN ALLERGENIC EXTRACT","id":"-703781790","lang":"en","level":1},{"name":"NONDIHYDROPYRIDINE CALCIUM CHANNEL BLOCKER","id":"2006113955","lang":"en","level":1},{"name":"NONSTEROIDAL ANTI-INFLAMMATORY DRUG","id":"1127471470","lang":"en","level":1},{"name":"NOREPINEPHRINE-RELEASING AGENT","id":"-1380504794","lang":"en","level":1},{"name":"NUCLEOSIDE ANALOG HSV DNA POLYMERASE INHIBITOR / VZV DNA POLYMERASE INHIBITOR","id":"-869842135","lang":"en","level":1},{"name":"NUCLEOSIDE METABOLIC INHIBITOR","id":"1999386671","lang":"en","level":1},{"name":"OMEGA-3 FATTY ACID","id":"-1942058120","lang":"en","level":1},{"name":"OPIOID AGONIST","id":"1409146311","lang":"en","level":1},{"name":"OPIOID ANTAGONIST","id":"-1784433956","lang":"en","level":1},{"name":"OSMOTIC DIURETIC","id":"-21352477","lang":"en","level":1},{"name":"OSMOTIC LAXATIVE","id":"-1698209542","lang":"en","level":1},{"name":"OXIDATION-REDUCTION AGENT","id":"1817179548","lang":"en","level":1},{"name":"P2Y12 PLATELET INHIBITOR","id":"-152815273","lang":"en","level":1},{"name":"PARAMAGNETIC CONTRAST AGENT","id":"-2026179069","lang":"en","level":1},{"name":"PARTIAL OPIOID AGONIST/ANTAGONIST","id":"489777511","lang":"en","level":1},{"name":"PEDICULICIDE","id":"-94204784","lang":"en","level":1},{"name":"PENICILLIN CLASS ANTIBACTERIAL","id":"-687367064","lang":"en","level":1},{"name":"PEROXISOME PROLIFERATOR-ACTIVATED RECEPTOR (PPAR) ALPHA AGONIST","id":"123841027","lang":"en","level":1},{"name":"PHENOTHIAZINE","id":"2063505280","lang":"en","level":1},{"name":"PHOSPHATE BINDER","id":"-781635860","lang":"en","level":1},{"name":"PLASMA VOLUME EXPANDER","id":"923004975","lang":"en","level":1},{"name":"PLATELET AGGREGATION INHIBITOR","id":"-2040736783","lang":"en","level":1},{"name":"POLYENE ANTIFUNGAL","id":"-1642990715","lang":"en","level":1},{"name":"POLYMIXIN CLASS ANTIBACTERIAL","id":"-1006509822","lang":"en","level":1},{"name":"POTASSIUM SALT","id":"2131729537","lang":"en","level":1},{"name":"POTASSIUM-SPARING DIURETIC","id":"1323528591","lang":"en","level":1},{"name":"PROSTAGLANDIN-1 (PGE1) ANALOG","id":"917771482","lang":"en","level":1},{"name":"PROTON PUMP INHIBITOR","id":"1786466956","lang":"en","level":1},{"name":"PROVITAMIN D2 COMPOUND","id":"1481040930","lang":"en","level":1},{"name":"QUINOLONE ANTIMICROBIAL","id":"1081501876","lang":"en","level":1},{"name":"RADIOGRAPHIC CONTRAST AGENT","id":"-1046401478","lang":"en","level":1},{"name":"RECOMBINANT HUMAN DEOXYRIBONUCLEASE 1 (RHDNASE) ENZYME","id":"2138012613","lang":"en","level":1},{"name":"RECOMBINANT HUMAN GROWTH HORMONE","id":"-927633104","lang":"en","level":1},{"name":"RETINOID","id":"464438916","lang":"en","level":1},{"name":"RNA SYNTHETASE INHIBITOR ANTIBACTERIAL","id":"1847940386","lang":"en","level":1},{"name":"SEROTONIN AND NOREPINEPHRINE REUPTAKE INHIBITOR (SNRI)","id":"-1121110310","lang":"en","level":1},{"name":"SIGMA-1 AGONIST","id":"159092494","lang":"en","level":1},{"name":"STANDARDIZED CHEMICAL ALLERGEN","id":"2087582525","lang":"en","level":1},{"name":"STANDARDIZED INSECT VENOM PROTEIN ALLERGENIC EXTRACT","id":"422609026","lang":"en","level":1},{"name":"STIMULANT","id":"-974120021","lang":"en","level":1},{"name":"STIMULANT LAXATIVE","id":"1003408599","lang":"en","level":1},{"name":"SULFONAMIDE ANTIBACTERIAL","id":"-169333128","lang":"en","level":1},{"name":"TETRACYCLINE CLASS ANTIMICROBIAL","id":"-1373585893","lang":"en","level":1},{"name":"TETRACYCLINE-CLASS DRUG","id":"-1219981402","lang":"en","level":1},{"name":"THIAZIDE DIURETIC","id":"496823823","lang":"en","level":1},{"name":"THYROID HORMONE SYNTHESIS INHIBITOR","id":"2147351679","lang":"en","level":1},{"name":"TOPOISOMERASE INHIBITOR","id":"-41270322","lang":"en","level":1},{"name":"TRICYCLIC ANTIDEPRESSANT (TCA)","id":"-1546943166","lang":"en","level":1},{"name":"TYPICAL ANTIPSYCHOTIC","id":"-1863872440","lang":"en","level":1},{"name":"UNASSIGNED","id":"1641439079","lang":"en","level":1},{"name":"UNCOMPETITIVE NMDA RECEPTOR ANTAGONIST","id":"1168775560","lang":"en","level":1},{"name":"UNFRACTIONATED HEPARIN","id":"543812502","lang":"en","level":1},{"name":"URINARY CALCULI DISSOLUTION AGENT","id":"-1652392689","lang":"en","level":1},{"name":"VASOCONSTRICTOR","id":"1582324007","lang":"en","level":1},{"name":"VINCA ALKALOID","id":"1531347654","lang":"en","level":1},{"name":"VITAMIN A","id":"1023996275","lang":"en","level":1},{"name":"VITAMIN B COMPLEX MEMBER","id":"-1165888426","lang":"en","level":1},{"name":"VITAMIN B12","id":"512912021","lang":"en","level":1},{"name":"VITAMIN B6 ANALOG","id":"1244002702","lang":"en","level":1},{"name":"VITAMIN C","id":"1023996277","lang":"en","level":1},{"name":"VITAMIN D","id":"1023996278","lang":"en","level":1},{"name":"VITAMIN D ANALOG","id":"1998381786","lang":"en","level":1},{"name":"VITAMIN D3 ANALOG","id":"990597363","lang":"en","level":1},{"name":"VITAMIN K REPLACEMENT","id":"1348021199","lang":"en","level":1},{"name":"WARFARIN REVERSAL AGENT","id":"-577450337","lang":"en","level":1}]