[{"level":"6","name":"BENETHAMINE PENICILLIN\\PENICILLIN G SODIUM","id":"-1529546480","lang":"en"},{"level":"6","name":"COLISTIMETHATE SODIUM\\PENICILLIN G POTASSIUM","id":"773894785","lang":"en"},{"level":"6","name":"PENICILLIN G","id":"178470882","lang":"en"},{"level":"6","name":"PENICILLIN G 2-AMINO-4-METHYLPYRIMIDINE","id":"1521578168","lang":"en"},{"level":"6","name":"PENICILLIN G BENZATHINE","id":"-986457544","lang":"en"},{"level":"6","name":"PENICILLIN G BENZATHINE\\PENICILLIN G POTASSIUM\\PENICILLIN G PROCAINE","id":"-1818438126","lang":"en"},{"level":"6","name":"PENICILLIN G BENZATHINE\\PENICILLIN G PROCAINE\\PENICILLIN G SODIUM","id":"-71906070","lang":"en"},{"level":"6","name":"PENICILLIN G POTASSIUM","id":"-788340137","lang":"en"},{"level":"6","name":"PENICILLIN G POTASSIUM\\PENICILLIN G SODIUM","id":"1620493106","lang":"en"},{"level":"6","name":"PENICILLIN G PROCAINE","id":"1941046963","lang":"en"},{"level":"6","name":"PENICILLIN G PROCAINE\\PENICILLIN G SODIUM","id":"-549183090","lang":"en"},{"level":"6","name":"PENICILLIN G SODIUM","id":"-1783338953","lang":"en"}]