<?xml version="1.0"?>
<root xmlns='urn:schemas-upnp-org:device-1-0' xmlns:sec='http://www.sec.co.kr/dlna' xmlns:dlna='urn:schemas-dlna-org:device-1-0'>
 <specVersion>
  <major>1</major>
  <minor>0</minor>
 </specVersion>
 <device>
  <deviceType>urn:dial-multiscreen-org:device:dialreceiver:1</deviceType>
  <friendlyName>[TV]Samsung LED40</friendlyName>
  <manufacturer>Samsung Electronics</manufacturer>
  <manufacturerURL>http://www.samsung.com/sec</manufacturerURL>
  <modelDescription>Samsung TV NS</modelDescription>
  <modelName>UA40F5500</modelName>
  <modelNumber>1.0</modelNumber>
  <modelURL>http://www.samsung.com/sec</modelURL>
  <serialNumber>20090804RCR</serialNumber>
  <UDN>uuid:0aba9500-00b4-1000-8bb9-5cf6dcb23a9c</UDN>
  <sec:deviceID>CPCJEJIYMDQSE</sec:deviceID>
  <sec:ProductCap>Resolution:1280X720,Y2013</sec:ProductCap>
  <serviceList>
   <service>
    <serviceType>urn:dial-multiscreen-org:service:dial:1</serviceType>
    <serviceId>urn:dial-multiscreen-org:serviceId:dial</serviceId>
    <controlURL>/smp_28_</controlURL>
    <eventSubURL>/smp_29_</eventSubURL>
    <SCPDURL>/smp_27_</SCPDURL>
   </service>
  </serviceList>
 </device>
</root>
