{"priority.id":[{"id":6298,"text":"Low"},{"id":6308,"text":"To be Prioritized"},{"id":6278,"text":"High"},{"id":6288,"text":"Medium"},{"id":6268,"text":"Urgent"}],"disposition.id":[{"id":13,"text":"Review Required"},{"id":25,"text":"Validated Observation"},{"id":73,"text":"Continued Monitoring"},{"id":37,"text":"Non-Validated Observation"},{"id":61,"text":"Refuted Signal"},{"id":121,"text":"Corrected"},{"id":97,"text":"Closed - Refuted Signal"},{"id":49,"text":"Confirmed Signal"},{"id":1,"text":"New"},{"id":109,"text":"Closed - Confirmed Signal"},{"id":85,"text":"Communicated Potential Risk(s) and Risk Minimization Actions"}],"signal":["0IcZ4","0VQeW","1u0gH","29pFu","37QeX","4Ee6U","4bjbD","5XAnq","7S3w7","7pP9Z","7wJU8","8Zsdh","95O5E","A6Azk","CDd53","CgnnM","CwEu4","D5ozi","Djkto","EAr9a","FQaOE","G38hk","GYUTH","HIDGI","I9cnk","JFq6w","JQ7b2","JVicw","Jdk04","Jpsmo","KIKse","KU4dK","KcNwZ","L9q43","Lq4xC","MPCUz","NHgFc","NP9It","NYq16","New TG signal","O22Ci","OBDjq","OoxVp","PERF","PERF_SIG_!","PFv8P","PeMEe","Perf345","Perf_2","Perf_345","R2QDx","RmyAF","Signal_Perf_Performance","Smh83","TKW61","TZDn0","Txsan","Umqox","UpJ85","UxFGX","VkDme","VmIgo","Vvaxr","W9yhy","XDwUb","XQw8g","ZF3Xn","ZeTiG","aerf123","bOAAl","bcbTH","ble0b","c9nZJ","cppcj","d68Q0","dCIuJ","eUukM","fYWOA","fhBE5","g55wE","gBX1s","gvmhG","hlpwt","i2YUJ","iIsG9","irQ6q","ivREO","jRfhK","k881W","kMB3r","l2Kzp","lcliJ","m99qo","n1MmX","n6ive","o9uwI","pK4kP","rHbV8","rjOkG","rk36r","test_signal","testd","up9cC","vKQ2w","vdzDu","wCh3D","xVBXB","yNAIK","zfmlS","ziBm7"],"assignedTo.id":[{"id":288,"text":"System"},{"id":8119,"text":"somya"},{"id":258,"text":"Signal Dev"},{"id":168152,"text":"Dominique Michalec"},{"id":33538,"text":"Vikash Yadav"},{"id":33391,"text":"Rishabh Srivastava"},{"id":226,"text":"PVS Admin"},{"id":8877,"text":"bhagya"}],"assignedToGroup.id":[{"id":6204,"text":"Admin"},{"id":133,"text":"Default"},{"id":6205,"text":"All Users"}],"productName":[{"id":"PENICILLIN G","text":"PENICILLIN G"}],"appTypeAndNum":[],"listedness":[],"caseInitReceiptDate":"","lockedDate":"","serious":["Non Serious","Serious","Unknown"],"caseReportType":["Not available to sender (unknown)","Other","Report from study","Spontaneous"],"reportersHcpFlag":["No","Unknown","Yes"],"death":["No","Yes"],"age":["Adolescent","Adult","Child","Elderly","Infant","Neonate"],"rechallenge":["No","Unknown","Yes"],"caseType":["15-DAY","30-DAY","5-DAY","7-DAY","DIRECT","PERIODIC"],"compoundingFlag":["No","Unknown","Yes"],"dueIn":"","country":["United States","Japan","United Kingdom","Switzerland","Spain","India","Canada","South Korea","Iran","Malawi","Finland","Denmark","Poland","Italy","Mexico","Germany"],"gender":["female","male"],"submitter":["FRESENIUS KABI","WYETH","BAYER","LUNDBECK","ACTAVIS TOTOWA","LUITPOLD","JANSSEN","MYLAN","LOTUS.","VALEANT","PFIZER","SANDOZ","BRISTOL MYERS SQUIBB","TEVA"],"tags":[{"id":"Lot Issue","text":"Lot Issue"},{"id":"Review required","text":"Review required"},{"id":"Literature","text":"Literature"},{"id":"PRR","text":"PRR"},{"id":"testglobaltag","text":"testglobaltag"},{"id":"testing234","text":"testing234"},{"id":"Adult","text":"Adult"},{"id":"Case New Event","text":"Case New Event"},{"id":"Drug Abuse","text":"Drug Abuse"},{"id":"New Serious Type","text":"New Serious Type"},{"id":"Pediatric","text":"Pediatric"},{"id":"Pregnancy Case","text":"Pregnancy Case"},{"id":"SUSAR Case","text":"SUSAR Case"},{"id":"Trend EOSI","text":"Trend EOSI"},{"id":"Unlisted","text":"Unlisted"},{"id":"Infant","text":"Infant"},{"id":"Maladministration","text":"Maladministration"},{"id":"NEW","text":"NEW"},{"id":"ROR","text":"ROR"},{"id":"Case DME","text":"Case DME"},{"id":"Case Geriatric","text":"Case Geriatric"},{"id":"Device Issue","text":"Device Issue"},{"id":"Listed","text":"Listed"},{"id":"Positive Rechallenge ","text":"Positive Rechallenge "},{"id":"test","text":"test"},{"id":"Case Fatal Event","text":"Case Fatal Event"},{"id":"EB05","text":"EB05"},{"id":"Fatal","text":"Fatal"},{"id":"Overdose","text":"Overdose"},{"id":"PEC IME","text":"PEC IME"},{"id":"Trend","text":"Trend"},{"id":"Trend Geriatric","text":"Trend Geriatric"},{"id":"Trend Sieve","text":"Trend Sieve"},{"id":"Biologically Implausible","text":"Biologically Implausible"},{"id":"Case EOSI","text":"Case EOSI"},{"id":"Case Pediatric","text":"Case Pediatric"},{"id":"Lack of effect","text":"Lack of effect"},{"id":"Medication errors","text":"Medication errors"},{"id":"Neonate","text":"Neonate"},{"id":"Trend Pediatric","text":"Trend Pediatric"},{"id":"Geriatric","text":"Geriatric"},{"id":"Malfunction","text":"Malfunction"},{"id":"PEC DME","text":"PEC DME"},{"id":"PEC EOSI","text":"PEC EOSI"},{"id":"PEC TME","text":"PEC TME"},{"id":"Positive Dechallenge ","text":"Positive Dechallenge "},{"id":"SUSAR Event","text":"SUSAR Event"}]}