[{"name":"priority.id","display":"Priority","dataType":"java.lang.String"},{"name":"productName","display":"Product Name","dataType":"java.lang.String"},{"name":"ptList","display":"PT List","isAutocomplete":true,"dataType":"java.lang.String"},{"name":"conComitList","display":"All Conmeds","isAutocomplete":true,"dataType":"java.lang.String"},{"name":"caseInitReceiptDate","display":"Receipt Date","dataType":"java.util.Date"},{"name":"lockedDate","display":"Locked Date","dataType":"java.util.Date"},{"name":"dueDate","display":"Due In","dataType":"java.lang.Number"},{"name":"disposition.id","display":"Disposition","dataType":"java.lang.String"},{"name":"signal","display":"Signal","dataType":"java.lang.String"},{"name":"listedness","display":"Listedness","dataType":"java.lang.String"},{"name":"outcome","display":"Outcome","dataType":"java.lang.String"},{"name":"serious","display":"Serious","dataType":"java.lang.String"},{"name":"caseReportType","display":"Report Type","dataType":"java.lang.String"},{"name":"country","display":"Country","dataType":"java.lang.String"},{"name":"reportersHcpFlag","display":"HCP","dataType":"java.lang.String"},{"name":"death","display":"Death","dataType":"java.lang.String"},{"name":"age","display":"Age Group","dataType":"java.lang.String"},{"name":"gender","display":"Gender","dataType":"java.lang.String"},{"name":"caseType","display":"Case Type","dataType":"java.lang.String"},{"name":"completenessScore","display":"Completeness Score","dataType":"java.lang.Number"},{"name":"indNumber","display":"Primary IND#","isAutocomplete":true,"dataType":"java.lang.String"},{"name":"appTypeAndNum","display":"Application#","dataType":"java.lang.String"},{"name":"compoundingFlag","display":"Compounding Flag","dataType":"java.lang.String"},{"name":"medErrorPtList","display":"Medication Error PTs","isAutocomplete":true,"dataType":"java.lang.String"},{"name":"patientAge","display":"Age","dataType":"java.lang.Number"},{"name":"suspectProductList","display":"Suspect Products","isAutocomplete":true,"dataType":"java.lang.String"},{"name":"rechallenge","display":"Positive Rechallenge","dataType":"java.lang.String"},{"name":"caseNumber","display":"Case(f/u#)","isAutocomplete":true,"dataType":"java.lang.String"},{"name":"assignedTo.id","display":"Assigned To(User)","isAutocomplete":true,"dataType":"java.lang.String"},{"name":"assignedToGroup.id","display":"Assigned To(Group)","isAutocomplete":true,"dataType":"java.lang.String"},{"name":"pt","display":"PT","isAutocomplete":true,"dataType":"java.lang.String"},{"name":"caseNarrative","display":"Case Narrative","dataType":"java.lang.String"},{"name":"name","display":"Alert Name","dataType":"java.lang.String"},{"name":"submitter","display":"Submitter","dataType":"java.lang.String"},{"name":"tags","display":"Tags","dataType":"java.lang.String"}]