{"priority.id":[{"id":6298,"text":"Low"},{"id":6308,"text":"To be Prioritized"},{"id":6278,"text":"High"},{"id":6288,"text":"Medium"},{"id":6268,"text":"Urgent"}],"disposition.id":[{"id":13,"text":"Review Required"},{"id":25,"text":"Validated Observation"},{"id":73,"text":"Continued Monitoring"},{"id":37,"text":"Non-Validated Observation"},{"id":61,"text":"Refuted Signal"},{"id":121,"text":"Corrected"},{"id":97,"text":"Closed - Refuted Signal"},{"id":49,"text":"Confirmed Signal"},{"id":1,"text":"New"},{"id":109,"text":"Closed - Confirmed Signal"},{"id":85,"text":"Communicated Potential Risk(s) and Risk Minimization Actions"}],"signal":["testd","Signal_Perf_Performance","PERF_SIG_!","PERF","test_signal"],"productName":[{"id":"PENICILLIN G","text":"PENICILLIN G"}],"appTypeAndNum":[],"conComitList":[{"id":"ICILLIN G","text":"ICILLIN G"}],"ptList":[{"id":"Rash morbilliform","text":"Rash morbilliform"},{"id":"Headache","text":"Headache"},{"id":"Hypersensitivity","text":"Hypersensitivity"},{"id":"Eosinophilia","text":"Eosinophilia"},{"id":"Pyrexia","text":"Pyrexia"},{"id":"Liver function test abnormal","text":"Liver function test abnormal"},{"id":"Diarrhoea","text":"Diarrhoea"},{"id":"Nephrotic syndrome","text":"Nephrotic syndrome"},{"id":"Pruritus","text":"Pruritus"},{"id":"Tubulointerstitial nephritis","text":"Tubulointerstitial nephritis"}],"suspectProductList":[{"id":"PHENYTOIN","text":"PHENYTOIN"}],"medErrorPtList":[],"listedness":[],"caseInitReceiptDate":"","lockedDate":"","serious":["Non Serious","Serious","Unknown"],"caseReportType":["Not available to sender (unknown)","Other","Report from study","Spontaneous"],"country":["Denmark","Switzerland","Spain","Italy","Japan","Mexico","United States","Iran","India","Germany","Canada","United Kingdom","South Korea","Finland","Poland"],"reportersHcpFlag":["No","Unknown","Yes"],"death":["No","Yes"],"age":["Adolescent","Adult","Child","Elderly","Infant","Neonate"],"gender":["female","male"],"rechallenge":["No","Unknown","Yes"],"caseType":["15-DAY","30-DAY","5-DAY","7-DAY","DIRECT","PERIODIC"],"compoundingFlag":["No","Unknown","Yes"],"dueIn":"","tags":[{"id":"test","text":"test"},{"id":"testing234","text":"testing234"},{"id":"Review required","text":"Review required"},{"id":"Adult","text":"Adult"},{"id":"Adult","text":"Adult"},{"id":"Biologically Implausible","text":"Biologically Implausible"},{"id":"Biologically Implausible","text":"Biologically Implausible"},{"id":"Case DME","text":"Case DME"},{"id":"Case DME","text":"Case DME"},{"id":"Case EOSI","text":"Case EOSI"},{"id":"Case EOSI","text":"Case EOSI"},{"id":"Case Fatal Event","text":"Case Fatal Event"},{"id":"Case Fatal Event","text":"Case Fatal Event"},{"id":"Case Geriatric","text":"Case Geriatric"},{"id":"Case Geriatric","text":"Case Geriatric"},{"id":"Case New Event","text":"Case New Event"},{"id":"Case New Event","text":"Case New Event"},{"id":"Case Pediatric","text":"Case Pediatric"},{"id":"Case Pediatric","text":"Case Pediatric"},{"id":"Device Issue","text":"Device Issue"},{"id":"Device Issue","text":"Device Issue"},{"id":"Drug Abuse","text":"Drug Abuse"},{"id":"Drug Abuse","text":"Drug Abuse"},{"id":"EB05","text":"EB05"},{"id":"EB05","text":"EB05"},{"id":"Fatal","text":"Fatal"},{"id":"Fatal","text":"Fatal"},{"id":"Geriatric","text":"Geriatric"},{"id":"Geriatric","text":"Geriatric"},{"id":"Infant","text":"Infant"},{"id":"Infant","text":"Infant"},{"id":"Lack of effect","text":"Lack of effect"},{"id":"Lack of effect","text":"Lack of effect"},{"id":"Listed","text":"Listed"},{"id":"Listed","text":"Listed"},{"id":"Literature","text":"Literature"},{"id":"Literature","text":"Literature"},{"id":"Lot Issue","text":"Lot Issue"},{"id":"Lot Issue","text":"Lot Issue"},{"id":"Maladministration","text":"Maladministration"},{"id":"Maladministration","text":"Maladministration"},{"id":"Malfunction","text":"Malfunction"},{"id":"Malfunction","text":"Malfunction"},{"id":"Medication errors","text":"Medication errors"},{"id":"Medication errors","text":"Medication errors"},{"id":"NEW","text":"NEW"},{"id":"NEW","text":"NEW"},{"id":"Neonate","text":"Neonate"},{"id":"Neonate","text":"Neonate"},{"id":"New Serious Type","text":"New Serious Type"},{"id":"New Serious Type","text":"New Serious Type"},{"id":"Overdose","text":"Overdose"},{"id":"Overdose","text":"Overdose"},{"id":"PEC DME","text":"PEC DME"},{"id":"PEC DME","text":"PEC DME"},{"id":"PEC EOSI","text":"PEC EOSI"},{"id":"PEC EOSI","text":"PEC EOSI"},{"id":"PEC IME","text":"PEC IME"},{"id":"PEC IME","text":"PEC IME"},{"id":"PEC TME","text":"PEC TME"},{"id":"PEC TME","text":"PEC TME"},{"id":"PRR","text":"PRR"},{"id":"PRR","text":"PRR"},{"id":"Pediatric","text":"Pediatric"},{"id":"Pediatric","text":"Pediatric"},{"id":"Positive Dechallenge ","text":"Positive Dechallenge "},{"id":"Positive Dechallenge ","text":"Positive Dechallenge "},{"id":"Positive Rechallenge ","text":"Positive Rechallenge "},{"id":"Positive Rechallenge ","text":"Positive Rechallenge "},{"id":"Pregnancy Case","text":"Pregnancy Case"},{"id":"Pregnancy Case","text":"Pregnancy Case"},{"id":"ROR","text":"ROR"},{"id":"ROR","text":"ROR"},{"id":"SUSAR Case","text":"SUSAR Case"},{"id":"SUSAR Case","text":"SUSAR Case"},{"id":"SUSAR Event","text":"SUSAR Event"},{"id":"SUSAR Event","text":"SUSAR Event"},{"id":"Trend","text":"Trend"},{"id":"Trend","text":"Trend"},{"id":"Trend EOSI","text":"Trend EOSI"},{"id":"Trend EOSI","text":"Trend EOSI"},{"id":"Trend Geriatric","text":"Trend Geriatric"},{"id":"Trend Geriatric","text":"Trend Geriatric"},{"id":"Trend Pediatric","text":"Trend Pediatric"},{"id":"Trend Pediatric","text":"Trend Pediatric"},{"id":"Trend Sieve","text":"Trend Sieve"},{"id":"Trend Sieve","text":"Trend Sieve"},{"id":"Unlisted","text":"Unlisted"},{"id":"Unlisted","text":"Unlisted"},{"id":"testglobaltag","text":"testglobaltag"}]}