{"recordsFiltered":24,"recordsTotal":24,"aaData":[{"id":59,"name":"Perf1_AlertExecutionTime","dataSource":"pva","version":1,"description":null,"frequency":"DAILY","productSelection":"CYCLOBENZAPRINE","caseCount":80008,"closedCaseCount":0,"newCases":80008,"alertPriority":"Urgent","type":"Single Case Alert","lastExecuted":"08-Nov-2019","lastModified":"08-Nov-2019","pvrCaseSeriesId":34630,"sporfireCumulativeUrl":null,"sporfireRangeUrl":null},{"id":46,"name":"PERF_QUAL_30","dataSource":"pva","version":1,"description":null,"frequency":"DAILY","productSelection":"PENICILLIN G","caseCount":10001,"closedCaseCount":0,"newCases":10001,"alertPriority":"Urgent","type":"Single Case Alert","lastExecuted":"07-Nov-2019","lastModified":"07-Nov-2019","pvrCaseSeriesId":34483,"sporfireCumulativeUrl":null,"sporfireRangeUrl":null},{"id":45,"name":"PERF_QUAL_91","dataSource":"pva","version":1,"description":null,"frequency":"DAILY","productSelection":"PENICILLIN G","caseCount":10001,"closedCaseCount":0,"newCases":10001,"alertPriority":"Urgent","type":"Single Case Alert","lastExecuted":"07-Nov-2019","lastModified":"08-Nov-2019","pvrCaseSeriesId":34479,"sporfireCumulativeUrl":null,"sporfireRangeUrl":null},{"id":44,"name":"PERF_QUAL_152","dataSource":"pva","version":1,"description":null,"frequency":"DAILY","productSelection":"PENICILLIN G","caseCount":10001,"closedCaseCount":0,"newCases":10001,"alertPriority":"Urgent","type":"Single Case Alert","lastExecuted":"07-Nov-2019","lastModified":"07-Nov-2019","pvrCaseSeriesId":34470,"sporfireCumulativeUrl":null,"sporfireRangeUrl":null},{"id":43,"name":"PERF_QUAL_29","dataSource":"pva","version":1,"description":null,"frequency":"DAILY","productSelection":"PENICILLIN G","caseCount":10001,"closedCaseCount":0,"newCases":10001,"alertPriority":"Urgent","type":"Single Case Alert","lastExecuted":"07-Nov-2019","lastModified":"08-Nov-2019","pvrCaseSeriesId":34466,"sporfireCumulativeUrl":null,"sporfireRangeUrl":null},{"id":42,"name":"PERF_QUAL_60","dataSource":"pva","version":1,"description":null,"frequency":"DAILY","productSelection":"PENICILLIN G","caseCount":10001,"closedCaseCount":0,"newCases":10001,"alertPriority":"Urgent","type":"Single Case Alert","lastExecuted":"07-Nov-2019","lastModified":"08-Nov-2019","pvrCaseSeriesId":34474,"sporfireCumulativeUrl":null,"sporfireRangeUrl":null},{"id":41,"name":"PERF_QUAL_121","dataSource":"pva","version":1,"description":null,"frequency":"DAILY","productSelection":"PENICILLIN G","caseCount":10001,"closedCaseCount":0,"newCases":10001,"alertPriority":"Urgent","type":"Single Case Alert","lastExecuted":"07-Nov-2019","lastModified":"07-Nov-2019","pvrCaseSeriesId":34460,"sporfireCumulativeUrl":null,"sporfireRangeUrl":null},{"id":40,"name":"PERF_QUAL_59","dataSource":"pva","version":1,"description":null,"frequency":"DAILY","productSelection":"PENICILLIN G","caseCount":10001,"closedCaseCount":0,"newCases":10001,"alertPriority":"Urgent","type":"Single Case Alert","lastExecuted":"07-Nov-2019","lastModified":"07-Nov-2019","pvrCaseSeriesId":34456,"sporfireCumulativeUrl":null,"sporfireRangeUrl":null},{"id":38,"name":"PERF_QUAL_90","dataSource":"pva","version":1,"description":null,"frequency":"DAILY","productSelection":"PENICILLIN G","caseCount":10001,"closedCaseCount":0,"newCases":10001,"alertPriority":"Urgent","type":"Single Case Alert","lastExecuted":"07-Nov-2019","lastModified":"07-Nov-2019","pvrCaseSeriesId":34452,"sporfireCumulativeUrl":null,"sporfireRangeUrl":null},{"id":37,"name":"PERF_QUAL_28","dataSource":"pva","version":1,"description":null,"frequency":"DAILY","productSelection":"PENICILLIN G","caseCount":10001,"closedCaseCount":0,"newCases":10001,"alertPriority":"Urgent","type":"Single Case Alert","lastExecuted":"07-Nov-2019","lastModified":"07-Nov-2019","pvrCaseSeriesId":34447,"sporfireCumulativeUrl":null,"sporfireRangeUrl":null},{"id":33,"name":"PERF_QUAL_27","dataSource":"pva","version":1,"description":null,"frequency":"DAILY","productSelection":"PENICILLIN G","caseCount":10001,"closedCaseCount":0,"newCases":10001,"alertPriority":"Urgent","type":"Single Case Alert","lastExecuted":"07-Nov-2019","lastModified":"11-Nov-2019","pvrCaseSeriesId":34432,"sporfireCumulativeUrl":null,"sporfireRangeUrl":null},{"id":32,"name":"PERF_QUAL_26","dataSource":"pva","version":1,"description":null,"frequency":"DAILY","productSelection":"PENICILLIN G","caseCount":10001,"closedCaseCount":0,"newCases":10001,"alertPriority":"Urgent","type":"Single Case Alert","lastExecuted":"07-Nov-2019","lastModified":"07-Nov-2019","pvrCaseSeriesId":34427,"sporfireCumulativeUrl":null,"sporfireRangeUrl":null},{"id":31,"name":"PERF_QUAL_25","dataSource":"pva","version":1,"description":null,"frequency":"DAILY","productSelection":"PENICILLIN G","caseCount":10001,"closedCaseCount":0,"newCases":10001,"alertPriority":"Urgent","type":"Single Case Alert","lastExecuted":"07-Nov-2019","lastModified":"07-Nov-2019","pvrCaseSeriesId":34422,"sporfireCumulativeUrl":null,"sporfireRangeUrl":null},{"id":30,"name":"Singal_Alert_Perf","dataSource":"pva","version":1,"description":null,"frequency":"DAILY","productSelection":"AMIODARONE","caseCount":50005,"closedCaseCount":0,"newCases":50005,"alertPriority":"Urgent","type":"Single Case Alert","lastExecuted":"07-Nov-2019","lastModified":"07-Nov-2019","pvrCaseSeriesId":34376,"sporfireCumulativeUrl":null,"sporfireRangeUrl":null},{"id":29,"name":"Signal_ALert","dataSource":"pva","version":1,"description":null,"frequency":"DAILY","productSelection":"ASPIRIN","caseCount":280028,"closedCaseCount":0,"newCases":280028,"alertPriority":"Urgent","type":"Single Case Alert","lastExecuted":"07-Nov-2019","lastModified":"07-Nov-2019","pvrCaseSeriesId":34441,"sporfireCumulativeUrl":null,"sporfireRangeUrl":null},{"id":26,"name":"PERF_QUAL_24","dataSource":"pva","version":1,"description":null,"frequency":"DAILY","productSelection":"PENICILLIN G","caseCount":10001,"closedCaseCount":0,"newCases":10001,"alertPriority":"Urgent","type":"Single Case Alert","lastExecuted":"07-Nov-2019","lastModified":"07-Nov-2019","pvrCaseSeriesId":34355,"sporfireCumulativeUrl":null,"sporfireRangeUrl":null},{"id":25,"name":"PERF_QUAL_23","dataSource":"pva","version":1,"description":null,"frequency":"DAILY","productSelection":"PENICILLIN G","caseCount":10001,"closedCaseCount":0,"newCases":10001,"alertPriority":"Urgent","type":"Single Case Alert","lastExecuted":"07-Nov-2019","lastModified":"07-Nov-2019","pvrCaseSeriesId":34350,"sporfireCumulativeUrl":null,"sporfireRangeUrl":null},{"id":24,"name":"PERF_QUAL_21","dataSource":"pva","version":1,"description":null,"frequency":"DAILY","productSelection":"PENICILLIN G","caseCount":10001,"closedCaseCount":0,"newCases":10001,"alertPriority":"Urgent","type":"Single Case Alert","lastExecuted":"07-Nov-2019","lastModified":"07-Nov-2019","pvrCaseSeriesId":34345,"sporfireCumulativeUrl":null,"sporfireRangeUrl":null},{"id":23,"name":"Perf_15","dataSource":"pva","version":1,"description":null,"frequency":"DAILY","productSelection":"ANACIN (ACETAMINOPHEN),LIDOCAINE VISCOUS","caseCount":30003,"closedCaseCount":0,"newCases":30003,"alertPriority":"Urgent","type":"Single Case Alert","lastExecuted":"07-Nov-2019","lastModified":"07-Nov-2019","pvrCaseSeriesId":34340,"sporfireCumulativeUrl":null,"sporfireRangeUrl":null},{"id":22,"name":"PERF_QUAL_13","dataSource":"pva","version":1,"description":null,"frequency":"DAILY","productSelection":"AMIODARONE","caseCount":5,"closedCaseCount":0,"newCases":5,"alertPriority":"High","type":"Single Case Alert","lastExecuted":"06-Nov-2019","lastModified":"06-Nov-2019","pvrCaseSeriesId":34213,"sporfireCumulativeUrl":null,"sporfireRangeUrl":null},{"id":21,"name":"DILTIAZEM (Product Name) test","dataSource":"pva","version":1,"description":null,"frequency":"DAILY","productSelection":"DILTIAZEM","caseCount":6,"closedCaseCount":0,"newCases":6,"alertPriority":"Urgent","type":"Single Case Alert","lastExecuted":"06-Nov-2019","lastModified":"06-Nov-2019","pvrCaseSeriesId":34208,"sporfireCumulativeUrl":null,"sporfireRangeUrl":null},{"id":20,"name":"PERF_Qual_12","dataSource":"pva","version":1,"description":null,"frequency":"DAILY","productSelection":"LAMISIL","caseCount":1,"closedCaseCount":0,"newCases":1,"alertPriority":"Urgent","type":"Single Case Alert","lastExecuted":"06-Nov-2019","lastModified":"06-Nov-2019","pvrCaseSeriesId":34198,"sporfireCumulativeUrl":null,"sporfireRangeUrl":null},{"id":19,"name":"TESTNGQUAL","dataSource":"pva","version":1,"description":null,"frequency":"DAILY","productSelection":"AMIODARONE","caseCount":5,"closedCaseCount":0,"newCases":5,"alertPriority":"Medium","type":"Single Case Alert","lastExecuted":"06-Nov-2019","lastModified":"06-Nov-2019","pvrCaseSeriesId":34203,"sporfireCumulativeUrl":null,"sporfireRangeUrl":null},{"id":16,"name":"perf11","dataSource":"pva","version":1,"description":null,"frequency":"DAILY","productSelection":"AVITENE MICROFIBRILLAR COLLAGEN HEMOSTAT","caseCount":0,"closedCaseCount":0,"newCases":0,"alertPriority":"Urgent","type":"Single Case Alert","lastExecuted":"06-Nov-2019","lastModified":"06-Nov-2019","pvrCaseSeriesId":34193,"sporfireCumulativeUrl":null,"sporfireRangeUrl":null}]}