[{"label":"Tags","name":"alertTags","containerView":1,"seq":5,"listOrder":0},{"label":"Receipt Date","name":"caseInitReceiptDate","containerView":1,"seq":6,"listOrder":1},{"label":"Product Name","name":"productName","containerView":1,"seq":7,"listOrder":2},{"label":"PT","name":"pt","containerView":1,"seq":8,"listOrder":3},{"label":"Listedness","name":"listedness","containerView":1,"seq":9,"listOrder":4},{"label":"Current Disposition","name":"disposition","containerView":1,"seq":13,"listOrder":5},{"label":"Outcome","name":"outcome","containerView":1,"seq":10,"listOrder":6},{"label":"Signal / Topic","name":"signalsAndTopics","containerView":1,"seq":11,"listOrder":7},{"label":"Disposition","name":"currentDisposition","containerView":1,"seq":12,"listOrder":8},{"label":"Assigned To","name":"assignedToUser","containerView":1,"seq":14,"listOrder":9},{"label":"Due In","name":"dueDate","containerView":1,"seq":15,"listOrder":10},{"label":"Serious","name":"serious","containerView":1,"seq":19,"listOrder":11},{"label":"Suspect Products","name":"suspProd","containerView":3,"seq":16,"listOrder":9999},{"label":"Con Med","name":"conComit","containerView":3,"seq":17,"listOrder":9999},{"label":"PT List","name":"masterPrefTermAll","containerView":3,"seq":18,"listOrder":9999},{"label":"Report Type","name":"caseReportType","containerView":3,"seq":20,"listOrder":9999},{"label":"HCP","name":"reportersHcpFlag","containerView":3,"seq":21,"listOrder":9999},{"label":"Country","name":"country","containerView":3,"seq":22,"listOrder":9999},{"label":"Age Group","name":"age","containerView":3,"seq":23,"listOrder":9999},{"label":"Gender","name":"gender","containerView":3,"seq":24,"listOrder":9999},{"label":"Positive Rechallenge","name":"rechallenge","containerView":3,"seq":25,"listOrder":9999},{"label":"Locked Date","name":"lockedDate","containerView":3,"seq":26,"listOrder":9999},{"label":"Death","name":"death","containerView":3,"seq":27,"listOrder":9999},{"label":"Medication Error PTs","name":"medErrorsPt","containerView":3,"seq":28,"listOrder":9999},{"label":"Age","name":"patientAge","containerView":3,"seq":29,"listOrder":9999},{"label":"Case Type","name":"caseType","containerView":3,"seq":30,"listOrder":9999},{"label":"Completeness Score","name":"completenessScore","containerView":3,"seq":31,"listOrder":9999},{"label":"Primary IND#","name":"indNumber","containerView":3,"seq":32,"listOrder":9999},{"label":"Application#","name":"appTypeAndNum","containerView":3,"seq":33,"listOrder":9999},{"label":"Compounding Flag","name":"compoundingFlag","containerView":3,"seq":34,"listOrder":9999},{"label":"Submitter","name":"submitter","containerView":3,"seq":35,"listOrder":9999}]