{"recordsFiltered":511,"recordsTotal":511,"aaData":[{"id":1113,"name":"j3ah2n","dataSource":"pva","version":1,"description":null,"frequency":"DAILY","productSelection":"PENICILLIN G","caseCount":10001,"closedCaseCount":0,"newCases":9951,"alertPriority":"Urgent","type":"Single Case Alert","lastExecuted":"02-Dec-2019","lastModified":"05-Dec-2019","pvrCaseSeriesId":38263,"sporfireCumulativeUrl":null,"sporfireRangeUrl":null,"IsShareWithAccess":true},{"id":1112,"name":"hroExy","dataSource":"pva","version":1,"description":null,"frequency":"DAILY","productSelection":"PENICILLIN G","caseCount":10001,"closedCaseCount":0,"newCases":10001,"alertPriority":"Urgent","type":"Single Case Alert","lastExecuted":"02-Dec-2019","lastModified":"02-Dec-2019","pvrCaseSeriesId":38255,"sporfireCumulativeUrl":null,"sporfireRangeUrl":null,"IsShareWithAccess":true},{"id":1111,"name":"IVuEZJ","dataSource":"pva","version":1,"description":null,"frequency":"DAILY","productSelection":"PENICILLIN G","caseCount":10001,"closedCaseCount":0,"newCases":10001,"alertPriority":"Urgent","type":"Single Case Alert","lastExecuted":"02-Dec-2019","lastModified":"05-Dec-2019","pvrCaseSeriesId":38251,"sporfireCumulativeUrl":null,"sporfireRangeUrl":null,"IsShareWithAccess":true},{"id":1110,"name":"0PfC1U","dataSource":"pva","version":1,"description":null,"frequency":"DAILY","productSelection":"PENICILLIN G","caseCount":10001,"closedCaseCount":0,"newCases":10001,"alertPriority":"Urgent","type":"Single Case Alert","lastExecuted":"02-Dec-2019","lastModified":"02-Dec-2019","pvrCaseSeriesId":38259,"sporfireCumulativeUrl":null,"sporfireRangeUrl":null,"IsShareWithAccess":true},{"id":1109,"name":"qIKK47","dataSource":"pva","version":1,"description":null,"frequency":"DAILY","productSelection":"PENICILLIN G","caseCount":10001,"closedCaseCount":0,"newCases":10001,"alertPriority":"Urgent","type":"Single Case Alert","lastExecuted":"02-Dec-2019","lastModified":"02-Dec-2019","pvrCaseSeriesId":38247,"sporfireCumulativeUrl":null,"sporfireRangeUrl":null,"IsShareWithAccess":true},{"id":1108,"name":"6iqudW","dataSource":"pva","version":1,"description":null,"frequency":"DAILY","productSelection":"PENICILLIN G","caseCount":10001,"closedCaseCount":0,"newCases":10001,"alertPriority":"Urgent","type":"Single Case Alert","lastExecuted":"02-Dec-2019","lastModified":"02-Dec-2019","pvrCaseSeriesId":38238,"sporfireCumulativeUrl":null,"sporfireRangeUrl":null,"IsShareWithAccess":true},{"id":1107,"name":"Zs2vDi","dataSource":"pva","version":1,"description":null,"frequency":"DAILY","productSelection":"PENICILLIN G","caseCount":10001,"closedCaseCount":0,"newCases":10001,"alertPriority":"Urgent","type":"Single Case Alert","lastExecuted":"02-Dec-2019","lastModified":"02-Dec-2019","pvrCaseSeriesId":38242,"sporfireCumulativeUrl":null,"sporfireRangeUrl":null,"IsShareWithAccess":true},{"id":1106,"name":"gWnD3F","dataSource":"pva","version":1,"description":null,"frequency":"DAILY","productSelection":"PENICILLIN G","caseCount":10001,"closedCaseCount":0,"newCases":10001,"alertPriority":"Urgent","type":"Single Case Alert","lastExecuted":"02-Dec-2019","lastModified":"02-Dec-2019","pvrCaseSeriesId":38234,"sporfireCumulativeUrl":null,"sporfireRangeUrl":null,"IsShareWithAccess":true},{"id":1105,"name":"DmdizE","dataSource":"pva","version":1,"description":null,"frequency":"DAILY","productSelection":"PENICILLIN G","caseCount":10001,"closedCaseCount":0,"newCases":10001,"alertPriority":"Urgent","type":"Single Case Alert","lastExecuted":"02-Dec-2019","lastModified":"02-Dec-2019","pvrCaseSeriesId":38223,"sporfireCumulativeUrl":null,"sporfireRangeUrl":null,"IsShareWithAccess":true},{"id":1104,"name":"qoO61k","dataSource":"pva","version":1,"description":null,"frequency":"DAILY","productSelection":"PENICILLIN G","caseCount":10001,"closedCaseCount":0,"newCases":10001,"alertPriority":"Urgent","type":"Single Case Alert","lastExecuted":"02-Dec-2019","lastModified":"02-Dec-2019","pvrCaseSeriesId":38219,"sporfireCumulativeUrl":null,"sporfireRangeUrl":null,"IsShareWithAccess":true},{"id":1103,"name":"FdF0v3","dataSource":"pva","version":1,"description":null,"frequency":"DAILY","productSelection":"PENICILLIN G","caseCount":10001,"closedCaseCount":0,"newCases":10001,"alertPriority":"Urgent","type":"Single Case Alert","lastExecuted":"02-Dec-2019","lastModified":"02-Dec-2019","pvrCaseSeriesId":38215,"sporfireCumulativeUrl":null,"sporfireRangeUrl":null,"IsShareWithAccess":true},{"id":1102,"name":"E9Qq7M","dataSource":"pva","version":1,"description":null,"frequency":"DAILY","productSelection":"PENICILLIN G","caseCount":10001,"closedCaseCount":0,"newCases":10001,"alertPriority":"Urgent","type":"Single Case Alert","lastExecuted":"02-Dec-2019","lastModified":"02-Dec-2019","pvrCaseSeriesId":38210,"sporfireCumulativeUrl":null,"sporfireRangeUrl":null,"IsShareWithAccess":true},{"id":1101,"name":"Jfl6ae","dataSource":"pva","version":1,"description":null,"frequency":"DAILY","productSelection":"PENICILLIN G","caseCount":10001,"closedCaseCount":0,"newCases":10001,"alertPriority":"Urgent","type":"Single Case Alert","lastExecuted":"02-Dec-2019","lastModified":"02-Dec-2019","pvrCaseSeriesId":38206,"sporfireCumulativeUrl":null,"sporfireRangeUrl":null,"IsShareWithAccess":true},{"id":1100,"name":"1yVFTA","dataSource":"pva","version":1,"description":null,"frequency":"DAILY","productSelection":"PENICILLIN G","caseCount":10001,"closedCaseCount":0,"newCases":10001,"alertPriority":"Urgent","type":"Single Case Alert","lastExecuted":"02-Dec-2019","lastModified":"02-Dec-2019","pvrCaseSeriesId":38202,"sporfireCumulativeUrl":null,"sporfireRangeUrl":null,"IsShareWithAccess":true},{"id":1099,"name":"LAyb1b","dataSource":"pva","version":1,"description":null,"frequency":"DAILY","productSelection":"PENICILLIN G","caseCount":10001,"closedCaseCount":0,"newCases":10001,"alertPriority":"Urgent","type":"Single Case Alert","lastExecuted":"02-Dec-2019","lastModified":"02-Dec-2019","pvrCaseSeriesId":38197,"sporfireCumulativeUrl":null,"sporfireRangeUrl":null,"IsShareWithAccess":true},{"id":1097,"name":"M935Ae","dataSource":"pva","version":1,"description":null,"frequency":"DAILY","productSelection":"PENICILLIN G","caseCount":10001,"closedCaseCount":0,"newCases":10001,"alertPriority":"Urgent","type":"Single Case Alert","lastExecuted":"02-Dec-2019","lastModified":"02-Dec-2019","pvrCaseSeriesId":38193,"sporfireCumulativeUrl":null,"sporfireRangeUrl":null,"IsShareWithAccess":true},{"id":1096,"name":"kKwd9z","dataSource":"pva","version":1,"description":null,"frequency":"DAILY","productSelection":"PENICILLIN G","caseCount":10001,"closedCaseCount":0,"newCases":10001,"alertPriority":"Urgent","type":"Single Case Alert","lastExecuted":"02-Dec-2019","lastModified":"02-Dec-2019","pvrCaseSeriesId":38189,"sporfireCumulativeUrl":null,"sporfireRangeUrl":null,"IsShareWithAccess":true},{"id":1095,"name":"jKwtYN","dataSource":"pva","version":1,"description":null,"frequency":"DAILY","productSelection":"PENICILLIN G","caseCount":10001,"closedCaseCount":0,"newCases":10001,"alertPriority":"Urgent","type":"Single Case Alert","lastExecuted":"02-Dec-2019","lastModified":"02-Dec-2019","pvrCaseSeriesId":38183,"sporfireCumulativeUrl":null,"sporfireRangeUrl":null,"IsShareWithAccess":true},{"id":1094,"name":"Ar6bCy","dataSource":"pva","version":1,"description":null,"frequency":"DAILY","productSelection":"PENICILLIN G","caseCount":10001,"closedCaseCount":0,"newCases":10001,"alertPriority":"Urgent","type":"Single Case Alert","lastExecuted":"02-Dec-2019","lastModified":"02-Dec-2019","pvrCaseSeriesId":38177,"sporfireCumulativeUrl":null,"sporfireRangeUrl":null,"IsShareWithAccess":true},{"id":1093,"name":"7Kjchn","dataSource":"pva","version":1,"description":null,"frequency":"DAILY","productSelection":"PENICILLIN G","caseCount":10001,"closedCaseCount":0,"newCases":10001,"alertPriority":"Urgent","type":"Single Case Alert","lastExecuted":"02-Dec-2019","lastModified":"02-Dec-2019","pvrCaseSeriesId":38168,"sporfireCumulativeUrl":null,"sporfireRangeUrl":null,"IsShareWithAccess":true},{"id":1092,"name":"AtbAJL","dataSource":"pva","version":1,"description":null,"frequency":"DAILY","productSelection":"PENICILLIN G","caseCount":10001,"closedCaseCount":0,"newCases":10001,"alertPriority":"Urgent","type":"Single Case Alert","lastExecuted":"02-Dec-2019","lastModified":"02-Dec-2019","pvrCaseSeriesId":38163,"sporfireCumulativeUrl":null,"sporfireRangeUrl":null,"IsShareWithAccess":true},{"id":1091,"name":"OzZqSQ","dataSource":"pva","version":1,"description":null,"frequency":"DAILY","productSelection":"PENICILLIN G","caseCount":10001,"closedCaseCount":0,"newCases":10001,"alertPriority":"Urgent","type":"Single Case Alert","lastExecuted":"02-Dec-2019","lastModified":"02-Dec-2019","pvrCaseSeriesId":38159,"sporfireCumulativeUrl":null,"sporfireRangeUrl":null,"IsShareWithAccess":true},{"id":1090,"name":"izzRjA","dataSource":"pva","version":1,"description":null,"frequency":"DAILY","productSelection":"PENICILLIN G","caseCount":10001,"closedCaseCount":0,"newCases":10001,"alertPriority":"Urgent","type":"Single Case Alert","lastExecuted":"02-Dec-2019","lastModified":"02-Dec-2019","pvrCaseSeriesId":38155,"sporfireCumulativeUrl":null,"sporfireRangeUrl":null,"IsShareWithAccess":true},{"id":1089,"name":"xKmDFl","dataSource":"pva","version":1,"description":null,"frequency":"DAILY","productSelection":"PENICILLIN G","caseCount":10001,"closedCaseCount":0,"newCases":10001,"alertPriority":"Urgent","type":"Single Case Alert","lastExecuted":"02-Dec-2019","lastModified":"02-Dec-2019","pvrCaseSeriesId":38151,"sporfireCumulativeUrl":null,"sporfireRangeUrl":null,"IsShareWithAccess":true},{"id":1088,"name":"694NoJ","dataSource":"pva","version":1,"description":null,"frequency":"DAILY","productSelection":"PENICILLIN G","caseCount":10001,"closedCaseCount":0,"newCases":10001,"alertPriority":"Urgent","type":"Single Case Alert","lastExecuted":"02-Dec-2019","lastModified":"02-Dec-2019","pvrCaseSeriesId":38143,"sporfireCumulativeUrl":null,"sporfireRangeUrl":null,"IsShareWithAccess":true}]}