{
  "FilterHeaders": [
    {
      "Header": "x-requested-with",
      "IncludeInScript": true
    },
    {
      "Header": "x-csrf-token",
      "IncludeInScript": true
    },
    {
      "Header": "user-agent",
      "IncludeInScript": false
    },
    {
      "Header": "upgrade-insecure-requests",
      "IncludeInScript": true
    },
    {
      "Header": "upgrade",
      "IncludeInScript": true
    },
    {
      "Header": "sec-websocket-version",
      "IncludeInScript": true
    },
    {
      "Header": "sec-websocket-key",
      "IncludeInScript": true
    },
    {
      "Header": "sec-websocket-extensions",
      "IncludeInScript": true
    },
    {
      "Header": "pragma",
      "IncludeInScript": true
    },
    {
      "Header": "origin",
      "IncludeInScript": true
    },
    {
      "Header": "dnt",
      "IncludeInScript": true
    },
    {
      "Header": "cache-control",
      "IncludeInScript": true
    },
    {
      "Header": "accept-language",
      "IncludeInScript": true
    },
    {
      "Header": "accept-encoding",
      "IncludeInScript": true
    },
    {
      "Header": "accept",
      "IncludeInScript": true
    }
  ],
  "FilterResources": [
    {
      "IsNonResource": false,
      "type": "text/plain"
    },
    {
      "IsNonResource": true,
      "type": "text/html"
    },
    {
      "IsNonResource": false,
      "type": "text/css"
    },
    {
      "IsNonResource": false,
      "type": "image/x-icon"
    },
    {
      "IsNonResource": false,
      "type": "image/png"
    },
    {
      "IsNonResource": false,
      "type": "image/jpeg"
    },
    {
      "IsNonResource": false,
      "type": "image/gif"
    },
    {
      "IsNonResource": false,
      "type": "font/woff2"
    },
    {
      "IsNonResource": false,
      "type": "font/woff"
    },
    {
      "IsNonResource": true,
      "type": "application/json"
    },
    {
      "IsNonResource": false,
      "type": "application/javascript"
    }
  ],
  "GeneralInfo": {
    "BrowserVersion": "",
    "IsWinInetMode": false,
    "MaxUsedConnections": 30,
    "RecordedBrowser": "Firefox",
    "RecordingDate": "Nov-08-2019",
    "RecordingDuration": 453328,
    "RecordingMode": "N/A",
    "RecordingTimeStamp": 1573211314,
    "RecordingType": "Browser",
    "TotalBytesReceived": 3436891,
    "TotalBytesSent": 536661,
    "TotalRequests": 225,
    "UserAgent": "Mozilla/5.0 (Windows NT 10.0; Win64; x64; rv:72.0) Gecko/20100101 Firefox/72.0"
  },
  "HostInfo": [
    {
      "DomainName": "firefox.com",
      "Domains": [
        {
          "HTTPVersion": "HTTP/1.1",
          "IP": "202.83.26.104",
          "IncludeInScript": true,
          "Name": "detectportal.firefox.com",
          "Port": 80,
          "Requests": [
            {
              "CompressionType": "",
              "DataType": "text/plain",
              "DownloadTime": 78,
              "EventId": 2334,
              "HttpStatus": 200,
              "Size": 8,
              "URL": "http://detectportal.firefox.com/success.txt?ipv4"
            },
            {
              "CompressionType": "",
              "DataType": "text/plain",
              "DownloadTime": 62,
              "EventId": 2312,
              "HttpStatus": 200,
              "Size": 8,
              "URL": "http://detectportal.firefox.com/success.txt"
            },
            {
              "CompressionType": "",
              "DataType": "text/plain",
              "DownloadTime": 16,
              "EventId": 2288,
              "HttpStatus": 200,
              "Size": 8,
              "URL": "http://detectportal.firefox.com/success.txt?ipv4"
            },
            {
              "CompressionType": "",
              "DataType": "text/plain",
              "DownloadTime": 63,
              "EventId": 2260,
              "HttpStatus": 200,
              "Size": 8,
              "URL": "http://detectportal.firefox.com/success.txt"
            },
            {
              "CompressionType": "",
              "DataType": "text/plain",
              "DownloadTime": 32,
              "EventId": 2181,
              "HttpStatus": 200,
              "Size": 8,
              "URL": "http://detectportal.firefox.com/success.txt?ipv4"
            },
            {
              "CompressionType": "",
              "DataType": "text/plain",
              "DownloadTime": 31,
              "EventId": 2168,
              "HttpStatus": 200,
              "Size": 8,
              "URL": "http://detectportal.firefox.com/success.txt"
            },
            {
              "CompressionType": "",
              "DataType": "text/plain",
              "DownloadTime": 47,
              "EventId": 2100,
              "HttpStatus": 200,
              "Size": 8,
              "URL": "http://detectportal.firefox.com/success.txt?ipv4"
            },
            {
              "CompressionType": "",
              "DataType": "text/plain",
              "DownloadTime": 16,
              "EventId": 2059,
              "HttpStatus": 200,
              "Size": 8,
              "URL": "http://detectportal.firefox.com/success.txt"
            },
            {
              "CompressionType": "",
              "DataType": "text/plain",
              "DownloadTime": 94,
              "EventId": 1870,
              "HttpStatus": 200,
              "Size": 8,
              "URL": "http://detectportal.firefox.com/success.txt?ipv4"
            },
            {
              "CompressionType": "",
              "DataType": "text/plain",
              "DownloadTime": 47,
              "EventId": 1848,
              "HttpStatus": 200,
              "Size": 8,
              "URL": "http://detectportal.firefox.com/success.txt"
            },
            {
              "CompressionType": "",
              "DataType": "text/plain",
              "DownloadTime": 47,
              "EventId": 1759,
              "HttpStatus": 200,
              "Size": 8,
              "URL": "http://detectportal.firefox.com/success.txt?ipv4"
            },
            {
              "CompressionType": "",
              "DataType": "text/plain",
              "DownloadTime": 31,
              "EventId": 1740,
              "HttpStatus": 200,
              "Size": 8,
              "URL": "http://detectportal.firefox.com/success.txt"
            },
            {
              "CompressionType": "",
              "DataType": "text/plain",
              "DownloadTime": 47,
              "EventId": 1427,
              "HttpStatus": 200,
              "Size": 8,
              "URL": "http://detectportal.firefox.com/success.txt?ipv4"
            },
            {
              "CompressionType": "",
              "DataType": "text/plain",
              "DownloadTime": 78,
              "EventId": 1413,
              "HttpStatus": 200,
              "Size": 8,
              "URL": "http://detectportal.firefox.com/success.txt"
            },
            {
              "CompressionType": "",
              "DataType": "text/plain",
              "DownloadTime": 47,
              "EventId": 1384,
              "HttpStatus": 200,
              "Size": 8,
              "URL": "http://detectportal.firefox.com/success.txt?ipv4"
            },
            {
              "CompressionType": "",
              "DataType": "text/plain",
              "DownloadTime": 16,
              "EventId": 1378,
              "HttpStatus": 200,
              "Size": 8,
              "URL": "http://detectportal.firefox.com/success.txt"
            },
            {
              "CompressionType": "",
              "DataType": "text/plain",
              "DownloadTime": 47,
              "EventId": 1349,
              "HttpStatus": 200,
              "Size": 8,
              "URL": "http://detectportal.firefox.com/success.txt?ipv4"
            },
            {
              "CompressionType": "",
              "DataType": "text/plain",
              "DownloadTime": 47,
              "EventId": 1331,
              "HttpStatus": 200,
              "Size": 8,
              "URL": "http://detectportal.firefox.com/success.txt"
            },
            {
              "CompressionType": "",
              "DataType": "text/plain",
              "DownloadTime": 31,
              "EventId": 1225,
              "HttpStatus": 200,
              "Size": 8,
              "URL": "http://detectportal.firefox.com/success.txt?ipv4"
            },
            {
              "CompressionType": "",
              "DataType": "text/plain",
              "DownloadTime": 63,
              "EventId": 1201,
              "HttpStatus": 200,
              "Size": 8,
              "URL": "http://detectportal.firefox.com/success.txt"
            },
            {
              "CompressionType": "",
              "DataType": "text/plain",
              "DownloadTime": 63,
              "EventId": 1199,
              "HttpStatus": 200,
              "Size": 8,
              "URL": "http://detectportal.firefox.com/success.txt?ipv4"
            },
            {
              "CompressionType": "",
              "DataType": "text/plain",
              "DownloadTime": 47,
              "EventId": 1177,
              "HttpStatus": 200,
              "Size": 8,
              "URL": "http://detectportal.firefox.com/success.txt"
            },
            {
              "CompressionType": "",
              "DataType": "text/plain",
              "DownloadTime": 63,
              "EventId": 1171,
              "HttpStatus": 200,
              "Size": 8,
              "URL": "http://detectportal.firefox.com/success.txt?ipv4"
            },
            {
              "CompressionType": "",
              "DataType": "text/plain",
              "DownloadTime": 31,
              "EventId": 1115,
              "HttpStatus": 200,
              "Size": 8,
              "URL": "http://detectportal.firefox.com/success.txt"
            },
            {
              "CompressionType": "",
              "DataType": "text/plain",
              "DownloadTime": 31,
              "EventId": 1093,
              "HttpStatus": 200,
              "Size": 8,
              "URL": "http://detectportal.firefox.com/success.txt?ipv4"
            },
            {
              "CompressionType": "",
              "DataType": "text/plain",
              "DownloadTime": 219,
              "EventId": 997,
              "HttpStatus": 200,
              "Size": 8,
              "URL": "http://detectportal.firefox.com/success.txt"
            }
          ],
          "SSLCipher": "None",
          "SSLVersion": "None"
        }
      ],
      "IncludeInScript": true
    },
    {
      "DomainName": "10.100.22.24",
      "Domains": [
        {
          "HTTPVersion": "HTTP/1.1",
          "IP": "10.100.22.24",
          "IncludeInScript": true,
          "Name": "10.100.22.24",
          "Port": 8181,
          "Requests": [
            {
              "CompressionType": "",
              "DataType": "text/html",
              "DownloadTime": 296,
              "EventId": 2336,
              "HttpStatus": 200,
              "Size": 2397,
              "URL": "http://10.100.22.24:8181/signal/login/auth"
            },
            {
              "CompressionType": "",
              "DataType": "",
              "DownloadTime": 313,
              "EventId": 2292,
              "HttpStatus": 302,
              "Size": 0,
              "URL": "http://10.100.22.24:8181/signal/logoff"
            },
            {
              "CompressionType": "",
              "DataType": "",
              "DownloadTime": 328,
              "EventId": 2252,
              "HttpStatus": 302,
              "Size": 0,
              "URL": "http://10.100.22.24:8181/signal/logout/index"
            },
            {
              "CompressionType": "",
              "DataType": "application/json",
              "DownloadTime": 797,
              "EventId": 2244,
              "HttpStatus": 200,
              "Size": 26277,
              "URL": "http://10.100.22.24:8181/signal/inboxLog/forUser/8877?_=1579237614746"
            },
            {
              "CompressionType": "",
              "DataType": "application/json",
              "DownloadTime": 625,
              "EventId": 2240,
              "HttpStatus": 200,
              "Size": 26277,
              "URL": "http://10.100.22.24:8181/signal/inboxLog/forUser/8877?_=1579237614745"
            },
            {
              "CompressionType": "",
              "DataType": "application/json",
              "DownloadTime": 719,
              "EventId": 2236,
              "HttpStatus": 200,
              "Size": 26277,
              "URL": "http://10.100.22.24:8181/signal/inboxLog/forUser/8877?_=1579237614744"
            },
            {
              "CompressionType": "",
              "DataType": "application/json",
              "DownloadTime": 875,
              "EventId": 2234,
              "HttpStatus": 200,
              "Size": 2,
              "URL": "http://10.100.22.24:8181/signal/caseHistory/listSuspectProdCaseHistory?caseNumber=US-PFIZER%20INC-2012185734ZZZ14862047&productFamily=PENICILLIN%20G&caseVersion=2&_=1579237614743"
            },
            {
              "CompressionType": "",
              "DataType": "application/json",
              "DownloadTime": 609,
              "EventId": 2232,
              "HttpStatus": 200,
              "Size": 2,
              "URL": "http://10.100.22.24:8181/signal/caseHistory/listCaseHistory?caseNumber=US-PFIZER%20INC-2012185734ZZZ14862047&productFamily=PENICILLIN%20G&alertConfigId=1070&_=1579237614742"
            },
            {
              "CompressionType": "",
              "DataType": "application/json",
              "DownloadTime": 906,
              "EventId": 2226,
              "HttpStatus": 200,
              "Size": 26277,
              "URL": "http://10.100.22.24:8181/signal/inboxLog/forUser/8877?_=1579237614741"
            },
            {
              "CompressionType": "",
              "DataType": "application/json",
              "DownloadTime": 719,
              "EventId": 2222,
              "HttpStatus": 200,
              "Size": 26277,
              "URL": "http://10.100.22.24:8181/signal/inboxLog/forUser/8877?_=1579237614740"
            },
            {
              "CompressionType": "",
              "DataType": "application/json",
              "DownloadTime": 797,
              "EventId": 2218,
              "HttpStatus": 200,
              "Size": 26277,
              "URL": "http://10.100.22.24:8181/signal/inboxLog/forUser/8877?_=1579237614739"
            },
            {
              "CompressionType": "",
              "DataType": "application/json",
              "DownloadTime": 344,
              "EventId": 2216,
              "HttpStatus": 200,
              "Size": 115,
              "URL": "http://10.100.22.24:8181/signal/singleCaseAlert/fetchAttachment?alertId=5760652&_=1579237614738"
            },
            {
              "CompressionType": "",
              "DataType": "application/json",
              "DownloadTime": 2297,
              "EventId": 2214,
              "HttpStatus": 200,
              "Size": 16,
              "URL": "http://10.100.22.24:8181/signal/singleCaseAlert/upload"
            },
            {
              "CompressionType": "",
              "DataType": "application/json",
              "DownloadTime": 1218,
              "EventId": 2210,
              "HttpStatus": 200,
              "Size": 26277,
              "URL": "http://10.100.22.24:8181/signal/inboxLog/forUser/8877?_=1579237614737"
            },
            {
              "CompressionType": "",
              "DataType": "application/json",
              "DownloadTime": 437,
              "EventId": 2205,
              "HttpStatus": 200,
              "Size": 2,
              "URL": "http://10.100.22.24:8181/signal/singleCaseAlert/fetchAttachment?alertId=5760652&_=1579237614736"
            },
            {
              "CompressionType": "gzip",
              "DataType": "application/json",
              "DownloadTime": 328,
              "EventId": 2203,
              "HttpStatus": 200,
              "Size": 387,
              "URL": "http://10.100.22.24:8181/signal/assets/i18n/dataTables_en.json"
            },
            {
              "CompressionType": "",
              "DataType": "application/json",
              "DownloadTime": 812,
              "EventId": 2199,
              "HttpStatus": 200,
              "Size": 26277,
              "URL": "http://10.100.22.24:8181/signal/inboxLog/forUser/8877?_=1579237614735"
            },
            {
              "CompressionType": "",
              "DataType": "application/json",
              "DownloadTime": 890,
              "EventId": 2195,
              "HttpStatus": 200,
              "Size": 26277,
              "URL": "http://10.100.22.24:8181/signal/inboxLog/forUser/8877?_=1579237614734"
            },
            {
              "CompressionType": "",
              "DataType": "application/json",
              "DownloadTime": 391,
              "EventId": 2193,
              "HttpStatus": 200,
              "Size": 374,
              "URL": "http://10.100.22.24:8181/signal/alertComment/listComments?alertType=Single+Case+Alert&productFamily=PENICILLIN+G&caseNumber=US-PFIZER+INC-2012185734ZZZ14862047&productName=PENICILLIN+G&pt=Nephrotic+syndrome&productId=178470882&assignedTo=8877&executedConfigId=1105&configId=1070"
            },
            {
              "CompressionType": "",
              "DataType": "application/json",
              "DownloadTime": 562,
              "EventId": 2191,
              "HttpStatus": 200,
              "Size": 16,
              "URL": "http://10.100.22.24:8181/signal/alertComment/saveComment"
            },
            {
              "CompressionType": "",
              "DataType": "application/json",
              "DownloadTime": 844,
              "EventId": 2187,
              "HttpStatus": 200,
              "Size": 26277,
              "URL": "http://10.100.22.24:8181/signal/inboxLog/forUser/8877?_=1579237614733"
            },
            {
              "CompressionType": "",
              "DataType": "application/json",
              "DownloadTime": 750,
              "EventId": 2183,
              "HttpStatus": 200,
              "Size": 26277,
              "URL": "http://10.100.22.24:8181/signal/inboxLog/forUser/8877?_=1579237614732"
            },
            {
              "CompressionType": "",
              "DataType": "",
              "DownloadTime": 296,
              "EventId": 2128,
              "HttpStatus": 200,
              "Size": 0,
              "URL": "http://10.100.22.24:8181/signal/alertComment/listComments?alertType=Single+Case+Alert&productFamily=PENICILLIN+G&caseNumber=US-PFIZER+INC-2012185734ZZZ14862047&productName=PENICILLIN+G&pt=Nephrotic+syndrome&productId=178470882&assignedTo=8877&executedConfigId=1105&configId=1070"
            },
            {
              "CompressionType": "",
              "DataType": "application/json",
              "DownloadTime": 656,
              "EventId": 2124,
              "HttpStatus": 200,
              "Size": 26277,
              "URL": "http://10.100.22.24:8181/signal/inboxLog/forUser/8877?_=1579237614731"
            },
            {
              "CompressionType": "",
              "DataType": "application/json",
              "DownloadTime": 1172,
              "EventId": 2120,
              "HttpStatus": 200,
              "Size": 26277,
              "URL": "http://10.100.22.24:8181/signal/inboxLog/forUser/8877?_=1579237614730"
            },
            {
              "CompressionType": "",
              "DataType": "application/json",
              "DownloadTime": 766,
              "EventId": 2111,
              "HttpStatus": 200,
              "Size": 26277,
              "URL": "http://10.100.22.24:8181/signal/inboxLog/forUser/8877?_=1579237614729"
            },
            {
              "CompressionType": "",
              "DataType": "application/json",
              "DownloadTime": 1219,
              "EventId": 2107,
              "HttpStatus": 200,
              "Size": 26277,
              "URL": "http://10.100.22.24:8181/signal/inboxLog/forUser/8877?_=1579237614728"
            },
            {
              "CompressionType": "",
              "DataType": "application/json",
              "DownloadTime": 390,
              "EventId": 2045,
              "HttpStatus": 200,
              "Size": 372,
              "URL": "http://10.100.22.24:8181/signal/alertComment/listComments?alertType=Single+Case+Alert&productFamily=PENICILLIN+G&caseNumber=US-PFIZER+INC-2012185734ZZZ14862050&productName=PENICILLIN+G&pt=Nephrotic+syndrome&productId=178470882&assignedTo=8877&executedConfigId=1105&configId=1070"
            },
            {
              "CompressionType": "",
              "DataType": "application/json",
              "DownloadTime": 516,
              "EventId": 2043,
              "HttpStatus": 200,
              "Size": 16,
              "URL": "http://10.100.22.24:8181/signal/alertComment/saveComment"
            },
            {
              "CompressionType": "",
              "DataType": "",
              "DownloadTime": 375,
              "EventId": 2041,
              "HttpStatus": 200,
              "Size": 0,
              "URL": "http://10.100.22.24:8181/signal/alertComment/listComments?alertType=Single+Case+Alert&productFamily=PENICILLIN+G&caseNumber=US-PFIZER+INC-2012185734ZZZ14862050&productName=PENICILLIN+G&pt=Nephrotic+syndrome&productId=178470882&assignedTo=8877&executedConfigId=1105&configId=1070"
            },
            {
              "CompressionType": "",
              "DataType": "application/json",
              "DownloadTime": 1140,
              "EventId": 2037,
              "HttpStatus": 200,
              "Size": 26277,
              "URL": "http://10.100.22.24:8181/signal/inboxLog/forUser/8877?_=1579237614727"
            },
            {
              "CompressionType": "",
              "DataType": "application/json",
              "DownloadTime": 859,
              "EventId": 2025,
              "HttpStatus": 200,
              "Size": 26277,
              "URL": "http://10.100.22.24:8181/signal/inboxLog/forUser/8877?_=1579237614726"
            },
            {
              "CompressionType": "gzip",
              "DataType": "",
              "DownloadTime": 422,
              "EventId": 2023,
              "HttpStatus": 200,
              "Size": 581,
              "URL": "http://10.100.22.24:8181/signal/assets/app/pvs/hbs-templates/disposition.hbs"
            },
            {
              "CompressionType": "gzip",
              "DataType": "",
              "DownloadTime": 265,
              "EventId": 2021,
              "HttpStatus": 200,
              "Size": 265,
              "URL": "http://10.100.22.24:8181/signal/assets/app/pvs/hbs-templates/action_drop_down.hbs"
            },
            {
              "CompressionType": "gzip",
              "DataType": "",
              "DownloadTime": 484,
              "EventId": 2019,
              "HttpStatus": 200,
              "Size": 221,
              "URL": "http://10.100.22.24:8181/signal/assets/app/pvs/hbs-templates/priority.hbs"
            },
            {
              "CompressionType": "",
              "DataType": "application/json",
              "DownloadTime": 2344,
              "EventId": 2010,
              "HttpStatus": 200,
              "Size": 108260,
              "URL": "http://10.100.22.24:8181/signal/singleCaseAlert/listByExecutedConfig/1105?cumulative=false&adhocRun=false&dashboardFilter=&tagName=&isFilterRequest=false&filters=[]"
            },
            {
              "CompressionType": "",
              "DataType": "",
              "DownloadTime": 516,
              "EventId": 2008,
              "HttpStatus": 101,
              "Size": 5,
              "URL": "http://10.100.22.24:8181/signal/stomp/317/35u9w3kw/websocket"
            },
            {
              "CompressionType": "",
              "DataType": "application/json",
              "DownloadTime": 735,
              "EventId": 2004,
              "HttpStatus": 200,
              "Size": 26277,
              "URL": "http://10.100.22.24:8181/signal/inboxLog/forUser/8877?_=1579237614725"
            },
            {
              "CompressionType": "",
              "DataType": "application/json",
              "DownloadTime": 297,
              "EventId": 2000,
              "HttpStatus": 200,
              "Size": 77,
              "URL": "http://10.100.22.24:8181/signal/stomp/info"
            },
            {
              "CompressionType": "",
              "DataType": "application/json",
              "DownloadTime": 391,
              "EventId": 1996,
              "HttpStatus": 200,
              "Size": 2686,
              "URL": "http://10.100.22.24:8181/signal/viewInstance/viewColumnInfo?viewInstance.id=6189&_=1579237614724"
            },
            {
              "CompressionType": "",
              "DataType": "image/png",
              "DownloadTime": 484,
              "EventId": 1994,
              "HttpStatus": 200,
              "Size": 1416,
              "URL": "http://10.100.22.24:8181/signal/assets/word-icon.png"
            },
            {
              "CompressionType": "",
              "DataType": "image/jpeg",
              "DownloadTime": 469,
              "EventId": 1992,
              "HttpStatus": 200,
              "Size": 878,
              "URL": "http://10.100.22.24:8181/signal/assets/pdf-icon.jpg"
            },
            {
              "CompressionType": "",
              "DataType": "image/gif",
              "DownloadTime": 469,
              "EventId": 1990,
              "HttpStatus": 200,
              "Size": 1603,
              "URL": "http://10.100.22.24:8181/signal/assets/excel.gif"
            },
            {
              "CompressionType": "",
              "DataType": "image/gif",
              "DownloadTime": 453,
              "EventId": 1988,
              "HttpStatus": 200,
              "Size": 1603,
              "URL": "http://10.100.22.24:8181/signal/assets/excel-a40ce78cdd86cac8004163bf736802da.gif"
            },
            {
              "CompressionType": "",
              "DataType": "image/png",
              "DownloadTime": 437,
              "EventId": 1986,
              "HttpStatus": 200,
              "Size": 1416,
              "URL": "http://10.100.22.24:8181/signal/assets/word-icon-d5dad3111daf01520f03d97072fa0247.png"
            },
            {
              "CompressionType": "",
              "DataType": "image/jpeg",
              "DownloadTime": 437,
              "EventId": 1984,
              "HttpStatus": 200,
              "Size": 878,
              "URL": "http://10.100.22.24:8181/signal/assets/pdf-icon-a6e7d7d9b9c47fb6cfd5611a914b2db5.jpg"
            },
            {
              "CompressionType": "gzip",
              "DataType": "application/javascript",
              "DownloadTime": 406,
              "EventId": 1982,
              "HttpStatus": 200,
              "Size": 850,
              "URL": "http://10.100.22.24:8181/signal/assets/app/pvs/query/to_add_container-b1b2fd25e47dbd84f82bc3c80acf5f8b.js"
            },
            {
              "CompressionType": "gzip",
              "DataType": "text/css",
              "DownloadTime": 390,
              "EventId": 1980,
              "HttpStatus": 200,
              "Size": 157,
              "URL": "http://10.100.22.24:8181/signal/assets/colReorder.dataTables.min-6c9c3520f346057281532b7b491bad4b.css"
            },
            {
              "CompressionType": "gzip",
              "DataType": "text/css",
              "DownloadTime": 282,
              "EventId": 1978,
              "HttpStatus": 200,
              "Size": 383,
              "URL": "http://10.100.22.24:8181/signal/assets/app/pvs/updatedFixedColumn-4180034da606560f8555366463a750ac.css"
            },
            {
              "CompressionType": "gzip",
              "DataType": "text/css",
              "DownloadTime": 313,
              "EventId": 1976,
              "HttpStatus": 200,
              "Size": 306,
              "URL": "http://10.100.22.24:8181/signal/assets/app/pvs/pvs_list-642eea288b57d537ccfdff6c8e0e7c6b.css"
            },
            {
              "CompressionType": "gzip",
              "DataType": "application/javascript",
              "DownloadTime": 297,
              "EventId": 1973,
              "HttpStatus": 200,
              "Size": 11597,
              "URL": "http://10.100.22.24:8181/signal/assets/backbone/backbone-fb26971962c1315514c8ede192bc0252.js"
            },
            {
              "CompressionType": "gzip",
              "DataType": "text/css",
              "DownloadTime": 281,
              "EventId": 1971,
              "HttpStatus": 200,
              "Size": 360,
              "URL": "http://10.100.22.24:8181/signal/assets/app/pvs/businessConfiguration-731e96c2d56f6817b3602b4a92b3886f.css"
            },
            {
              "CompressionType": "gzip",
              "DataType": "text/css",
              "DownloadTime": 281,
              "EventId": 1968,
              "HttpStatus": 200,
              "Size": 868,
              "URL": "http://10.100.22.24:8181/signal/assets/query-b27835585fd1b7c5ffd2e2c29a5ff2d7.css"
            },
            {
              "CompressionType": "gzip",
              "DataType": "application/javascript",
              "DownloadTime": 297,
              "EventId": 1966,
              "HttpStatus": 200,
              "Size": 7758,
              "URL": "http://10.100.22.24:8181/signal/assets/app/pvs/advancedFilter/advancedFilterQueryBuilder-6a50d7065df84d243f869aadaf8c60eb.js"
            },
            {
              "CompressionType": "gzip",
              "DataType": "application/javascript",
              "DownloadTime": 297,
              "EventId": 1964,
              "HttpStatus": 200,
              "Size": 5222,
              "URL": "http://10.100.22.24:8181/signal/assets/backbone/underscore-98afbb17ea5a38bed2d9dd4c03c3c624.js"
            },
            {
              "CompressionType": "gzip",
              "DataType": "application/javascript",
              "DownloadTime": 312,
              "EventId": 1962,
              "HttpStatus": 200,
              "Size": 202,
              "URL": "http://10.100.22.24:8181/signal/assets/app/pvs/alert_utils/common_key_prevent-ef5634527119e90cc2576f0ef956085c.js"
            },
            {
              "CompressionType": "gzip",
              "DataType": "application/javascript",
              "DownloadTime": 296,
              "EventId": 1960,
              "HttpStatus": 200,
              "Size": 638,
              "URL": "http://10.100.22.24:8181/signal/assets/app/pvs/caseHistory/caseHistoryJustification-e00adcb2bfe499584728ed2595e37611.js"
            },
            {
              "CompressionType": "gzip",
              "DataType": "application/javascript",
              "DownloadTime": 360,
              "EventId": 1957,
              "HttpStatus": 200,
              "Size": 1120,
              "URL": "http://10.100.22.24:8181/signal/assets/app/bootstrap-modal-popover/bootstrap-modal-popover-13efefa1c00b94cc73690eb7d64a74c4.js"
            },
            {
              "CompressionType": "gzip",
              "DataType": "application/javascript",
              "DownloadTime": 313,
              "EventId": 1955,
              "HttpStatus": 200,
              "Size": 2415,
              "URL": "http://10.100.22.24:8181/signal/assets/app/pvs/priority/priority-change-563bf2de0b881ffce6a107ddfd61b0a1.js"
            },
            {
              "CompressionType": "gzip",
              "DataType": "application/javascript",
              "DownloadTime": 313,
              "EventId": 1953,
              "HttpStatus": 200,
              "Size": 4618,
              "URL": "http://10.100.22.24:8181/signal/assets/app/pvs/disposition/disposition-change-2d2e2087675ac5c86ba1271a6d52bfd3.js"
            },
            {
              "CompressionType": "gzip",
              "DataType": "application/javascript",
              "DownloadTime": 359,
              "EventId": 1951,
              "HttpStatus": 200,
              "Size": 1244,
              "URL": "http://10.100.22.24:8181/signal/assets/app/pvs/similarCases/similarCases-313f82b9b82d3ae5fbaf40bbf9e37f17.js"
            },
            {
              "CompressionType": "gzip",
              "DataType": "application/javascript",
              "DownloadTime": 344,
              "EventId": 1949,
              "HttpStatus": 200,
              "Size": 1596,
              "URL": "http://10.100.22.24:8181/signal/assets/app/pvs/alerts_review/fieldConfigurationManagement-e1a802ff9b5cad88989e761d50770b53.js"
            },
            {
              "CompressionType": "gzip",
              "DataType": "application/javascript",
              "DownloadTime": 860,
              "EventId": 1945,
              "HttpStatus": 200,
              "Size": 32483,
              "URL": "http://10.100.22.24:8181/signal/assets/yadcf/jquery.dataTables.yadcf-a13c93c305588bd0340c6a9901cd3492.js"
            },
            {
              "CompressionType": "gzip",
              "DataType": "application/javascript",
              "DownloadTime": 328,
              "EventId": 1941,
              "HttpStatus": 200,
              "Size": 10865,
              "URL": "http://10.100.22.24:8181/signal/assets/vendorUi/datatables/datatable.colsReorder.min-f60fbf698f1fa675a29d5b361968020a.js"
            },
            {
              "CompressionType": "gzip",
              "DataType": "application/javascript",
              "DownloadTime": 297,
              "EventId": 1939,
              "HttpStatus": 200,
              "Size": 35676,
              "URL": "http://10.100.22.24:8181/signal/assets/app/pvs/alerts_review/single_case_alert_details-b3108760cd680d9b19b78dc43949ac88.js"
            },
            {
              "CompressionType": "gzip",
              "DataType": "application/javascript",
              "DownloadTime": 297,
              "EventId": 1937,
              "HttpStatus": 200,
              "Size": 1032,
              "URL": "http://10.100.22.24:8181/signal/assets/app/pvs/caseHistory/caseHistoryTable-f85fb0708a524a8a3e9796f9a22f1266.js"
            },
            {
              "CompressionType": "gzip",
              "DataType": "application/javascript",
              "DownloadTime": 516,
              "EventId": 1935,
              "HttpStatus": 200,
              "Size": 3720,
              "URL": "http://10.100.22.24:8181/signal/assets/app/pvs/bootbox.min-05d23d3920015845ca00414081fd0ec6.js"
            },
            {
              "CompressionType": "gzip",
              "DataType": "application/javascript",
              "DownloadTime": 563,
              "EventId": 1933,
              "HttpStatus": 200,
              "Size": 544,
              "URL": "http://10.100.22.24:8181/signal/assets/vendorUi/highcharts/themes/grid-rx-b439bf122addf135d43063a53d34f9d7.js"
            },
            {
              "CompressionType": "gzip",
              "DataType": "application/javascript",
              "DownloadTime": 562,
              "EventId": 1926,
              "HttpStatus": 200,
              "Size": 7034,
              "URL": "http://10.100.22.24:8181/signal/assets/vendorUi/highcharts/highcharts-3d-65774008a3b78b30a394568a24c6af09.js"
            },
            {
              "CompressionType": "gzip",
              "DataType": "application/javascript",
              "DownloadTime": 578,
              "EventId": 1924,
              "HttpStatus": 200,
              "Size": 70978,
              "URL": "http://10.100.22.24:8181/signal/assets/vendorUi/highcharts/highcharts-de65192df8733b7a60482497a875df4c.js"
            },
            {
              "CompressionType": "gzip",
              "DataType": "application/javascript",
              "DownloadTime": 515,
              "EventId": 1922,
              "HttpStatus": 200,
              "Size": 9725,
              "URL": "http://10.100.22.24:8181/signal/assets/vendorUi/highcharts/highcharts-more-f214354c75a376fd86847242d26a1023.js"
            },
            {
              "CompressionType": "",
              "DataType": "text/html",
              "DownloadTime": 1953,
              "EventId": 1896,
              "HttpStatus": 200,
              "Size": 232579,
              "URL": "http://10.100.22.24:8181/signal/singleCaseAlert/details?callingScreen=review&configId=1105"
            },
            {
              "CompressionType": "",
              "DataType": "application/json",
              "DownloadTime": 969,
              "EventId": 1889,
              "HttpStatus": 200,
              "Size": 26277,
              "URL": "http://10.100.22.24:8181/signal/inboxLog/forUser/8877?_=1579237585028"
            },
            {
              "CompressionType": "",
              "DataType": "application/json",
              "DownloadTime": 859,
              "EventId": 1842,
              "HttpStatus": 200,
              "Size": 26277,
              "URL": "http://10.100.22.24:8181/signal/inboxLog/forUser/8877?_=1579237585027"
            },
            {
              "CompressionType": "",
              "DataType": "application/json",
              "DownloadTime": 4406,
              "EventId": 1831,
              "HttpStatus": 200,
              "Size": 10027,
              "URL": "http://10.100.22.24:8181/signal/singleCaseAlert/listConfig?adhocRun=false&draw=1&columns%5B0%5D%5Bdata%5D=name&columns%5B0%5D%5Bname%5D=&columns%5B0%5D%5Bsearchable%5D=true&columns%5B0%5D%5Borderable%5D=true&columns%5B0%5D%5Bsearch%5D%5Bvalue%5D=&columns%5B0%5D%5Bsearch%5D%5Bregex%5D=false&columns%5B1%5D%5Bdata%5D=productSelection&columns%5B1%5D%5Bname%5D=&columns%5B1%5D%5Bsearchable%5D=true&columns%5B1%5D%5Borderable%5D=false&columns%5B1%5D%5Bsearch%5D%5Bvalue%5D=&columns%5B1%5D%5Bsearch%5D%5Bregex%5D=false&columns%5B2%5D%5Bdata%5D=description&columns%5B2%5D%5Bname%5D=&columns%5B2%5D%5Bsearchable%5D=true&columns%5B2%5D%5Borderable%5D=true&columns%5B2%5D%5Bsearch%5D%5Bvalue%5D=&columns%5B2%5D%5Bsearch%5D%5Bregex%5D=false&columns%5B3%5D%5Bdata%5D=&columns%5B3%5D%5Bname%5D=&columns%5B3%5D%5Bsearchable%5D=true&columns%5B3%5D%5Borderable%5D=true&columns%5B3%5D%5Bsearch%5D%5Bvalue%5D=&columns%5B3%5D%5Bsearch%5D%5Bregex%5D=false&columns%5B4%5D%5Bdata%5D=caseCount&columns%5B4%5D%5Bname%5D=&columns%5B4%5D%5Bsearchable%5D=true&columns%5B4%5D%5Borderable%5D=false&columns%5B4%5D%5Bsearch%5D%5Bvalue%5D=&columns%5B4%5D%5Bsearch%5D%5Bregex%5D=false&columns%5B5%5D%5Bdata%5D=newCases&columns%5B5%5D%5Bname%5D=&columns%5B5%5D%5Bsearchable%5D=true&columns%5B5%5D%5Borderable%5D=false&columns%5B5%5D%5Bsearch%5D%5Bvalue%5D=&columns%5B5%5D%5Bsearch%5D%5Bregex%5D=false&columns%5B6%5D%5Bdata%5D=closedCaseCount&columns%5B6%5D%5Bname%5D=&columns%5B6%5D%5Bsearchable%5D=true&columns%5B6%5D%5Borderable%5D=false&columns%5B6%5D%5Bsearch%5D%5Bvalue%5D=&columns%5B6%5D%5Bsearch%5D%5Bregex%5D=false&columns%5B7%5D%5Bdata%5D=alertPriority&columns%5B7%5D%5Bname%5D=&columns%5B7%5D%5Bsearchable%5D=true&columns%5B7%5D%5Borderable%5D=false&columns%5B7%5D%5Bsearch%5D%5Bvalue%5D=&columns%5B7%5D%5Bsearch%5D%5Bregex%5D=false&columns%5B8%5D%5Bdata%5D=lastModified&columns%5B8%5D%5Bname%5D=&columns%5B8%5D%5Bsearchable%5D=true&columns%5B8%5D%5Borderable%5D=true&columns%5B8%5D%5Bsearch%5D%5Bvalue%5D=&columns%5B8%5D%5Bsearch%5D%5Bregex%5D=false&columns%5B9%5D%5Bdata%5D=lastExecuted&columns%5B9%5D%5Bname%5D=&columns%5B9%5D%5Bsearchable%5D=true&columns%5B9%5D%5Borderable%5D=true&columns%5B9%5D%5Bsearch%5D%5Bvalue%5D=&columns%5B9%5D%5Bsearch%5D%5Bregex%5D=false&columns%5B10%5D%5Bdata%5D=&columns%5B10%5D%5Bname%5D=&columns%5B10%5D%5Bsearchable%5D=true&columns%5B10%5D%5Borderable%5D=false&columns%5B10%5D%5Bsearch%5D%5Bvalue%5D=&columns%5B10%5D%5Bsearch%5D%5Bregex%5D=false&order%5B0%5D%5Bcolumn%5D=9&order%5B0%5D%5Bdir%5D=desc&start=0&length=25&search%5Bvalue%5D=&search%5Bregex%5D=false&_=1579237585025"
            },
            {
              "CompressionType": "",
              "DataType": "",
              "DownloadTime": 656,
              "EventId": 1829,
              "HttpStatus": 101,
              "Size": 5,
              "URL": "http://10.100.22.24:8181/signal/stomp/690/kb2mb6xk/websocket"
            },
            {
              "CompressionType": "",
              "DataType": "application/json",
              "DownloadTime": 766,
              "EventId": 1826,
              "HttpStatus": 200,
              "Size": 26277,
              "URL": "http://10.100.22.24:8181/signal/inboxLog/forUser/8877?_=1579237585026"
            },
            {
              "CompressionType": "",
              "DataType": "application/json",
              "DownloadTime": 281,
              "EventId": 1822,
              "HttpStatus": 200,
              "Size": 77,
              "URL": "http://10.100.22.24:8181/signal/stomp/info"
            },
            {
              "CompressionType": "",
              "DataType": "image/gif",
              "DownloadTime": 375,
              "EventId": 1819,
              "HttpStatus": 200,
              "Size": 18689,
              "URL": "http://10.100.22.24:8181/signal/assets/spinner.gif"
            },
            {
              "CompressionType": "",
              "DataType": "application/json",
              "DownloadTime": 344,
              "EventId": 1817,
              "HttpStatus": 200,
              "Size": 2,
              "URL": "http://10.100.22.24:8181/signal/workflow/workflowState"
            },
            {
              "CompressionType": "",
              "DataType": "application/json",
              "DownloadTime": 406,
              "EventId": 1815,
              "HttpStatus": 200,
              "Size": 965,
              "URL": "http://10.100.22.24:8181/signal/workflow/priorities"
            },
            {
              "CompressionType": "gzip",
              "DataType": "application/javascript",
              "DownloadTime": 578,
              "EventId": 1813,
              "HttpStatus": 200,
              "Size": 263,
              "URL": "http://10.100.22.24:8181/signal/assets/app/pvs/dataTablesActionButtons-50a104b30cb3aa5d21eb1f1f33f1d835.js"
            },
            {
              "CompressionType": "gzip",
              "DataType": "text/css",
              "DownloadTime": 547,
              "EventId": 1811,
              "HttpStatus": 200,
              "Size": 542,
              "URL": "http://10.100.22.24:8181/signal/assets/yadcf/jquery.dataTables.yadcf-926e48d7fd2745f397358930a160f1e9.css"
            },
            {
              "CompressionType": "gzip",
              "DataType": "application/javascript",
              "DownloadTime": 563,
              "EventId": 1809,
              "HttpStatus": 200,
              "Size": 359,
              "URL": "http://10.100.22.24:8181/signal/assets/app/pvs/alerts_review/date_sorting-da239e7bd7a3fa5234640fc73de45906.js"
            },
            {
              "CompressionType": "gzip",
              "DataType": "application/javascript",
              "DownloadTime": 563,
              "EventId": 1807,
              "HttpStatus": 200,
              "Size": 8789,
              "URL": "http://10.100.22.24:8181/signal/assets/app/pvs/alerts_review/simple_case_alert_review-1cfa4ae2b5c91452860ca3ced0d8f99c.js"
            },
            {
              "CompressionType": "gzip",
              "DataType": "application/javascript",
              "DownloadTime": 578,
              "EventId": 1805,
              "HttpStatus": 200,
              "Size": 477,
              "URL": "http://10.100.22.24:8181/signal/assets/app/pvs/configuration/deliveryOption-7f47fbed88efc00747809850e2dc4aa4.js"
            },
            {
              "CompressionType": "",
              "DataType": "",
              "DownloadTime": 297,
              "EventId": 1803,
              "HttpStatus": 404,
              "Size": 0,
              "URL": "http://10.100.22.24:8181/signal/assets/yadcf/jquery.datatables.yadcf.js"
            },
            {
              "CompressionType": "",
              "DataType": "text/html",
              "DownloadTime": 1250,
              "EventId": 1788,
              "HttpStatus": 200,
              "Size": 43671,
              "URL": "http://10.100.22.24:8181/signal/singleCaseAlert/review"
            },
            {
              "CompressionType": "",
              "DataType": "application/json",
              "DownloadTime": 766,
              "EventId": 1782,
              "HttpStatus": 200,
              "Size": 26277,
              "URL": "http://10.100.22.24:8181/signal/inboxLog/forUser/8877?_=1579237540930"
            },
            {
              "CompressionType": "",
              "DataType": "application/json",
              "DownloadTime": 890,
              "EventId": 1775,
              "HttpStatus": 200,
              "Size": 26277,
              "URL": "http://10.100.22.24:8181/signal/inboxLog/forUser/8877?_=1579237540929"
            },
            {
              "CompressionType": "",
              "DataType": "application/json",
              "DownloadTime": 10625,
              "EventId": 1736,
              "HttpStatus": 200,
              "Size": 254,
              "URL": "http://10.100.22.24:8181/signal/dashboard/getProductByStatus?type=Single%20Case%20Alert&_=1579237540923"
            },
            {
              "CompressionType": "",
              "DataType": "application/json",
              "DownloadTime": 8765,
              "EventId": 1726,
              "HttpStatus": 200,
              "Size": 143,
              "URL": "http://10.100.22.24:8181/signal/dashboard/alertByDueDate?_=1579237540922"
            },
            {
              "CompressionType": "",
              "DataType": "application/json",
              "DownloadTime": 4985,
              "EventId": 1724,
              "HttpStatus": 200,
              "Size": 71,
              "URL": "http://10.100.22.24:8181/signal/dashboard/caseByStatus?_=1579237540919"
            },
            {
              "CompressionType": "",
              "DataType": "application/json",
              "DownloadTime": 4672,
              "EventId": 1722,
              "HttpStatus": 200,
              "Size": 85,
              "URL": "http://10.100.22.24:8181/signal/dashboard/sideBar?_=1579237540918"
            },
            {
              "CompressionType": "",
              "DataType": "application/json",
              "DownloadTime": 2328,
              "EventId": 1717,
              "HttpStatus": 200,
              "Size": 36817,
              "URL": "http://10.100.22.24:8181/signal/dashboard/signalList?_=1579237540927"
            },
            {
              "CompressionType": "gzip",
              "DataType": "image/x-icon",
              "DownloadTime": 359,
              "EventId": 1715,
              "HttpStatus": 200,
              "Size": 537,
              "URL": "http://10.100.22.24:8181/signal/assets/favicon-2ba00fd40faca3ac3c2e810a7412bceb.ico"
            },
            {
              "CompressionType": "",
              "DataType": "",
              "DownloadTime": 500,
              "EventId": 1713,
              "HttpStatus": 404,
              "Size": 0,
              "URL": "http://10.100.22.24:8181/signal/assets/apple-touch-icon-retina.png"
            },
            {
              "CompressionType": "",
              "DataType": "",
              "DownloadTime": 922,
              "EventId": 1711,
              "HttpStatus": 101,
              "Size": 5,
              "URL": "http://10.100.22.24:8181/signal/stomp/277/f1xh3ki3/websocket"
            },
            {
              "CompressionType": "",
              "DataType": "application/json",
              "DownloadTime": 344,
              "EventId": 1707,
              "HttpStatus": 200,
              "Size": 466,
              "URL": "http://10.100.22.24:8181/signal/dashboard/actionList?_=1579237540928"
            },
            {
              "CompressionType": "",
              "DataType": "application/json",
              "DownloadTime": 453,
              "EventId": 1704,
              "HttpStatus": 200,
              "Size": 13015,
              "URL": "http://10.100.22.24:8181/signal/dashboard/alertList?_=1579237540926"
            },
            {
              "CompressionType": "",
              "DataType": "application/json",
              "DownloadTime": 390,
              "EventId": 1702,
              "HttpStatus": 200,
              "Size": 2,
              "URL": "http://10.100.22.24:8181/signal/calendar/events"
            },
            {
              "CompressionType": "",
              "DataType": "application/json",
              "DownloadTime": 359,
              "EventId": 1700,
              "HttpStatus": 200,
              "Size": 76,
              "URL": "http://10.100.22.24:8181/signal/stomp/info"
            },
            {
              "CompressionType": "",
              "DataType": "application/json",
              "DownloadTime": 359,
              "EventId": 1696,
              "HttpStatus": 200,
              "Size": 26277,
              "URL": "http://10.100.22.24:8181/signal/inboxLog/forUser/8877?_=1579237540925"
            },
            {
              "CompressionType": "",
              "DataType": "application/json",
              "DownloadTime": 359,
              "EventId": 1694,
              "HttpStatus": 200,
              "Size": 167,
              "URL": "http://10.100.22.24:8181/signal/dashboard/getProductByStatus?type=Aggregate%20Case%20Alert&_=1579237540924"
            },
            {
              "CompressionType": "",
              "DataType": "application/json",
              "DownloadTime": 360,
              "EventId": 1692,
              "HttpStatus": 200,
              "Size": 2,
              "URL": "http://10.100.22.24:8181/signal/dashboard/ahaByStatus?_=1579237540921"
            },
            {
              "CompressionType": "",
              "DataType": "application/json",
              "DownloadTime": 359,
              "EventId": 1690,
              "HttpStatus": 200,
              "Size": 37,
              "URL": "http://10.100.22.24:8181/signal/dashboard/aggAlertByStatus?_=1579237540920"
            },
            {
              "CompressionType": "",
              "DataType": "font/woff2",
              "DownloadTime": 843,
              "EventId": 1676,
              "HttpStatus": 200,
              "Size": 169440,
              "URL": "http://10.100.22.24:8181/signal/assets/mdi-fonts/fonts/materialdesignicons-webfont-d1bdfb3838e2f78edf1ede85f56eabc9.woff2?v=3.2.89"
            },
            {
              "CompressionType": "",
              "DataType": "font/woff2",
              "DownloadTime": 813,
              "EventId": 1671,
              "HttpStatus": 200,
              "Size": 77160,
              "URL": "http://10.100.22.24:8181/signal/assets/fontawesome-webfont-af7ae505a9eed503f8b8e6982036873e.woff2?v=4.7.0"
            },
            {
              "CompressionType": "",
              "DataType": "text/html",
              "DownloadTime": 313,
              "EventId": 1669,
              "HttpStatus": 404,
              "Size": 1112,
              "URL": "http://10.100.22.24:8181/assets/i18n/dataTables_en.json"
            },
            {
              "CompressionType": "",
              "DataType": "text/html",
              "DownloadTime": 297,
              "EventId": 1667,
              "HttpStatus": 404,
              "Size": 1112,
              "URL": "http://10.100.22.24:8181/assets/i18n/dataTables_en.json"
            },
            {
              "CompressionType": "",
              "DataType": "text/html",
              "DownloadTime": 343,
              "EventId": 1665,
              "HttpStatus": 404,
              "Size": 1112,
              "URL": "http://10.100.22.24:8181/assets/i18n/dataTables_en.json"
            },
            {
              "CompressionType": "",
              "DataType": "font/woff",
              "DownloadTime": 906,
              "EventId": 1651,
              "HttpStatus": 200,
              "Size": 143628,
              "URL": "http://10.100.22.24:8181/signal/assets/Material-Design-Iconic-Font-a2a1ba89e7f9d29f7d5aee76e8b9f7ab.woff?v=1.0.1"
            },
            {
              "CompressionType": "",
              "DataType": "image/jpeg",
              "DownloadTime": 343,
              "EventId": 1649,
              "HttpStatus": 200,
              "Size": 1606,
              "URL": "http://10.100.22.24:8181/signal/assets/section-hd-bg-8eaf77fc4a1a47c48ca4b2e3d5a96340.jpg"
            },
            {
              "CompressionType": "",
              "DataType": "image/png",
              "DownloadTime": 890,
              "EventId": 1646,
              "HttpStatus": 200,
              "Size": 80381,
              "URL": "http://10.100.22.24:8181/signal/assets/bg2-a39cb4fbdd9436c08ad118995fc95c46.png"
            },
            {
              "CompressionType": "gzip",
              "DataType": "",
              "DownloadTime": 313,
              "EventId": 1644,
              "HttpStatus": 200,
              "Size": 1246,
              "URL": "http://10.100.22.24:8181/signal/assets/app/pvs/hbs-templates/dashboard_widget.hbs"
            },
            {
              "CompressionType": "",
              "DataType": "font/woff2",
              "DownloadTime": 313,
              "EventId": 1641,
              "HttpStatus": 200,
              "Size": 18028,
              "URL": "http://10.100.22.24:8181/signal/assets/glyphicons-halflings-regular-448c34a56d699c29117adc64c43affeb.woff2"
            },
            {
              "CompressionType": "",
              "DataType": "image/png",
              "DownloadTime": 297,
              "EventId": 1635,
              "HttpStatus": 200,
              "Size": 53624,
              "URL": "http://10.100.22.24:8181/signal/assets/left_bg-b4ea12efc891fcaf7bd4c4b3ba9828cf.png"
            },
            {
              "CompressionType": "gzip",
              "DataType": "application/json",
              "DownloadTime": 313,
              "EventId": 1633,
              "HttpStatus": 200,
              "Size": 3106,
              "URL": "http://10.100.22.24:8181/signal/assets/i18n/en.json"
            },
            {
              "CompressionType": "gzip",
              "DataType": "",
              "DownloadTime": 344,
              "EventId": 1631,
              "HttpStatus": 200,
              "Size": 780,
              "URL": "http://10.100.22.24:8181/signal/assets/app/pvs/hbs-templates/date_picker_template.hbs"
            },
            {
              "CompressionType": "gzip",
              "DataType": "application/javascript",
              "DownloadTime": 360,
              "EventId": 1629,
              "HttpStatus": 200,
              "Size": 2019,
              "URL": "http://10.100.22.24:8181/signal/assets/app/jquery.app-1aff8addfae2d2b238c1047c506c75b4.js"
            },
            {
              "CompressionType": "gzip",
              "DataType": "application/javascript",
              "DownloadTime": 297,
              "EventId": 1627,
              "HttpStatus": 200,
              "Size": 1398,
              "URL": "http://10.100.22.24:8181/signal/assets/app/jquery.core-9088768891f7d43af5ab8c8d642e5301.js"
            },
            {
              "CompressionType": "gzip",
              "DataType": "text/css",
              "DownloadTime": 704,
              "EventId": 1625,
              "HttpStatus": 200,
              "Size": 1517,
              "URL": "http://10.100.22.24:8181/signal/assets/app/pvs/bootstrap-datetimepicker-c0f52e788c9b52855aeb720838b56db9.css"
            },
            {
              "CompressionType": "gzip",
              "DataType": "application/javascript",
              "DownloadTime": 313,
              "EventId": 1623,
              "HttpStatus": 200,
              "Size": 2859,
              "URL": "http://10.100.22.24:8181/signal/assets/app/pvs/calendar-fc6eda81299841e4d5296e64fa1ce858.js"
            },
            {
              "CompressionType": "gzip",
              "DataType": "application/javascript",
              "DownloadTime": 328,
              "EventId": 1621,
              "HttpStatus": 200,
              "Size": 1621,
              "URL": "http://10.100.22.24:8181/signal/assets/app/pvs/pushNotification-901fe923ae1e5cbf77d556f25e065418.js"
            },
            {
              "CompressionType": "gzip",
              "DataType": "text/css",
              "DownloadTime": 500,
              "EventId": 1619,
              "HttpStatus": 200,
              "Size": 3176,
              "URL": "http://10.100.22.24:8181/signal/assets/vendorUi/fullcalendar.min-537e31219634a1a50bfc6c265c08a05f.css"
            },
            {
              "CompressionType": "gzip",
              "DataType": "text/css",
              "DownloadTime": 484,
              "EventId": 1617,
              "HttpStatus": 200,
              "Size": 573,
              "URL": "http://10.100.22.24:8181/signal/assets/vendorUi/fullcalendar.print-b8f18e9775afba153b4abfbc5f9baaf6.css"
            },
            {
              "CompressionType": "gzip",
              "DataType": "text/css",
              "DownloadTime": 343,
              "EventId": 1615,
              "HttpStatus": 200,
              "Size": 1218,
              "URL": "http://10.100.22.24:8181/signal/assets/dashboard-7d6d721454def651262f344c8062d5e4.css"
            },
            {
              "CompressionType": "gzip",
              "DataType": "application/javascript",
              "DownloadTime": 312,
              "EventId": 1612,
              "HttpStatus": 200,
              "Size": 9610,
              "URL": "http://10.100.22.24:8181/signal/assets/app/pvs/date-time/bootstrap-datetimepicker-5aa81b54c1dd973165b56d66567b57d6.js"
            },
            {
              "CompressionType": "gzip",
              "DataType": "application/javascript",
              "DownloadTime": 1063,
              "EventId": 1604,
              "HttpStatus": 200,
              "Size": 94906,
              "URL": "http://10.100.22.24:8181/signal/assets/app/pvs/dashboard/dashboard-7c3ebe508164986a823f76e4f031d18c.js"
            },
            {
              "CompressionType": "gzip",
              "DataType": "text/css",
              "DownloadTime": 469,
              "EventId": 1602,
              "HttpStatus": 200,
              "Size": 2218,
              "URL": "http://10.100.22.24:8181/signal/assets/vendorUi/gridstack.min-82a5fabd01f65ac4b5e87078091be104.css"
            },
            {
              "CompressionType": "gzip",
              "DataType": "application/javascript",
              "DownloadTime": 500,
              "EventId": 1600,
              "HttpStatus": 200,
              "Size": 907,
              "URL": "http://10.100.22.24:8181/signal/assets/vendorUi/gridstack/gridstack.jQueryUI.min-4850183e36adcd62a4e2c741ae857fc4.js"
            },
            {
              "CompressionType": "gzip",
              "DataType": "application/javascript",
              "DownloadTime": 484,
              "EventId": 1598,
              "HttpStatus": 200,
              "Size": 8743,
              "URL": "http://10.100.22.24:8181/signal/assets/vendorUi/gridstack/gridstack.min-8243969940fd3f8d9a2116948054084f.js"
            },
            {
              "CompressionType": "gzip",
              "DataType": "text/css",
              "DownloadTime": 359,
              "EventId": 1596,
              "HttpStatus": 200,
              "Size": 106,
              "URL": "http://10.100.22.24:8181/signal/assets/workflowModal-8863a855e0d38b1c16a0b929c87a1eb2.css"
            },
            {
              "CompressionType": "gzip",
              "DataType": "application/javascript",
              "DownloadTime": 453,
              "EventId": 1592,
              "HttpStatus": 200,
              "Size": 34179,
              "URL": "http://10.100.22.24:8181/signal/assets/vendorUi/fullcalendar.min-eadac4139211e13292deb9473e638d45.js"
            },
            {
              "CompressionType": "gzip",
              "DataType": "application/javascript",
              "DownloadTime": 313,
              "EventId": 1590,
              "HttpStatus": 200,
              "Size": 664,
              "URL": "http://10.100.22.24:8181/signal/assets/vendorUi/highcharts/modules/no-data-to-display-fc44762af3aab44deb8317659be156a6.js"
            },
            {
              "CompressionType": "gzip",
              "DataType": "application/javascript",
              "DownloadTime": 313,
              "EventId": 1588,
              "HttpStatus": 200,
              "Size": 2104,
              "URL": "http://10.100.22.24:8181/signal/assets/app/pvs/dashboard/dashboardWidget-24248f37a4de46fe75c68afd1bc9dca6.js"
            },
            {
              "CompressionType": "gzip",
              "DataType": "application/javascript",
              "DownloadTime": 328,
              "EventId": 1586,
              "HttpStatus": 200,
              "Size": 2999,
              "URL": "http://10.100.22.24:8181/signal/assets/app/pvs/actions/actions-512c6421ca405c7eabb6d90acbf71826.js"
            },
            {
              "CompressionType": "gzip",
              "DataType": "application/javascript",
              "DownloadTime": 328,
              "EventId": 1584,
              "HttpStatus": 200,
              "Size": 1618,
              "URL": "http://10.100.22.24:8181/signal/assets/app/pvs/userGroupSelect-553b5ae7ef103ca5f8b7f5bea948eebb.js"
            },
            {
              "CompressionType": "gzip",
              "DataType": "application/javascript",
              "DownloadTime": 296,
              "EventId": 1581,
              "HttpStatus": 200,
              "Size": 12764,
              "URL": "http://10.100.22.24:8181/signal/assets/spring-websocket-867783f03d5a8005372950a4b8cac2a4.js"
            },
            {
              "CompressionType": "gzip",
              "DataType": "application/javascript",
              "DownloadTime": 297,
              "EventId": 1579,
              "HttpStatus": 200,
              "Size": 1589,
              "URL": "http://10.100.22.24:8181/signal/assets/app/pvs/pvs_app_widget-1f7bb23afecbe0b5fa95eb23984df79b.js"
            },
            {
              "CompressionType": "gzip",
              "DataType": "application/javascript",
              "DownloadTime": 296,
              "EventId": 1577,
              "HttpStatus": 200,
              "Size": 325,
              "URL": "http://10.100.22.24:8181/signal/assets/app/pvs/menu-e9f9c79de11e89cfb0d2f7ae1cd80554.js"
            },
            {
              "CompressionType": "gzip",
              "DataType": "application/javascript",
              "DownloadTime": 328,
              "EventId": 1574,
              "HttpStatus": 200,
              "Size": 873,
              "URL": "http://10.100.22.24:8181/signal/assets/app/pvs/rxTitleOptions-1279146f661735d9e94cde274342b25c.js"
            },
            {
              "CompressionType": "gzip",
              "DataType": "application/javascript",
              "DownloadTime": 328,
              "EventId": 1572,
              "HttpStatus": 200,
              "Size": 20241,
              "URL": "http://10.100.22.24:8181/signal/assets/vendorUi/waves/waves-2d20efe8b7228bbc963944ac22c9667c.js"
            },
            {
              "CompressionType": "gzip",
              "DataType": "application/javascript",
              "DownloadTime": 297,
              "EventId": 1570,
              "HttpStatus": 200,
              "Size": 412,
              "URL": "http://10.100.22.24:8181/signal/assets/datatables/buttons.bootstrap-acac51d5cf162bd14f44ad66a6f275f5.js"
            },
            {
              "CompressionType": "gzip",
              "DataType": "application/javascript",
              "DownloadTime": 312,
              "EventId": 1567,
              "HttpStatus": 200,
              "Size": 5293,
              "URL": "http://10.100.22.24:8181/signal/assets/vendorUi/datatable/dataTables.buttons.min-99ef2a29fc5b51a6f8f392977c2e34b1.js"
            },
            {
              "CompressionType": "gzip",
              "DataType": "application/javascript",
              "DownloadTime": 297,
              "EventId": 1564,
              "HttpStatus": 200,
              "Size": 5795,
              "URL": "http://10.100.22.24:8181/signal/assets/bootstrap-multiselect/bootstrap-multiselect-7b500966794478e2792eea0659e0aa96.js"
            },
            {
              "CompressionType": "gzip",
              "DataType": "application/javascript",
              "DownloadTime": 297,
              "EventId": 1561,
              "HttpStatus": 200,
              "Size": 11998,
              "URL": "http://10.100.22.24:8181/signal/assets/vendorUi/bower_components/webcomponentsjs/webcomponents-lite-c806470ac3182eedbb9de677fde922de.js"
            },
            {
              "CompressionType": "gzip",
              "DataType": "application/javascript",
              "DownloadTime": 312,
              "EventId": 1559,
              "HttpStatus": 200,
              "Size": 309,
              "URL": "http://10.100.22.24:8181/signal/assets/vendorUi/jquery.ba-throttle-debounce-876f6988f0a240fd9c49f09c5d71b994.js"
            },
            {
              "CompressionType": "gzip",
              "DataType": "application/javascript",
              "DownloadTime": 297,
              "EventId": 1557,
              "HttpStatus": 200,
              "Size": 1404,
              "URL": "http://10.100.22.24:8181/signal/assets/common/jquery.core-2f63ea2ce21973031b9685e36eba0731.js"
            },
            {
              "CompressionType": "gzip",
              "DataType": "application/javascript",
              "DownloadTime": 313,
              "EventId": 1554,
              "HttpStatus": 200,
              "Size": 21231,
              "URL": "http://10.100.22.24:8181/signal/assets/vendorUi/handlebar/handlebars-v4.0.5-8ad4263f81c714ada4985affb687f12b.js"
            },
            {
              "CompressionType": "gzip",
              "DataType": "application/javascript",
              "DownloadTime": 297,
              "EventId": 1552,
              "HttpStatus": 200,
              "Size": 3007,
              "URL": "http://10.100.22.24:8181/signal/assets/vendorUi/bootstrap-switch/bootstrap-switch-732d14990dba7f4fff6b5b441177c905.js"
            },
            {
              "CompressionType": "gzip",
              "DataType": "application/javascript",
              "DownloadTime": 297,
              "EventId": 1550,
              "HttpStatus": 200,
              "Size": 579,
              "URL": "http://10.100.22.24:8181/signal/assets/vendorUi/counterup/jquery.counterup.min-86f52f47d4c325261bf7d36b09dcf216.js"
            },
            {
              "CompressionType": "gzip",
              "DataType": "application/javascript",
              "DownloadTime": 297,
              "EventId": 1548,
              "HttpStatus": 200,
              "Size": 2681,
              "URL": "http://10.100.22.24:8181/signal/assets/vendorUi/waypoints/lib/jquery.waypoints.min-4471999ef1b83a94d41d3cebb887c349.js"
            },
            {
              "CompressionType": "gzip",
              "DataType": "application/javascript",
              "DownloadTime": 297,
              "EventId": 1546,
              "HttpStatus": 200,
              "Size": 1156,
              "URL": "http://10.100.22.24:8181/signal/assets/vendorUi/bootstrapUploader/bootstrap-uploader-265e387a3ec58973abdfae04a79862b2.js"
            },
            {
              "CompressionType": "gzip",
              "DataType": "application/javascript",
              "DownloadTime": 313,
              "EventId": 1544,
              "HttpStatus": 200,
              "Size": 84,
              "URL": "http://10.100.22.24:8181/signal/assets/vendorUi/sweet-alert/rx-notify-db0528274130516c271389cccac65e17.js"
            },
            {
              "CompressionType": "gzip",
              "DataType": "application/javascript",
              "DownloadTime": 312,
              "EventId": 1541,
              "HttpStatus": 200,
              "Size": 5189,
              "URL": "http://10.100.22.24:8181/signal/assets/vendorUi/sweet-alert/sweet-alert.min-792598f1e6bac9b4f7cc6f060ae6b454.js"
            },
            {
              "CompressionType": "gzip",
              "DataType": "application/javascript",
              "DownloadTime": 297,
              "EventId": 1539,
              "HttpStatus": 200,
              "Size": 355,
              "URL": "http://10.100.22.24:8181/signal/assets/vendorUi/notifications/notify-metro-9a1cf25a956b601aedd486c779986df7.js"
            },
            {
              "CompressionType": "gzip",
              "DataType": "application/javascript",
              "DownloadTime": 313,
              "EventId": 1537,
              "HttpStatus": 200,
              "Size": 3422,
              "URL": "http://10.100.22.24:8181/signal/assets/vendorUi/notifyjs/dist/notify.min-1dba61fec15a5d71814b2c2cb69f65bf.js"
            },
            {
              "CompressionType": "gzip",
              "DataType": "application/javascript",
              "DownloadTime": 265,
              "EventId": 1535,
              "HttpStatus": 200,
              "Size": 1256,
              "URL": "http://10.100.22.24:8181/signal/assets/vendorUi/jquery/jquery.scrollTo.min-240b8d54661c5e0500b96b9594d60b62.js"
            },
            {
              "CompressionType": "gzip",
              "DataType": "application/javascript",
              "DownloadTime": 297,
              "EventId": 1533,
              "HttpStatus": 200,
              "Size": 1735,
              "URL": "http://10.100.22.24:8181/signal/assets/vendorUi/jquery/jquery.slimscroll-6a314b5f0344bf7ef8e1e0c948bb75f9.js"
            },
            {
              "CompressionType": "gzip",
              "DataType": "application/javascript",
              "DownloadTime": 282,
              "EventId": 1531,
              "HttpStatus": 200,
              "Size": 3258,
              "URL": "http://10.100.22.24:8181/signal/assets/vendorUi/jquery/jquery.blockUI-7aa9ac8e34d97a945dbf467d99fda834.js"
            },
            {
              "CompressionType": "gzip",
              "DataType": "application/javascript",
              "DownloadTime": 297,
              "EventId": 1529,
              "HttpStatus": 200,
              "Size": 15946,
              "URL": "http://10.100.22.24:8181/signal/assets/vendorUi/jquery/jquery.nicescroll-09e3ca9889499cfb15271ad8dc51f842.js"
            },
            {
              "CompressionType": "gzip",
              "DataType": "application/javascript",
              "DownloadTime": 297,
              "EventId": 1527,
              "HttpStatus": 200,
              "Size": 1323,
              "URL": "http://10.100.22.24:8181/signal/assets/vendorUi/mobile/detect-fd56173b9f1574612026ca4bd0f9ce20.js"
            },
            {
              "CompressionType": "gzip",
              "DataType": "application/javascript",
              "DownloadTime": 328,
              "EventId": 1525,
              "HttpStatus": 200,
              "Size": 2629,
              "URL": "http://10.100.22.24:8181/signal/assets/vendorUi/mobile/fastclick-c74606809464116f3413064b0e200023.js"
            },
            {
              "CompressionType": "gzip",
              "DataType": "application/javascript",
              "DownloadTime": 297,
              "EventId": 1523,
              "HttpStatus": 200,
              "Size": 1704,
              "URL": "http://10.100.22.24:8181/signal/assets/vendorUi/wow/wow.min-237e66d720861f3cc99ee444887b7c32.js"
            },
            {
              "CompressionType": "gzip",
              "DataType": "application/javascript",
              "DownloadTime": 297,
              "EventId": 1520,
              "HttpStatus": 200,
              "Size": 5862,
              "URL": "http://10.100.22.24:8181/signal/assets/vendorUi/multiselect/jquery.multi-select2.0-c2649a518d094dac8d3e66aaba1e4501.js"
            },
            {
              "CompressionType": "gzip",
              "DataType": "application/javascript",
              "DownloadTime": 297,
              "EventId": 1518,
              "HttpStatus": 200,
              "Size": 1136,
              "URL": "http://10.100.22.24:8181/signal/assets/vendorUi/spinner/spinner.min-6f6eab72fd2531bea7514cc0d9830665.js"
            },
            {
              "CompressionType": "gzip",
              "DataType": "application/javascript",
              "DownloadTime": 312,
              "EventId": 1516,
              "HttpStatus": 200,
              "Size": 284,
              "URL": "http://10.100.22.24:8181/signal/assets/vendorUi/datatables/datetime-moment-3fa3fc8eaf60abe3fae2bae2fb4328b0.js"
            },
            {
              "CompressionType": "gzip",
              "DataType": "application/javascript",
              "DownloadTime": 296,
              "EventId": 1513,
              "HttpStatus": 200,
              "Size": 12852,
              "URL": "http://10.100.22.24:8181/signal/assets/vendorUi/datatables/dataTables.fixedColumns.min-acc90a700b69150380759567188a8cd0.js"
            },
            {
              "CompressionType": "gzip",
              "DataType": "application/javascript",
              "DownloadTime": 297,
              "EventId": 1511,
              "HttpStatus": 200,
              "Size": 1038,
              "URL": "http://10.100.22.24:8181/signal/assets/vendorUi/datatables/dataTables.bootstrapPagination-d133da3f3570036f8532207affa78bd9.js"
            },
            {
              "CompressionType": "gzip",
              "DataType": "application/javascript",
              "DownloadTime": 312,
              "EventId": 1509,
              "HttpStatus": 200,
              "Size": 953,
              "URL": "http://10.100.22.24:8181/signal/assets/vendorUi/datatables/dataTables.bootstrap-93e0b2f3576484b422f6e4a29b3e6037.js"
            },
            {
              "CompressionType": "gzip",
              "DataType": "application/javascript",
              "DownloadTime": 296,
              "EventId": 1506,
              "HttpStatus": 200,
              "Size": 27953,
              "URL": "http://10.100.22.24:8181/signal/assets/datatables/jquery.dataTables_custom-8dad82f79087bc7c28eeb9b403e756b8.js"
            },
            {
              "CompressionType": "gzip",
              "DataType": "application/javascript",
              "DownloadTime": 547,
              "EventId": 1502,
              "HttpStatus": 200,
              "Size": 25858,
              "URL": "http://10.100.22.24:8181/signal/assets/vendorUi/fuelux/fuelux.min-d30fb133a2493fadc38faabf3f226bc4.js"
            },
            {
              "CompressionType": "gzip",
              "DataType": "application/javascript",
              "DownloadTime": 328,
              "EventId": 1499,
              "HttpStatus": 200,
              "Size": 18982,
              "URL": "http://10.100.22.24:8181/signal/assets/vendorUi/select2/select2-911832dffdffb9e7bafb38412a68f445.js"
            },
            {
              "CompressionType": "gzip",
              "DataType": "application/javascript",
              "DownloadTime": 562,
              "EventId": 1494,
              "HttpStatus": 200,
              "Size": 42281,
              "URL": "http://10.100.22.24:8181/signal/assets/vendorUi/moment/momentTimezones-with-data-c15ec3e27a3263556fdbb96b61f9206f.js"
            },
            {
              "CompressionType": "gzip",
              "DataType": "application/javascript",
              "DownloadTime": 610,
              "EventId": 1488,
              "HttpStatus": 200,
              "Size": 65035,
              "URL": "http://10.100.22.24:8181/signal/assets/vendorUi/moment/momentlocales-bd0407faadf015b0c0b0d49b831aeb7b.js"
            },
            {
              "CompressionType": "gzip",
              "DataType": "application/javascript",
              "DownloadTime": 531,
              "EventId": 1485,
              "HttpStatus": 200,
              "Size": 16444,
              "URL": "http://10.100.22.24:8181/signal/assets/vendorUi/moment/moment-434aaa1704890766125108c94efbb50c.js"
            },
            {
              "CompressionType": "gzip",
              "DataType": "application/javascript",
              "DownloadTime": 297,
              "EventId": 1482,
              "HttpStatus": 200,
              "Size": 4914,
              "URL": "http://10.100.22.24:8181/signal/assets/vendorUi/popover/popover.min-a48d28e289c6932042ffa0ab05e7bf68.js"
            },
            {
              "CompressionType": "gzip",
              "DataType": "application/javascript",
              "DownloadTime": 1250,
              "EventId": 1476,
              "HttpStatus": 200,
              "Size": 64206,
              "URL": "http://10.100.22.24:8181/signal/assets/vendorUi/jquery/jquery-2.2.4-986b7af813adeaf9e589ef20bcc97bb0.js"
            },
            {
              "CompressionType": "gzip",
              "DataType": "application/javascript",
              "DownloadTime": 296,
              "EventId": 1473,
              "HttpStatus": 200,
              "Size": 9839,
              "URL": "http://10.100.22.24:8181/signal/assets/vendorUi/bootstrap/bootstrap.min-3f6aa77f4768de267c35a96028599ce3.js"
            },
            {
              "CompressionType": "gzip",
              "DataType": "application/javascript",
              "DownloadTime": 593,
              "EventId": 1466,
              "HttpStatus": 200,
              "Size": 68070,
              "URL": "http://10.100.22.24:8181/signal/assets/vendorUi/jquery-ui/jquery-ui.min-b0582f2d27fdc676c34681e0c96aac0c.js"
            },
            {
              "CompressionType": "gzip",
              "DataType": "text/css",
              "DownloadTime": 1063,
              "EventId": 1463,
              "HttpStatus": 200,
              "Size": 25427,
              "URL": "http://10.100.22.24:8181/signal/assets/mdi-fonts/css/materialdesignicons-2f254cfdb2b23bcf596ab766574b3675.css"
            },
            {
              "CompressionType": "gzip",
              "DataType": "application/javascript",
              "DownloadTime": 344,
              "EventId": 1460,
              "HttpStatus": 200,
              "Size": 5829,
              "URL": "http://10.100.22.24:8181/signal/assets/vendorUi/underscore/underscore.min-e6d41cd714673035a7f8a65c30f3dcb1.js"
            },
            {
              "CompressionType": "gzip",
              "DataType": "application/javascript",
              "DownloadTime": 360,
              "EventId": 1458,
              "HttpStatus": 200,
              "Size": 407,
              "URL": "http://10.100.22.24:8181/signal/assets/vendorUi/jquery.i18n-61406922e05804e4abe8c8360ec862fa.js"
            },
            {
              "CompressionType": "gzip",
              "DataType": "application/javascript",
              "DownloadTime": 766,
              "EventId": 1456,
              "HttpStatus": 200,
              "Size": 6141,
              "URL": "http://10.100.22.24:8181/signal/assets/vendorUi/modernizr.min-23fa28ce275880746945a2305077eebc.js"
            },
            {
              "CompressionType": "gzip",
              "DataType": "text/css",
              "DownloadTime": 453,
              "EventId": 1454,
              "HttpStatus": 200,
              "Size": 707,
              "URL": "http://10.100.22.24:8181/signal/assets/app/pvs/pvs_508c-fd4a301235dfeff417d96bed64e8429d.css"
            },
            {
              "CompressionType": "gzip",
              "DataType": "text/css",
              "DownloadTime": 468,
              "EventId": 1452,
              "HttpStatus": 200,
              "Size": 9576,
              "URL": "http://10.100.22.24:8181/signal/assets/app/pvs/pvs_app_css-c2d58d18dbca625fbbade8faec60f573.css"
            },
            {
              "CompressionType": "gzip",
              "DataType": "text/css",
              "DownloadTime": 453,
              "EventId": 1450,
              "HttpStatus": 200,
              "Size": 605,
              "URL": "http://10.100.22.24:8181/signal/assets/theme_gradient_blue-82b8663def72c9ceff32d61e0b4a5253.css"
            },
            {
              "CompressionType": "",
              "DataType": "text/html",
              "DownloadTime": 1188,
              "EventId": 1437,
              "HttpStatus": 200,
              "Size": 78230,
              "URL": "http://10.100.22.24:8181/signal/"
            },
            {
              "CompressionType": "",
              "DataType": "",
              "DownloadTime": 390,
              "EventId": 1411,
              "HttpStatus": 302,
              "Size": 0,
              "URL": "http://10.100.22.24:8181/signal/login/authenticate"
            },
            {
              "CompressionType": "",
              "DataType": "image/jpeg",
              "DownloadTime": 2203,
              "EventId": 1270,
              "HttpStatus": 200,
              "Size": 546257,
              "URL": "http://10.100.22.24:8181/signal/assets/background-4c8c4fd7df1b6436735eac4cfed91698.jpg"
            },
            {
              "CompressionType": "",
              "DataType": "image/x-icon",
              "DownloadTime": 656,
              "EventId": 1260,
              "HttpStatus": 200,
              "Size": 21630,
              "URL": "http://10.100.22.24:8181/favicon.ico"
            },
            {
              "CompressionType": "",
              "DataType": "font/woff2",
              "DownloadTime": 891,
              "EventId": 1255,
              "HttpStatus": 200,
              "Size": 47016,
              "URL": "http://10.100.22.24:8181/signal/assets/OpenSans-Regular-55835483c304eaa8477fea2c36abba17.woff2?v=1.1.0"
            },
            {
              "CompressionType": "",
              "DataType": "image/png",
              "DownloadTime": 343,
              "EventId": 1253,
              "HttpStatus": 200,
              "Size": 3310,
              "URL": "http://10.100.22.24:8181/signal/assets/pv-signal-logo-61161afba9a8a8e20ebe65b7f0973c2a.png"
            },
            {
              "CompressionType": "gzip",
              "DataType": "text/css",
              "DownloadTime": 1172,
              "EventId": 1243,
              "HttpStatus": 200,
              "Size": 132815,
              "URL": "http://10.100.22.24:8181/signal/assets/application-b3f48b83f9b7c2d3cbf01ec2a4664551.css"
            },
            {
              "CompressionType": "gzip",
              "DataType": "application/javascript",
              "DownloadTime": 313,
              "EventId": 1241,
              "HttpStatus": 200,
              "Size": 4628,
              "URL": "http://10.100.22.24:8181/signal/assets/application-60c3bacc1cf9e35c43698ae86e662966.js"
            },
            {
              "CompressionType": "gzip",
              "DataType": "text/css",
              "DownloadTime": 313,
              "EventId": 1238,
              "HttpStatus": 200,
              "Size": 924,
              "URL": "http://10.100.22.24:8181/signal/assets/login-23162286b278bf1e48cb0201c9e9a644.css"
            },
            {
              "CompressionType": "",
              "DataType": "text/html",
              "DownloadTime": 297,
              "EventId": 1227,
              "HttpStatus": 200,
              "Size": 2397,
              "URL": "http://10.100.22.24:8181/signal/login/auth"
            },
            {
              "CompressionType": "",
              "DataType": "",
              "DownloadTime": 516,
              "EventId": 1175,
              "HttpStatus": 302,
              "Size": 0,
              "URL": "http://10.100.22.24:8181/signal/"
            }
          ],
          "SSLCipher": "None",
          "SSLVersion": "None"
        }
      ],
      "IncludeInScript": true
    }
  ],
  "WebSocket": {
    "IncludeInScript": false,
    "IsScriptIncludeWebSocket": true
  },
  "NumberOfCorrelations": 39
}